datetime,open,high,low,close,volume,open_interest
2024-01-02 08:45:00,17797.8,17798.1,17795.8,17797.2,1261,119251
2024-01-02 08:46:00,17797.2,17798.9,17796.8,17798.4,1334,120116
2024-01-02 08:47:00,17798.4,17803.8,17798.2,17802.5,1078,119492
2024-01-02 08:48:00,17802.5,17806.0,17802.4,17803.3,1268,120265
2024-01-02 08:49:00,17803.3,17804.0,17797.3,17798.2,1562,119879
2024-01-02 08:50:00,17798.2,17800.1,17796.7,17799.6,966,120284
2024-01-02 08:51:00,17799.6,17804.8,17793.0,17794.3,1025,120438
2024-01-02 08:52:00,17794.3,17799.0,17792.6,17796.6,999,119956
2024-01-02 08:53:00,17796.6,17796.8,17793.9,17795.6,1491,120174
2024-01-02 08:54:00,17795.6,17798.8,17794.3,17797.8,1084,119765
2024-01-02 08:55:00,17797.8,17800.1,17793.2,17799.6,1054,119450
2024-01-02 08:56:00,17799.6,17805.1,17798.6,17802.3,1550,120713
2024-01-02 08:57:00,17802.3,17805.1,17800.9,17801.9,1585,119278
2024-01-02 08:58:00,17801.9,17802.6,17801.3,17802.1,1517,120290
2024-01-02 08:59:00,17802.1,17811.4,17800.8,17810.2,1131,119584
2024-01-02 09:00:00,17810.2,17814.6,17810.0,17813.5,1524,119638
2024-01-02 09:01:00,17813.5,17817.2,17810.3,17812.5,1129,120207
2024-01-02 09:02:00,17812.5,17816.7,17812.0,17816.7,1350,120542
2024-01-02 09:03:00,17816.7,17820.3,17814.6,17819.8,1571,120190
2024-01-02 09:04:00,17819.8,17824.1,17815.9,17824.1,1192,120796
2024-01-02 09:05:00,17824.1,17825.5,17821.8,17824.5,1254,120711
2024-01-02 09:06:00,17824.5,17828.7,17819.7,17827.3,1513,120277
2024-01-02 09:07:00,17827.3,17828.6,17825.4,17825.4,1817,119472
2024-01-02 09:08:00,17825.4,17828.1,17823.0,17823.9,1190,120048
2024-01-02 09:09:00,17823.9,17824.4,17817.2,17819.6,1565,120001
2024-01-02 09:10:00,17819.6,17828.1,17816.8,17827.6,909,119938
2024-01-02 09:11:00,17827.6,17832.2,17824.2,17828.7,1597,120295
2024-01-02 09:12:00,17828.7,17835.5,17828.6,17834.1,1143,119375
2024-01-02 09:13:00,17834.1,17835.1,17830.0,17834.8,1116,120160
2024-01-02 09:14:00,17834.8,17835.5,17828.7,17829.3,1547,120724
2024-01-02 09:15:00,17829.3,17831.5,17828.2,17829.1,1455,120245
2024-01-02 09:16:00,17829.1,17831.4,17826.5,17826.7,1509,120637
2024-01-02 09:17:00,17826.7,17829.4,17822.4,17828.8,1373,119852
2024-01-02 09:18:00,17828.8,17832.1,17828.6,17829.2,1455,120597
2024-01-02 09:19:00,17829.2,17832.6,17826.8,17827.4,1368,119695
2024-01-02 09:20:00,17827.4,17831.7,17825.4,17830.4,1455,119901
2024-01-02 09:21:00,17830.4,17831.3,17825.2,17825.2,1076,120261
2024-01-02 09:22:00,17825.2,17828.1,17824.4,17827.0,1604,119643
2024-01-02 09:23:00,17827.0,17828.3,17822.4,17828.3,741,120347
2024-01-02 09:24:00,17828.3,17828.5,17823.4,17827.2,1297,121120
2024-01-02 09:25:00,17827.2,17827.9,17824.7,17825.7,1092,120031
2024-01-02 09:26:00,17825.7,17826.1,17820.5,17824.7,1900,119916
2024-01-02 09:27:00,17824.7,17832.8,17824.1,17830.8,2249,119565
2024-01-02 09:28:00,17830.8,17831.9,17824.6,17825.5,1508,120645
2024-01-02 09:29:00,17825.5,17828.7,17823.8,17824.6,1672,120232
2024-01-02 09:30:00,17824.6,17824.7,17815.0,17817.8,1937,120280
2024-01-02 09:31:00,17817.8,17821.4,17816.1,17818.9,1314,120251
2024-01-02 09:32:00,17818.9,17821.9,17816.6,17820.9,1066,119421
2024-01-02 09:33:00,17820.9,17827.8,17820.2,17823.2,1434,120761
2024-01-02 09:34:00,17823.2,17825.4,17822.4,17823.4,1076,119662
2024-01-02 09:35:00,17823.4,17830.7,17822.4,17828.8,2299,119983
2024-01-02 09:36:00,17828.8,17831.5,17828.3,17830.9,1994,120753
2024-01-02 09:37:00,17830.9,17831.7,17825.2,17826.0,1534,119325
2024-01-02 09:38:00,17826.0,17829.8,17818.0,17818.1,1269,120172
2024-01-02 09:39:00,17818.1,17820.6,17811.4,17815.4,1398,120185
2024-01-02 09:40:00,17815.4,17820.5,17815.1,17818.9,1704,119931
2024-01-02 09:41:00,17818.9,17820.0,17815.4,17816.6,650,120078
2024-01-02 09:42:00,17816.6,17818.2,17815.2,17817.5,1411,120858
2024-01-02 09:43:00,17817.5,17818.6,17816.3,17817.6,1279,119367
2024-01-02 09:44:00,17817.6,17817.7,17813.5,17817.2,1583,120517
2024-01-02 09:45:00,17817.2,17818.5,17812.4,17814.7,1393,120209
2024-01-02 09:46:00,17814.7,17818.7,17810.9,17812.0,729,120276
2024-01-02 09:47:00,17812.0,17812.0,17809.6,17810.6,1417,118980
2024-01-02 09:48:00,17810.6,17812.1,17803.9,17806.5,1870,120901
2024-01-02 09:49:00,17806.5,17808.1,17795.5,17799.3,1784,120126
2024-01-02 09:50:00,17799.3,17803.3,17794.0,17795.3,732,120146
2024-01-02 09:51:00,17795.3,17795.5,17791.8,17792.8,1712,119288
2024-01-02 09:52:00,17792.8,17797.5,17791.1,17793.9,1363,120101
2024-01-02 09:53:00,17793.9,17795.2,17791.3,17791.5,1016,120881
2024-01-02 09:54:00,17791.5,17794.6,17790.2,17794.2,1064,120615
2024-01-02 09:55:00,17794.2,17795.2,17793.4,17793.7,1484,119942
2024-01-02 09:56:00,17793.7,17796.8,17792.1,17796.4,1501,119941
2024-01-02 09:57:00,17796.4,17798.3,17791.9,17793.4,1004,120432
2024-01-02 09:58:00,17793.4,17796.5,17788.7,17793.2,1307,119225
2024-01-02 09:59:00,17793.2,17793.4,17788.9,17791.9,1224,120143
2024-01-02 10:00:00,17791.9,17793.4,17788.8,17790.3,1836,119920
2024-01-02 10:01:00,17790.3,17791.0,17785.5,17787.4,1094,120240
2024-01-02 10:02:00,17787.4,17791.4,17784.6,17789.9,1134,120566
2024-01-02 10:03:00,17789.9,17790.7,17784.8,17787.1,1546,120001
2024-01-02 10:04:00,17787.1,17788.3,17781.7,17783.0,1022,119675
2024-01-02 10:05:00,17783.0,17788.1,17782.3,17783.8,1352,119707
2024-01-02 10:06:00,17783.8,17788.7,17782.6,17787.5,1098,120347
2024-01-02 10:07:00,17787.5,17788.1,17780.9,17782.2,1320,120105
2024-01-02 10:08:00,17782.2,17784.6,17781.7,17782.3,1205,119394
2024-01-02 10:09:00,17782.3,17785.9,17779.4,17784.8,1075,120013
2024-01-02 10:10:00,17784.8,17785.0,17784.6,17784.6,785,120412
2024-01-02 10:11:00,17784.6,17789.2,17780.1,17786.9,1204,119981
2024-01-02 10:12:00,17786.9,17790.8,17783.4,17786.9,1445,119264
2024-01-02 10:13:00,17786.9,17791.0,17775.1,17777.9,1620,119565
2024-01-02 10:14:00,17777.9,17780.2,17775.9,17777.1,969,120658
2024-01-02 10:15:00,17777.1,17778.6,17773.4,17773.6,1307,120712
2024-01-02 10:16:00,17773.6,17776.5,17772.5,17774.0,1128,120362
2024-01-02 10:17:00,17774.0,17775.6,17772.3,17775.4,1141,119931
2024-01-02 10:18:00,17775.4,17779.1,17775.2,17776.0,1194,119477
2024-01-02 10:19:00,17776.0,17779.6,17775.3,17778.4,729,120521
2024-01-02 10:20:00,17778.4,17780.0,17771.6,17773.8,899,119960
2024-01-02 10:21:00,17773.8,17776.0,17771.1,17774.0,1749,119014
2024-01-02 10:22:00,17774.0,17775.6,17766.3,17769.0,1183,120064
2024-01-02 10:23:00,17769.0,17771.8,17768.8,17771.4,1066,120646
2024-01-02 10:24:00,17771.4,17772.1,17768.6,17769.6,1331,119915
2024-01-02 10:25:00,17769.6,17771.7,17767.5,17769.1,1724,120121
2024-01-02 10:26:00,17769.1,17773.3,17767.2,17771.6,1391,120106
2024-01-02 10:27:00,17771.6,17774.8,17769.7,17774.7,1307,119055
2024-01-02 10:28:00,17774.7,17775.5,17772.2,17774.6,1345,120464
2024-01-02 10:29:00,17774.6,17776.7,17771.8,17774.6,1009,119316
2024-01-02 10:30:00,17774.6,17777.3,17773.5,17776.9,1322,120522
2024-01-02 10:31:00,17776.9,17781.9,17776.3,17780.6,1140,119189
2024-01-02 10:32:00,17780.6,17785.3,17780.6,17782.9,1152,120545
2024-01-02 10:33:00,17782.9,17783.3,17774.4,17774.7,1128,120695
2024-01-02 10:34:00,17774.7,17778.6,17774.5,17778.1,1183,119743
2024-01-02 10:35:00,17778.1,17780.9,17771.5,17773.5,1539,119452
2024-01-02 10:36:00,17773.5,17784.8,17773.2,17780.8,1028,119566
2024-01-02 10:37:00,17780.8,17784.1,17780.8,17782.3,1626,119246
2024-01-02 10:38:00,17782.3,17792.4,17779.8,17789.3,875,119858
2024-01-02 10:39:00,17789.3,17789.8,17780.5,17785.7,1231,120901
2024-01-02 10:40:00,17785.7,17786.2,17778.8,17781.8,1491,119887
2024-01-02 10:41:00,17781.8,17789.0,17781.0,17788.6,1465,119746
2024-01-02 10:42:00,17788.6,17789.2,17783.5,17783.9,1349,120187
2024-01-02 10:43:00,17783.9,17784.7,17778.6,17782.1,967,120868
2024-01-02 10:44:00,17782.1,17783.6,17776.4,17781.3,1346,120685
2024-01-02 10:45:00,17781.3,17787.5,17781.0,17784.1,1142,119329
2024-01-02 10:46:00,17784.1,17784.3,17776.7,17777.9,1417,119847
2024-01-02 10:47:00,17777.9,17779.9,17774.0,17775.1,990,119898
2024-01-02 10:48:00,17775.1,17776.9,17774.6,17775.0,1071,119997
2024-01-02 10:49:00,17775.0,17777.2,17774.1,17776.8,804,119810
2024-01-02 10:50:00,17776.8,17779.1,17773.6,17777.8,1347,120603
2024-01-02 10:51:00,17777.8,17778.0,17776.3,17777.2,1374,120337
2024-01-02 10:52:00,17777.2,17777.7,17775.6,17777.4,1248,120626
2024-01-02 10:53:00,17777.4,17777.8,17775.7,17776.7,1536,119572
2024-01-02 10:54:00,17776.7,17781.8,17774.6,17779.9,1361,120065
2024-01-02 10:55:00,17779.9,17783.1,17779.1,17780.9,1432,119545
2024-01-02 10:56:00,17780.9,17786.6,17779.9,17785.3,1356,119607
2024-01-02 10:57:00,17785.3,17786.3,17784.2,17784.2,1337,119320
2024-01-02 10:58:00,17784.2,17786.2,17782.0,17784.8,1253,119071
2024-01-02 10:59:00,17784.8,17789.0,17784.7,17787.3,1001,119527
2024-01-02 11:00:00,17787.3,17792.1,17786.4,17786.7,1499,119844
2024-01-02 11:01:00,17786.7,17787.1,17784.3,17785.0,1628,120009
2024-01-02 11:02:00,17785.0,17785.9,17782.2,17782.6,1766,119839
2024-01-02 11:03:00,17782.6,17784.3,17774.7,17778.9,1398,119319
2024-01-02 11:04:00,17778.9,17782.9,17772.4,17774.6,1470,119344
2024-01-02 11:05:00,17774.6,17775.0,17767.8,17768.5,1429,120370
2024-01-02 11:06:00,17768.5,17771.1,17768.2,17768.4,1450,119708
2024-01-02 11:07:00,17768.4,17770.6,17762.6,17763.4,1177,120007
2024-01-02 11:08:00,17763.4,17767.5,17762.7,17767.0,1504,121073
2024-01-02 11:09:00,17767.0,17773.2,17764.8,17771.9,2425,119400
2024-01-02 11:10:00,17771.9,17773.3,17767.3,17770.6,1426,119286
2024-01-02 11:11:00,17770.6,17772.6,17769.9,17771.5,933,119637
2024-01-02 11:12:00,17771.5,17771.6,17768.9,17770.0,1520,119525
2024-01-02 11:13:00,17770.0,17771.5,17761.2,17763.9,1128,121170
2024-01-02 11:14:00,17763.9,17768.0,17762.3,17765.6,1373,119411
2024-01-02 11:15:00,17765.6,17775.9,17764.3,17774.0,1738,119945
2024-01-02 11:16:00,17774.0,17774.5,17769.7,17770.5,1562,120028
2024-01-02 11:17:00,17770.5,17770.6,17764.2,17765.6,645,119651
2024-01-02 11:18:00,17765.6,17766.7,17756.7,17760.6,1857,119713
2024-01-02 11:19:00,17760.6,17761.9,17756.8,17758.9,1174,119928
2024-01-02 11:20:00,17758.9,17766.9,17757.9,17766.6,1335,120289
2024-01-02 11:21:00,17766.6,17767.1,17760.7,17763.1,1216,120938
2024-01-02 11:22:00,17763.1,17765.8,17761.2,17765.7,1206,120525
2024-01-02 11:23:00,17765.7,17768.6,17760.9,17763.7,1212,120871
2024-01-02 11:24:00,17763.7,17766.1,17753.0,17756.7,1272,119913
2024-01-02 11:25:00,17756.7,17765.9,17752.8,17759.6,1130,120018
2024-01-02 11:26:00,17759.6,17760.0,17754.1,17756.4,1179,119576
2024-01-02 11:27:00,17756.4,17758.4,17753.6,17757.3,1103,119841
2024-01-02 11:28:00,17757.3,17758.0,17757.2,17757.4,831,120185
2024-01-02 11:29:00,17757.4,17759.4,17751.1,17754.2,1648,119929
2024-01-02 11:30:00,17754.2,17758.8,17750.8,17758.3,974,120378
2024-01-02 11:31:00,17758.3,17760.4,17755.2,17755.6,1246,119494
2024-01-02 11:32:00,17755.6,17756.5,17749.3,17754.4,1450,119594
2024-01-02 11:33:00,17754.4,17761.3,17751.3,17759.0,1656,119207
2024-01-02 11:34:00,17759.0,17760.2,17756.1,17756.8,803,120094
2024-01-02 11:35:00,17756.8,17759.4,17754.9,17756.1,2210,119177
2024-01-02 11:36:00,17756.1,17758.2,17753.7,17756.0,1546,120377
2024-01-02 11:37:00,17756.0,17757.5,17749.3,17753.3,1812,120254
2024-01-02 11:38:00,17753.3,17755.2,17750.9,17752.4,1592,119188
2024-01-02 11:39:00,17752.4,17752.8,17749.2,17749.9,1587,119495
2024-01-02 11:40:00,17749.9,17754.8,17748.5,17750.3,1561,119990
2024-01-02 11:41:00,17750.3,17756.6,17750.1,17753.0,1667,119562
2024-01-02 11:42:00,17753.0,17756.9,17751.5,17755.1,1629,119662
2024-01-02 11:43:00,17755.1,17755.1,17748.4,17752.3,1392,120467
2024-01-02 11:44:00,17752.3,17752.4,17747.4,17749.7,1128,120417
2024-01-02 11:45:00,17749.7,17752.6,17749.2,17749.6,1240,120638
2024-01-02 11:46:00,17749.6,17752.6,17744.7,17747.3,1424,118917
2024-01-02 11:47:00,17747.3,17748.3,17743.8,17747.5,1081,119709
2024-01-02 11:48:00,17747.5,17749.6,17742.9,17744.3,869,119484
2024-01-02 11:49:00,17744.3,17747.3,17735.5,17738.7,1143,119658
2024-01-02 11:50:00,17738.7,17739.6,17734.3,17734.4,1170,119768
2024-01-02 11:51:00,17734.4,17740.4,17733.4,17739.9,524,119673
2024-01-02 11:52:00,17739.9,17740.8,17731.6,17732.3,1097,120259
2024-01-02 11:53:00,17732.3,17733.5,17725.7,17728.8,1221,120209
2024-01-02 11:54:00,17728.8,17730.9,17724.9,17730.6,1175,119774
2024-01-02 11:55:00,17730.6,17734.2,17720.2,17721.0,947,120660
2024-01-02 11:56:00,17721.0,17725.5,17718.1,17725.3,1425,119689
2024-01-02 11:57:00,17725.3,17727.4,17716.9,17721.2,1470,120229
2024-01-02 11:58:00,17721.2,17729.0,17717.1,17728.4,1049,120032
2024-01-02 11:59:00,17728.4,17731.6,17724.5,17729.6,1201,120484
2024-01-02 12:00:00,17729.6,17738.8,17728.8,17735.0,1629,120855
2024-01-02 12:01:00,17735.0,17740.7,17733.4,17739.2,1063,119276
2024-01-02 12:02:00,17739.2,17743.4,17739.2,17742.7,1126,119803
2024-01-02 12:03:00,17742.7,17745.5,17742.5,17743.5,1373,119961
2024-01-02 12:04:00,17743.5,17745.1,17737.1,17740.9,1119,120617
2024-01-02 12:05:00,17740.9,17749.3,17739.4,17744.0,1109,120390
2024-01-02 12:06:00,17744.0,17745.6,17742.7,17744.7,1030,119626
2024-01-02 12:07:00,17744.7,17745.0,17740.1,17740.4,1351,119636
2024-01-02 12:08:00,17740.4,17745.4,17737.3,17743.5,1513,120092
2024-01-02 12:09:00,17743.5,17747.1,17742.2,17745.9,1686,120859
2024-01-02 12:10:00,17745.9,17752.9,17745.2,17752.8,1424,119998
2024-01-02 12:11:00,17752.8,17755.2,17752.4,17755.0,1827,120082
2024-01-02 12:12:00,17755.0,17757.0,17754.7,17755.2,1387,119968
2024-01-02 12:13:00,17755.2,17755.3,17748.7,17750.9,1363,119409
2024-01-02 12:14:00,17750.9,17755.7,17750.4,17754.2,1269,120208
2024-01-02 12:15:00,17754.2,17756.3,17747.0,17747.3,1403,119960
2024-01-02 12:16:00,17747.3,17747.5,17742.9,17743.8,979,120164
2024-01-02 12:17:00,17743.8,17746.2,17741.7,17743.0,1520,120160
2024-01-02 12:18:00,17743.0,17744.9,17737.1,17740.1,2163,119460
2024-01-02 12:19:00,17740.1,17740.8,17738.8,17739.3,1124,119065
2024-01-02 12:20:00,17739.3,17742.1,17735.6,17735.8,1094,119656
2024-01-02 12:21:00,17735.8,17737.8,17734.0,17736.6,1184,120112
2024-01-02 12:22:00,17736.6,17737.9,17731.1,17732.0,1422,120165
2024-01-02 12:23:00,17732.0,17732.4,17730.6,17731.3,1703,120467
2024-01-02 12:24:00,17731.3,17735.4,17729.2,17733.0,1100,119877
2024-01-02 12:25:00,17733.0,17736.4,17730.7,17734.6,1301,118993
2024-01-02 12:26:00,17734.6,17739.8,17731.4,17732.9,1135,119694
2024-01-02 12:27:00,17732.9,17733.7,17730.6,17731.8,1750,120607
2024-01-02 12:28:00,17731.8,17734.3,17724.6,17727.8,1055,120762
2024-01-02 12:29:00,17727.8,17729.0,17717.5,17720.0,1256,119909
2024-01-02 12:30:00,17720.0,17727.5,17719.8,17725.9,1488,119874
2024-01-02 12:31:00,17725.9,17726.0,17722.8,17723.0,1565,119528
2024-01-02 12:32:00,17723.0,17723.7,17721.1,17721.5,1244,119991
2024-01-02 12:33:00,17721.5,17723.1,17718.1,17719.0,971,120582
2024-01-02 12:34:00,17719.0,17722.3,17718.5,17719.8,1350,120381
2024-01-02 12:35:00,17719.8,17724.6,17718.4,17723.8,1118,119509
2024-01-02 12:36:00,17723.8,17724.4,17721.2,17721.2,1152,119630
2024-01-02 12:37:00,17721.2,17723.5,17719.1,17722.4,1254,119867
2024-01-02 12:38:00,17722.4,17724.1,17717.0,17718.7,1312,120065
2024-01-02 12:39:00,17718.7,17720.6,17716.9,17720.5,1796,120040
2024-01-02 12:40:00,17720.5,17723.8,17719.9,17722.1,961,120453
2024-01-02 12:41:00,17722.1,17725.7,17714.9,17716.6,1356,120025
2024-01-02 12:42:00,17716.6,17724.6,17714.3,17722.7,1120,119869
2024-01-02 12:43:00,17722.7,17723.0,17718.9,17719.2,1055,120801
2024-01-02 12:44:00,17719.2,17721.8,17713.6,17714.3,1237,120208
2024-01-02 12:45:00,17714.3,17716.4,17710.9,17712.2,1094,120262
2024-01-02 12:46:00,17712.2,17713.7,17709.3,17710.5,1612,120450
2024-01-02 12:47:00,17710.5,17714.8,17709.5,17713.2,1221,119084
2024-01-02 12:48:00,17713.2,17715.6,17712.4,17714.3,1458,119323
2024-01-02 12:49:00,17714.3,17715.0,17709.7,17710.7,1350,119422
2024-01-02 12:50:00,17710.7,17714.2,17706.4,17710.9,1514,119347
2024-01-02 12:51:00,17710.9,17713.7,17706.1,17708.9,1180,119794
2024-01-02 12:52:00,17708.9,17713.2,17708.4,17712.3,1527,120558
2024-01-02 12:53:00,17712.3,17714.6,17710.3,17713.8,1830,120330
2024-01-02 12:54:00,17713.8,17721.8,17712.1,17720.0,972,119443
2024-01-02 12:55:00,17720.0,17723.3,17718.6,17719.8,1560,119667
2024-01-02 12:56:00,17719.8,17724.4,17718.8,17721.7,1607,120104
2024-01-02 12:57:00,17721.7,17726.1,17719.1,17722.7,1036,120658
2024-01-02 12:58:00,17722.7,17722.7,17720.5,17720.5,1621,119435
2024-01-02 12:59:00,17720.5,17723.2,17718.9,17722.1,1236,120501
2024-01-02 13:00:00,17722.1,17724.4,17718.9,17719.6,879,120203
2024-01-02 13:01:00,17719.6,17721.0,17718.2,17720.3,1227,119278
2024-01-02 13:02:00,17720.3,17728.4,17718.9,17726.2,1643,120292
2024-01-02 13:03:00,17726.2,17731.7,17725.6,17728.7,986,120422
2024-01-02 13:04:00,17728.7,17732.1,17726.2,17731.5,1671,120287
2024-01-02 13:05:00,17731.5,17733.0,17723.8,17726.7,1155,119438
2024-01-02 13:06:00,17726.7,17728.3,17723.2,17724.4,1517,120147
2024-01-02 13:07:00,17724.4,17728.8,17723.7,17726.6,1323,120269
2024-01-02 13:08:00,17726.6,17734.4,17723.9,17732.6,1605,120528
2024-01-02 13:09:00,17732.6,17734.4,17725.9,17726.4,1316,119736
2024-01-02 13:10:00,17726.4,17727.2,17723.2,17724.9,850,120109
2024-01-02 13:11:00,17724.9,17726.8,17722.1,17722.9,1201,119670
2024-01-02 13:12:00,17722.9,17723.5,17720.2,17720.2,972,119579
2024-01-02 13:13:00,17720.2,17721.0,17717.5,17719.6,1446,119587
2024-01-02 13:14:00,17719.6,17731.0,17718.0,17729.1,1358,119548
2024-01-02 13:15:00,17729.1,17735.6,17728.4,17732.0,1351,119741
2024-01-02 13:16:00,17732.0,17734.9,17730.2,17732.0,1028,120772
2024-01-02 13:17:00,17732.0,17737.1,17730.7,17736.1,1319,119602
2024-01-02 13:18:00,17736.1,17738.4,17731.6,17737.7,1577,120095
2024-01-02 13:19:00,17737.7,17741.8,17737.4,17741.5,1634,120193
2024-01-02 13:20:00,17741.5,17749.0,17741.2,17742.5,1350,120867
2024-01-02 13:21:00,17742.5,17744.6,17736.8,17739.7,1460,120312
2024-01-02 13:22:00,17739.7,17745.0,17737.7,17742.3,1659,119951
2024-01-02 13:23:00,17742.3,17743.8,17741.6,17742.4,1492,119456
2024-01-02 13:24:00,17742.4,17744.8,17740.5,17741.8,1459,119950
2024-01-02 13:25:00,17741.8,17746.0,17740.1,17742.8,1159,120064
2024-01-02 13:26:00,17742.8,17748.3,17740.4,17746.7,1337,120014
2024-01-02 13:27:00,17746.7,17751.2,17745.6,17748.7,1318,120518
2024-01-02 13:28:00,17748.7,17749.4,17747.2,17747.9,1282,119413
2024-01-02 13:29:00,17747.9,17750.5,17747.1,17747.3,1038,120357
2024-01-02 13:30:00,17747.3,17751.5,17740.8,17740.8,1354,120110
2024-01-02 13:31:00,17740.8,17741.1,17734.8,17737.6,1365,119192
2024-01-02 13:32:00,17737.6,17738.2,17733.6,17737.1,1143,120394
2024-01-02 13:33:00,17737.1,17745.5,17736.4,17742.5,929,119327
2024-01-02 13:34:00,17742.5,17749.5,17740.9,17748.1,1365,120320
2024-01-02 13:35:00,17748.1,17753.3,17746.9,17748.8,402,119854
2024-01-02 13:36:00,17748.8,17749.2,17746.2,17746.2,1104,119457
2024-01-02 13:37:00,17746.2,17752.2,17744.8,17751.0,1503,120337
2024-01-02 13:38:00,17751.0,17757.5,17749.4,17755.4,1117,120577
2024-01-02 13:39:00,17755.4,17759.9,17754.6,17754.7,764,119891
2024-01-02 13:40:00,17754.7,17755.5,17751.5,17754.5,965,119577
2024-01-02 13:41:00,17754.5,17757.1,17752.2,17753.6,1158,120636
2024-01-02 13:42:00,17753.6,17755.0,17748.5,17748.9,1370,120319
2024-01-02 13:43:00,17748.9,17750.5,17746.5,17746.5,2023,119847
2024-01-02 13:44:00,17746.5,17752.2,17744.1,17750.9,1708,119469
2024-01-02 13:45:00,17750.9,17752.6,17741.0,17743.1,1315,119869
2024-01-03 08:45:00,17766.9,17770.7,17765.4,17769.4,927,119720
2024-01-03 08:46:00,17769.4,17773.8,17763.3,17765.7,1666,119451
2024-01-03 08:47:00,17765.7,17768.0,17762.0,17763.8,1300,120245
2024-01-03 08:48:00,17763.8,17766.1,17761.4,17763.4,1551,119971
2024-01-03 08:49:00,17763.4,17772.4,17761.2,17766.1,1151,121086
2024-01-03 08:50:00,17766.1,17766.1,17763.0,17764.3,1037,120436
2024-01-03 08:51:00,17764.3,17766.9,17760.5,17762.0,1448,119637
2024-01-03 08:52:00,17762.0,17762.6,17757.2,17761.3,1134,120469
2024-01-03 08:53:00,17761.3,17763.9,17755.6,17756.9,1396,119426
2024-01-03 08:54:00,17756.9,17759.5,17754.6,17758.6,1706,120626
2024-01-03 08:55:00,17758.6,17761.7,17755.9,17759.3,908,119780
2024-01-03 08:56:00,17759.3,17762.8,17756.1,17761.9,1298,119154
2024-01-03 08:57:00,17761.9,17762.2,17760.2,17760.9,1723,119876
2024-01-03 08:58:00,17760.9,17761.8,17753.6,17755.9,1809,120135
2024-01-03 08:59:00,17755.9,17758.0,17746.2,17751.0,698,120451
2024-01-03 09:00:00,17751.0,17753.0,17750.3,17752.7,1447,119653
2024-01-03 09:01:00,17752.7,17760.3,17748.8,17757.6,1758,119406
2024-01-03 09:02:00,17757.6,17760.4,17756.6,17757.6,1251,119798
2024-01-03 09:03:00,17757.6,17762.9,17757.6,17761.7,1462,119896
2024-01-03 09:04:00,17761.7,17764.4,17755.6,17758.6,946,119139
2024-01-03 09:05:00,17758.6,17759.2,17756.0,17756.1,1052,119490
2024-01-03 09:06:00,17756.1,17758.9,17750.2,17752.6,1514,119297
2024-01-03 09:07:00,17752.6,17753.9,17747.8,17752.7,760,120096
2024-01-03 09:08:00,17752.7,17754.2,17750.9,17751.5,1346,119465
2024-01-03 09:09:00,17751.5,17753.8,17748.9,17753.0,1117,120735
2024-01-03 09:10:00,17753.0,17757.0,17751.3,17752.3,1275,119558
2024-01-03 09:11:00,17752.3,17756.5,17750.3,17755.6,1275,120375
2024-01-03 09:12:00,17755.6,17758.9,17753.5,17758.0,1575,120010
2024-01-03 09:13:00,17758.0,17765.9,17756.5,17765.0,1070,119796
2024-01-03 09:14:00,17765.0,17767.7,17762.6,17765.3,1267,119961
2024-01-03 09:15:00,17765.3,17768.3,17764.5,17766.0,1504,119927
2024-01-03 09:16:00,17766.0,17766.5,17761.2,17765.3,1319,119680
2024-01-03 09:17:00,17765.3,17769.1,17761.2,17762.1,736,120435
2024-01-03 09:18:00,17762.1,17765.4,17759.9,17761.2,1526,119702
2024-01-03 09:19:00,17761.2,17762.0,17760.0,17760.3,790,119977
2024-01-03 09:20:00,17760.3,17766.2,17757.9,17758.3,1163,120494
2024-01-03 09:21:00,17758.3,17758.8,17756.0,17757.8,1766,119686
2024-01-03 09:22:00,17757.8,17761.3,17757.2,17759.1,1299,120293
2024-01-03 09:23:00,17759.1,17763.6,17758.7,17761.5,1016,119627
2024-01-03 09:24:00,17761.5,17763.9,17756.0,17759.2,2081,119971
2024-01-03 09:25:00,17759.2,17761.1,17753.0,17756.3,838,119841
2024-01-03 09:26:00,17756.3,17759.8,17752.2,17754.3,1630,120656
2024-01-03 09:27:00,17754.3,17755.2,17750.6,17753.7,1273,119892
2024-01-03 09:28:00,17753.7,17754.5,17743.9,17744.7,791,119293
2024-01-03 09:29:00,17744.7,17745.7,17741.4,17742.0,1012,119496
2024-01-03 09:30:00,17742.0,17744.1,17741.8,17743.1,1231,120228
2024-01-03 09:31:00,17743.1,17744.8,17742.4,17742.6,1566,120623
2024-01-03 09:32:00,17742.6,17744.4,17733.9,17737.5,1008,119984
2024-01-03 09:33:00,17737.5,17738.3,17735.2,17736.2,1099,120656
2024-01-03 09:34:00,17736.2,17736.5,17731.2,17733.2,1886,119743
2024-01-03 09:35:00,17733.2,17736.4,17730.0,17735.9,1013,119397
2024-01-03 09:36:00,17735.9,17736.8,17734.1,17734.2,1683,120211
2024-01-03 09:37:00,17734.2,17744.0,17732.6,17743.5,1424,120753
2024-01-03 09:38:00,17743.5,17745.2,17738.9,17742.1,1083,119962
2024-01-03 09:39:00,17742.1,17744.8,17740.4,17743.9,1849,119885
2024-01-03 09:40:00,17743.9,17751.0,17743.5,17750.0,1539,119896
2024-01-03 09:41:00,17750.0,17751.4,17746.3,17746.8,1100,120044
2024-01-03 09:42:00,17746.8,17747.9,17738.6,17738.9,1146,119503
2024-01-03 09:43:00,17738.9,17739.1,17732.9,17735.8,880,119861
2024-01-03 09:44:00,17735.8,17739.9,17735.7,17739.3,1164,120006
2024-01-03 09:45:00,17739.3,17743.6,17737.5,17738.9,715,120645
2024-01-03 09:46:00,17738.9,17743.4,17737.3,17741.8,2034,119688
2024-01-03 09:47:00,17741.8,17747.1,17741.3,17746.3,968,119722
2024-01-03 09:48:00,17746.3,17751.0,17743.9,17745.0,1203,120229
2024-01-03 09:49:00,17745.0,17750.9,17740.2,17743.5,1020,120352
2024-01-03 09:50:00,17743.5,17753.7,17739.8,17751.7,1024,120646
2024-01-03 09:51:00,17751.7,17756.5,17748.2,17752.0,1105,121467
2024-01-03 09:52:00,17752.0,17752.6,17744.5,17748.1,1079,119679
2024-01-03 09:53:00,17748.1,17749.4,17747.3,17748.5,1076,120098
2024-01-03 09:54:00,17748.5,17753.8,17747.9,17750.8,924,120014
2024-01-03 09:55:00,17750.8,17753.4,17745.2,17748.6,1467,119467
2024-01-03 09:56:00,17748.6,17754.6,17748.1,17753.0,1451,119831
2024-01-03 09:57:00,17753.0,17755.5,17751.6,17755.4,1317,118759
2024-01-03 09:58:00,17755.4,17758.4,17750.7,17753.6,1331,119936
2024-01-03 09:59:00,17753.6,17754.9,17751.3,17752.4,1006,120330
2024-01-03 10:00:00,17752.4,17758.7,17752.1,17756.7,1439,120361
2024-01-03 10:01:00,17756.7,17757.8,17754.3,17755.3,1415,120214
2024-01-03 10:02:00,17755.3,17758.0,17753.0,17755.2,1491,119389
2024-01-03 10:03:00,17755.2,17756.7,17754.0,17756.0,1308,120838
2024-01-03 10:04:00,17756.0,17757.6,17753.1,17757.0,1453,120568
2024-01-03 10:05:00,17757.0,17761.5,17756.1,17759.1,909,119977
2024-01-03 10:06:00,17759.1,17762.4,17758.1,17761.0,1280,120182
2024-01-03 10:07:00,17761.0,17767.4,17759.7,17765.4,1418,119487
2024-01-03 10:08:00,17765.4,17765.6,17759.5,17761.6,1418,120280
2024-01-03 10:09:00,17761.6,17764.5,17754.1,17756.3,1289,119343
2024-01-03 10:10:00,17756.3,17759.9,17750.4,17759.4,1675,120173
2024-01-03 10:11:00,17759.4,17759.9,17758.7,17758.9,868,120463
2024-01-03 10:12:00,17758.9,17765.3,17757.6,17759.8,1051,120490
2024-01-03 10:13:00,17759.8,17762.8,17756.5,17759.7,977,120533
2024-01-03 10:14:00,17759.7,17761.8,17756.3,17757.4,1072,120269
2024-01-03 10:15:00,17757.4,17764.5,17756.8,17761.3,1304,120041
2024-01-03 10:16:00,17761.3,17764.5,17760.1,17764.2,966,119087
2024-01-03 10:17:00,17764.2,17764.2,17761.1,17762.9,1186,121161
2024-01-03 10:18:00,17762.9,17763.9,17761.9,17762.6,1008,120104
2024-01-03 10:19:00,17762.6,17764.0,17755.3,17755.4,1363,120077
2024-01-03 10:20:00,17755.4,17757.2,17747.8,17751.0,1448,119701
2024-01-03 10:21:00,17751.0,17753.3,17747.1,17752.4,1633,120205
2024-01-03 10:22:00,17752.4,17756.0,17750.7,17750.9,1038,119389
2024-01-03 10:23:00,17750.9,17751.6,17746.3,17747.8,1573,120575
2024-01-03 10:24:00,17747.8,17750.0,17743.3,17748.4,1573,120801
2024-01-03 10:25:00,17748.4,17749.9,17741.6,17743.1,496,120036
2024-01-03 10:26:00,17743.1,17749.0,17742.7,17748.0,1043,119754
2024-01-03 10:27:00,17748.0,17751.4,17745.6,17749.0,724,120161
2024-01-03 10:28:00,17749.0,17751.9,17745.7,17747.2,674,118788
2024-01-03 10:29:00,17747.2,17748.3,17743.4,17743.7,1309,120336
2024-01-03 10:30:00,17743.7,17747.3,17738.5,17739.0,1191,119948
2024-01-03 10:31:00,17739.0,17739.3,17733.7,17736.7,813,119387
2024-01-03 10:32:00,17736.7,17742.1,17736.3,17739.0,921,118999
2024-01-03 10:33:00,17739.0,17742.4,17734.6,17739.9,2002,120113
2024-01-03 10:34:00,17739.9,17741.8,17737.6,17741.6,1299,120031
2024-01-03 10:35:00,17741.6,17747.6,17737.3,17746.3,808,119722
2024-01-03 10:36:00,17746.3,17748.0,17742.2,17743.2,1480,119415
2024-01-03 10:37:00,17743.2,17747.8,17739.6,17742.8,736,120182
2024-01-03 10:38:00,17742.8,17746.7,17740.6,17745.7,1498,120050
2024-01-03 10:39:00,17745.7,17748.0,17741.1,17747.7,1025,119752
2024-01-03 10:40:00,17747.7,17750.9,17744.9,17749.5,1689,119270
2024-01-03 10:41:00,17749.5,17750.1,17748.1,17749.5,1639,118826
2024-01-03 10:42:00,17749.5,17751.3,17745.2,17746.9,1765,120387
2024-01-03 10:43:00,17746.9,17756.3,17746.6,17751.8,885,119812
2024-01-03 10:44:00,17751.8,17752.9,17749.1,17752.7,706,119582
2024-01-03 10:45:00,17752.7,17756.0,17745.5,17747.5,1354,120778
2024-01-03 10:46:00,17747.5,17751.8,17745.6,17751.6,1597,119654
2024-01-03 10:47:00,17751.6,17753.9,17747.2,17747.4,1679,120026
2024-01-03 10:48:00,17747.4,17751.9,17746.6,17751.7,2116,120910
2024-01-03 10:49:00,17751.7,17754.1,17748.5,17752.4,1420,119872
2024-01-03 10:50:00,17752.4,17754.7,17751.5,17754.1,1642,120157
2024-01-03 10:51:00,17754.1,17755.6,17750.4,17751.5,978,120359
2024-01-03 10:52:00,17751.5,17754.1,17750.0,17754.0,767,119438
2024-01-03 10:53:00,17754.0,17754.1,17747.4,17748.3,1023,120436
2024-01-03 10:54:00,17748.3,17748.9,17747.2,17748.8,1610,119198
2024-01-03 10:55:00,17748.8,17754.9,17747.2,17751.3,1603,120345
2024-01-03 10:56:00,17751.3,17753.9,17748.4,17753.6,837,119847
2024-01-03 10:57:00,17753.6,17757.8,17751.5,17753.7,1611,119619
2024-01-03 10:58:00,17753.7,17762.6,17751.7,17761.6,2003,119286
2024-01-03 10:59:00,17761.6,17762.1,17756.6,17758.6,1458,120138
2024-01-03 11:00:00,17758.6,17762.8,17755.3,17759.0,1709,119587
2024-01-03 11:01:00,17759.0,17767.9,17754.4,17764.1,1242,119418
2024-01-03 11:02:00,17764.1,17765.3,17760.6,17765.2,1520,119538
2024-01-03 11:03:00,17765.2,17772.2,17764.7,17770.3,1310,119878
2024-01-03 11:04:00,17770.3,17776.5,17766.8,17768.7,1316,120495
2024-01-03 11:05:00,17768.7,17769.9,17764.7,17767.3,1657,120356
2024-01-03 11:06:00,17767.3,17772.0,17766.3,17769.0,1385,119830
2024-01-03 11:07:00,17769.0,17769.1,17762.4,17764.2,1324,120031
2024-01-03 11:08:00,17764.2,17765.9,17762.9,17763.0,1458,120209
2024-01-03 11:09:00,17763.0,17768.4,17762.3,17766.5,1576,120076
2024-01-03 11:10:00,17766.5,17771.9,17765.6,17770.5,1564,119871
2024-01-03 11:11:00,17770.5,17777.5,17768.3,17773.8,1986,119224
2024-01-03 11:12:00,17773.8,17774.3,17771.1,17771.9,1411,119815
2024-01-03 11:13:00,17771.9,17777.7,17771.1,17775.8,996,120273
2024-01-03 11:14:00,17775.8,17778.8,17775.7,17778.1,1720,119725
2024-01-03 11:15:00,17778.1,17779.4,17775.8,17776.8,1555,119857
2024-01-03 11:16:00,17776.8,17779.3,17771.4,17772.2,1537,120396
2024-01-03 11:17:00,17772.2,17773.3,17765.7,17765.9,987,121095
2024-01-03 11:18:00,17765.9,17768.5,17760.7,17766.8,1125,119801
2024-01-03 11:19:00,17766.8,17774.6,17766.6,17772.0,1313,120485
2024-01-03 11:20:00,17772.0,17775.3,17770.1,17773.4,1553,119474
2024-01-03 11:21:00,17773.4,17774.5,17768.7,17771.0,1619,119838
2024-01-03 11:22:00,17771.0,17773.1,17769.3,17770.0,1745,120374
2024-01-03 11:23:00,17770.0,17772.0,17763.1,17764.4,1150,119723
2024-01-03 11:24:00,17764.4,17767.0,17761.2,17761.4,1185,120570
2024-01-03 11:25:00,17761.4,17763.3,17759.8,17761.1,1703,119632
2024-01-03 11:26:00,17761.1,17762.1,17752.5,17755.2,1792,119306
2024-01-03 11:27:00,17755.2,17758.1,17752.3,17754.0,1145,119608
2024-01-03 11:28:00,17754.0,17754.5,17750.4,17753.4,1253,119325
2024-01-03 11:29:00,17753.4,17758.9,17752.9,17756.9,1531,120025
2024-01-03 11:30:00,17756.9,17757.0,17750.3,17752.6,1109,119530
2024-01-03 11:31:00,17752.6,17754.2,17750.0,17753.8,1024,119998
2024-01-03 11:32:00,17753.8,17755.6,17749.4,17755.4,1686,120886
2024-01-03 11:33:00,17755.4,17762.0,17754.1,17761.0,1103,120094
2024-01-03 11:34:00,17761.0,17761.2,17754.1,17757.0,1475,119822
2024-01-03 11:35:00,17757.0,17760.1,17756.1,17759.7,1552,119413
2024-01-03 11:36:00,17759.7,17760.8,17757.3,17758.8,1277,120135
2024-01-03 11:37:00,17758.8,17765.3,17756.9,17760.6,1334,120506
2024-01-03 11:38:00,17760.6,17765.2,17760.2,17762.6,1330,119750
2024-01-03 11:39:00,17762.6,17764.3,17760.0,17761.1,1242,119674
2024-01-03 11:40:00,17761.1,17764.8,17760.2,17761.2,1353,120223
2024-01-03 11:41:00,17761.2,17762.2,17757.6,17759.6,1253,120993
2024-01-03 11:42:00,17759.6,17760.0,17752.4,17754.6,1063,119605
2024-01-03 11:43:00,17754.6,17756.2,17750.7,17752.9,1483,119279
2024-01-03 11:44:00,17752.9,17755.6,17750.6,17751.5,1381,120315
2024-01-03 11:45:00,17751.5,17754.8,17748.7,17753.5,988,119964
2024-01-03 11:46:00,17753.5,17757.3,17752.4,17755.8,1691,119749
2024-01-03 11:47:00,17755.8,17758.3,17751.0,17751.0,1135,120017
2024-01-03 11:48:00,17751.0,17753.1,17747.8,17749.5,1393,120270
2024-01-03 11:49:00,17749.5,17751.7,17744.8,17749.7,949,119980
2024-01-03 11:50:00,17749.7,17751.6,17747.0,17748.2,1006,120108
2024-01-03 11:51:00,17748.2,17748.8,17746.5,17748.6,1242,120613
2024-01-03 11:52:00,17748.6,17752.5,17748.5,17750.5,789,119766
2024-01-03 11:53:00,17750.5,17753.1,17747.7,17750.0,1427,119571
2024-01-03 11:54:00,17750.0,17751.0,17749.5,17750.5,929,120231
2024-01-03 11:55:00,17750.5,17752.1,17747.4,17750.4,961,121823
2024-01-03 11:56:00,17750.4,17750.9,17746.4,17747.3,1005,120863
2024-01-03 11:57:00,17747.3,17747.6,17743.4,17747.0,1062,119756
2024-01-03 11:58:00,17747.0,17749.8,17745.3,17745.8,1441,120091
2024-01-03 11:59:00,17745.8,17749.9,17745.2,17748.1,1227,120610
2024-01-03 12:00:00,17748.1,17750.9,17745.3,17745.7,1529,120913
2024-01-03 12:01:00,17745.7,17746.1,17737.0,17737.8,1812,119796
2024-01-03 12:02:00,17737.8,17750.4,17737.1,17747.3,1184,120252
2024-01-03 12:03:00,17747.3,17748.2,17741.7,17745.3,1332,119251
2024-01-03 12:04:00,17745.3,17745.5,17740.5,17740.8,1608,119323
2024-01-03 12:05:00,17740.8,17742.9,17740.2,17742.2,1058,119960
2024-01-03 12:06:00,17742.2,17746.1,17740.5,17745.3,1217,120862
2024-01-03 12:07:00,17745.3,17745.8,17742.1,17745.4,871,120190
2024-01-03 12:08:00,17745.4,17746.0,17743.3,17744.6,1254,119688
2024-01-03 12:09:00,17744.6,17746.1,17740.9,17745.7,1093,120559
2024-01-03 12:10:00,17745.7,17746.6,17740.3,17742.0,1677,120218
2024-01-03 12:11:00,17742.0,17742.9,17739.8,17742.4,1720,120694
2024-01-03 12:12:00,17742.4,17742.5,17741.0,17742.3,1247,119899
2024-01-03 12:13:00,17742.3,17743.0,17739.7,17740.6,1518,119835
2024-01-03 12:14:00,17740.6,17741.9,17736.1,17739.1,1768,120254
2024-01-03 12:15:00,17739.1,17743.2,17736.2,17742.1,1343,120726
2024-01-03 12:16:00,17742.1,17742.2,17741.0,17742.1,1323,120112
2024-01-03 12:17:00,17742.1,17750.4,17741.9,17747.3,1665,118641
2024-01-03 12:18:00,17747.3,17747.8,17743.9,17745.7,1426,119971
2024-01-03 12:19:00,17745.7,17747.3,17740.2,17744.1,1636,120653
2024-01-03 12:20:00,17744.1,17745.2,17742.9,17744.1,1292,119935
2024-01-03 12:21:00,17744.1,17745.4,17742.3,17744.0,1227,119307
2024-01-03 12:22:00,17744.0,17747.8,17742.5,17746.1,751,120196
2024-01-03 12:23:00,17746.1,17747.0,17743.4,17746.9,724,120855
2024-01-03 12:24:00,17746.9,17747.9,17746.0,17746.2,1424,119360
2024-01-03 12:25:00,17746.2,17748.9,17742.4,17744.6,1087,119096
2024-01-03 12:26:00,17744.6,17746.0,17740.6,17743.0,1260,119994
2024-01-03 12:27:00,17743.0,17747.0,17738.6,17740.1,1636,119835
2024-01-03 12:28:00,17740.1,17744.7,17738.0,17743.2,1095,121457
2024-01-03 12:29:00,17743.2,17744.2,17741.3,17741.8,1549,119502
2024-01-03 12:30:00,17741.8,17744.0,17737.8,17738.2,556,120011
2024-01-03 12:31:00,17738.2,17739.7,17737.0,17737.6,1402,120043
2024-01-03 12:32:00,17737.6,17740.9,17736.0,17738.6,1044,119329
2024-01-03 12:33:00,17738.6,17743.5,17737.4,17741.4,1119,119731
2024-01-03 12:34:00,17741.4,17743.6,17738.8,17739.8,1821,119515
2024-01-03 12:35:00,17739.8,17742.4,17736.2,17739.0,1253,119832
2024-01-03 12:36:00,17739.0,17742.1,17736.9,17737.3,1214,120457
2024-01-03 12:37:00,17737.3,17741.8,17736.5,17739.2,1120,120766
2024-01-03 12:38:00,17739.2,17740.2,17738.3,17739.1,849,120637
2024-01-03 12:39:00,17739.1,17750.0,17738.6,17746.5,1266,119702
2024-01-03 12:40:00,17746.5,17753.3,17746.0,17750.8,1921,120016
2024-01-03 12:41:00,17750.8,17751.3,17748.4,17749.9,1735,120308
2024-01-03 12:42:00,17749.9,17750.3,17746.9,17748.7,1378,119353
2024-01-03 12:43:00,17748.7,17749.7,17747.5,17748.7,1612,120393
2024-01-03 12:44:00,17748.7,17750.1,17747.7,17748.2,1295,120243
2024-01-03 12:45:00,17748.2,17750.2,17745.9,17746.3,1707,120936
2024-01-03 12:46:00,17746.3,17751.0,17743.4,17749.0,1046,119614
2024-01-03 12:47:00,17749.0,17753.3,17747.4,17750.5,1283,120199
2024-01-03 12:48:00,17750.5,17752.2,17746.6,17747.7,1191,120472
2024-01-03 12:49:00,17747.7,17748.4,17738.1,17738.3,1061,120088
2024-01-03 12:50:00,17738.3,17741.6,17738.1,17740.1,1287,120196
2024-01-03 12:51:00,17740.1,17745.3,17737.5,17744.4,908,120150
2024-01-03 12:52:00,17744.4,17744.5,17736.9,17738.4,1906,120024
2024-01-03 12:53:00,17738.4,17740.4,17735.7,17735.7,1329,120458
2024-01-03 12:54:00,17735.7,17743.0,17735.6,17739.6,1295,119465
2024-01-03 12:55:00,17739.6,17739.7,17733.0,17733.9,1082,119931
2024-01-03 12:56:00,17733.9,17733.9,17729.5,17732.7,1290,120940
2024-01-03 12:57:00,17732.7,17738.9,17731.2,17737.0,1211,119540
2024-01-03 12:58:00,17737.0,17738.6,17736.1,17738.5,1390,120083
2024-01-03 12:59:00,17738.5,17740.4,17736.3,17737.2,1514,119918
2024-01-03 13:00:00,17737.2,17739.0,17736.0,17737.0,857,119959
2024-01-03 13:01:00,17737.0,17737.1,17733.2,17734.0,1452,120831
2024-01-03 13:02:00,17734.0,17734.5,17731.1,17732.2,1588,119484
2024-01-03 13:03:00,17732.2,17735.9,17731.9,17734.6,1215,120366
2024-01-03 13:04:00,17734.6,17736.9,17733.1,17736.1,783,119952
2024-01-03 13:05:00,17736.1,17737.0,17733.6,17735.2,1490,120204
2024-01-03 13:06:00,17735.2,17737.0,17731.9,17732.6,1091,120125
2024-01-03 13:07:00,17732.6,17734.4,17731.3,17732.5,1297,119620
2024-01-03 13:08:00,17732.5,17733.4,17726.2,17726.4,1335,120688
2024-01-03 13:09:00,17726.4,17728.9,17714.9,17717.7,1005,120507
2024-01-03 13:10:00,17717.7,17719.7,17714.6,17714.8,1848,120180
2024-01-03 13:11:00,17714.8,17716.8,17713.6,17715.0,1749,120785
2024-01-03 13:12:00,17715.0,17718.1,17712.8,17716.5,1388,120321
2024-01-03 13:13:00,17716.5,17721.3,17714.7,17720.5,1747,120139
2024-01-03 13:14:00,17720.5,17722.8,17719.8,17721.6,1524,120098
2024-01-03 13:15:00,17721.6,17722.7,17720.0,17721.0,1213,120494
2024-01-03 13:16:00,17721.0,17721.2,17719.6,17719.8,1460,120324
2024-01-03 13:17:00,17719.8,17729.5,17719.3,17726.7,1471,119157
2024-01-03 13:18:00,17726.7,17733.0,17725.1,17732.8,1591,118900
2024-01-03 13:19:00,17732.8,17735.5,17732.8,17733.6,1412,120396
2024-01-03 13:20:00,17733.6,17739.2,17733.4,17735.0,1197,120613
2024-01-03 13:21:00,17735.0,17735.8,17726.9,17734.8,1435,119962
2024-01-03 13:22:00,17734.8,17736.1,17731.4,17733.2,687,121574
2024-01-03 13:23:00,17733.2,17738.0,17729.4,17737.3,1382,119552
2024-01-03 13:24:00,17737.3,17744.1,17736.1,17740.9,1659,120267
2024-01-03 13:25:00,17740.9,17741.3,17735.6,17735.8,1077,118844
2024-01-03 13:26:00,17735.8,17736.8,17729.4,17731.6,2125,120428
2024-01-03 13:27:00,17731.6,17732.5,17726.7,17728.9,1484,120195
2024-01-03 13:28:00,17728.9,17732.1,17724.4,17729.7,1302,120079
2024-01-03 13:29:00,17729.7,17732.4,17725.3,17731.5,1448,119633
2024-01-03 13:30:00,17731.5,17736.5,17728.5,17736.1,1042,120565
2024-01-03 13:31:00,17736.1,17738.0,17729.9,17730.4,1581,119820
2024-01-03 13:32:00,17730.4,17733.8,17729.6,17732.8,1432,120840
2024-01-03 13:33:00,17732.8,17735.6,17730.1,17730.8,1662,121169
2024-01-03 13:34:00,17730.8,17735.1,17727.7,17728.0,1092,119736
2024-01-03 13:35:00,17728.0,17729.1,17724.0,17726.9,1637,120579
2024-01-03 13:36:00,17726.9,17736.5,17721.9,17735.0,1907,120125
2024-01-03 13:37:00,17735.0,17738.6,17732.1,17734.8,1507,119928
2024-01-03 13:38:00,17734.8,17736.6,17725.1,17727.2,1683,120107
2024-01-03 13:39:00,17727.2,17739.2,17723.6,17737.1,1699,120415
2024-01-03 13:40:00,17737.1,17740.3,17731.0,17732.5,1377,120000
2024-01-03 13:41:00,17732.5,17733.8,17731.5,17733.8,1596,120003
2024-01-03 13:42:00,17733.8,17739.0,17731.0,17732.8,1067,119545
2024-01-03 13:43:00,17732.8,17737.6,17731.4,17735.8,1585,119452
2024-01-03 13:44:00,17735.8,17736.9,17731.5,17735.0,1559,119878
2024-01-03 13:45:00,17735.0,17738.7,17734.8,17737.9,1440,120425
2024-01-04 08:45:00,17735.8,17736.5,17730.9,17731.4,956,119615
2024-01-04 08:46:00,17731.4,17731.5,17729.4,17730.6,1236,120224
2024-01-04 08:47:00,17730.6,17731.6,17728.4,17729.3,1470,120718
2024-01-04 08:48:00,17729.3,17732.4,17728.1,17728.3,1542,120012
2024-01-04 08:49:00,17728.3,17732.8,17726.6,17729.4,1461,120388
2024-01-04 08:50:00,17729.4,17730.1,17725.3,17726.7,954,120035
2024-01-04 08:51:00,17726.7,17728.3,17725.3,17727.5,1803,120474
2024-01-04 08:52:00,17727.5,17729.4,17723.3,17726.2,1330,120526
2024-01-04 08:53:00,17726.2,17730.3,17722.4,17728.6,1077,120397
2024-01-04 08:54:00,17728.6,17730.9,17728.1,17728.3,1534,120773
2024-01-04 08:55:00,17728.3,17730.9,17727.6,17730.5,1091,120519
2024-01-04 08:56:00,17730.5,17735.6,17726.9,17735.1,1109,120216
2024-01-04 08:57:00,17735.1,17739.0,17730.9,17731.8,687,120162
2024-01-04 08:58:00,17731.8,17731.9,17727.8,17730.4,1027,118926
2024-01-04 08:59:00,17730.4,17731.3,17727.4,17730.3,1189,119826
2024-01-04 09:00:00,17730.3,17731.6,17725.0,17730.4,1221,120093
2024-01-04 09:01:00,17730.4,17735.7,17725.9,17728.7,352,120678
2024-01-04 09:02:00,17728.7,17731.4,17723.8,17724.1,1958,120159
2024-01-04 09:03:00,17724.1,17725.6,17722.1,17723.4,1188,120356
2024-01-04 09:04:00,17723.4,17724.4,17715.9,17716.5,891,119483
2024-01-04 09:05:00,17716.5,17717.5,17715.4,17716.0,869,119557
2024-01-04 09:06:00,17716.0,17725.1,17715.1,17723.4,1246,119860
2024-01-04 09:07:00,17723.4,17728.8,17721.7,17727.6,1043,120386
2024-01-04 09:08:00,17727.6,17728.0,17726.7,17726.9,1465,119403
2024-01-04 09:09:00,17726.9,17730.9,17722.5,17723.5,1191,120321
2024-01-04 09:10:00,17723.5,17728.0,17722.9,17723.3,1263,120174
2024-01-04 09:11:00,17723.3,17723.7,17718.3,17720.6,1254,119785
2024-01-04 09:12:00,17720.6,17722.6,17718.4,17721.8,1247,120181
2024-01-04 09:13:00,17721.8,17724.3,17717.9,17719.4,1378,120318
2024-01-04 09:14:00,17719.4,17724.9,17719.1,17721.9,698,120259
2024-01-04 09:15:00,17721.9,17722.9,17716.7,17718.1,1138,119988
2024-01-04 09:16:00,17718.1,17725.7,17716.9,17722.4,1335,120474
2024-01-04 09:17:00,17722.4,17722.4,17714.4,17716.6,1707,119615
2024-01-04 09:18:00,17716.6,17720.3,17712.8,17715.7,1286,120088
2024-01-04 09:19:00,17715.7,17718.1,17713.7,17716.3,1566,120908
2024-01-04 09:20:00,17716.3,17717.2,17711.3,17713.5,1844,119995
2024-01-04 09:21:00,17713.5,17713.9,17706.2,17708.2,1503,120556
2024-01-04 09:22:00,17708.2,17715.8,17706.3,17714.9,939,119938
2024-01-04 09:23:00,17714.9,17721.9,17714.5,17718.5,1304,119933
2024-01-04 09:24:00,17718.5,17724.3,17718.2,17722.7,1276,119986
2024-01-04 09:25:00,17722.7,17730.9,17717.8,17729.1,1103,119589
2024-01-04 09:26:00,17729.1,17730.4,17726.7,17726.8,1636,119588
2024-01-04 09:27:00,17726.8,17727.5,17720.3,17720.9,859,119946
2024-01-04 09:28:00,17720.9,17724.4,17719.3,17722.8,971,119928
2024-01-04 09:29:00,17722.8,17729.9,17720.5,17724.4,921,119231
2024-01-04 09:30:00,17724.4,17727.5,17722.7,17724.0,1141,120500
2024-01-04 09:31:00,17724.0,17731.7,17721.9,17728.8,1431,119359
2024-01-04 09:32:00,17728.8,17731.4,17725.5,17726.0,869,120387
2024-01-04 09:33:00,17726.0,17727.7,17725.0,17726.0,1759,120172
2024-01-04 09:34:00,17726.0,17726.5,17723.7,17723.9,1089,119144
2024-01-04 09:35:00,17723.9,17726.4,17720.9,17722.6,720,119955
2024-01-04 09:36:00,17722.6,17729.9,17722.2,17726.4,1423,120268
2024-01-04 09:37:00,17726.4,17729.6,17723.3,17728.4,1484,120688
2024-01-04 09:38:00,17728.4,17729.1,17725.6,17727.6,1690,119690
2024-01-04 09:39:00,17727.6,17734.2,17726.3,17733.4,1139,120938
2024-01-04 09:40:00,17733.4,17734.1,17722.3,17726.5,938,120945
2024-01-04 09:41:00,17726.5,17733.7,17726.5,17729.7,1114,120284
2024-01-04 09:42:00,17729.7,17737.5,17728.8,17736.1,1452,119453
2024-01-04 09:43:00,17736.1,17740.4,17734.9,17738.6,1107,120724
2024-01-04 09:44:00,17738.6,17741.6,17737.8,17739.3,1162,119967
2024-01-04 09:45:00,17739.3,17739.8,17735.7,17739.1,1549,120741
2024-01-04 09:46:00,17739.1,17739.3,17730.8,17733.1,1517,119660
2024-01-04 09:47:00,17733.1,17735.1,17730.1,17730.5,1494,120078
2024-01-04 09:48:00,17730.5,17730.7,17728.4,17730.1,1810,120274
2024-01-04 09:49:00,17730.1,17736.0,17729.0,17735.0,1204,119569
2024-01-04 09:50:00,17735.0,17738.8,17734.0,17737.4,1204,120188
2024-01-04 09:51:00,17737.4,17738.2,17731.6,17734.7,1076,119741
2024-01-04 09:52:00,17734.7,17747.7,17732.4,17743.5,1839,119795
2024-01-04 09:53:00,17743.5,17749.5,17742.1,17745.2,1122,120205
2024-01-04 09:54:00,17745.2,17746.3,17744.7,17745.0,901,120232
2024-01-04 09:55:00,17745.0,17748.2,17744.5,17747.9,1464,119730
2024-01-04 09:56:00,17747.9,17748.0,17743.9,17746.8,1285,119943
2024-01-04 09:57:00,17746.8,17747.6,17744.3,17746.2,1024,120430
2024-01-04 09:58:00,17746.2,17746.4,17743.3,17744.3,901,119767
2024-01-04 09:59:00,17744.3,17750.0,17742.9,17749.1,1171,119832
2024-01-04 10:00:00,17749.1,17750.8,17748.9,17749.9,1152,120178
2024-01-04 10:01:00,17749.9,17751.5,17748.7,17751.0,1270,120606
2024-01-04 10:02:00,17751.0,17755.6,17750.9,17752.7,1381,119658
2024-01-04 10:03:00,17752.7,17754.4,17751.9,17752.7,1747,120012
2024-01-04 10:04:00,17752.7,17760.4,17752.2,17758.3,1151,120505
2024-01-04 10:05:00,17758.3,17760.7,17757.3,17760.5,1291,120362
2024-01-04 10:06:00,17760.5,17763.5,17759.6,17763.4,1330,120064
2024-01-04 10:07:00,17763.4,17765.2,17759.9,17764.3,1111,120756
2024-01-04 10:08:00,17764.3,17771.1,17760.6,17769.2,1466,119841
2024-01-04 10:09:00,17769.2,17770.5,17765.7,17767.4,855,119288
2024-01-04 10:10:00,17767.4,17774.7,17766.5,17772.7,1577,120387
2024-01-04 10:11:00,17772.7,17775.7,17769.5,17772.1,1433,119311
2024-01-04 10:12:00,17772.1,17773.5,17771.8,17772.6,1201,120275
2024-01-04 10:13:00,17772.6,17774.9,17770.5,17771.8,1445,119287
2024-01-04 10:14:00,17771.8,17775.0,17771.5,17773.3,1356,119617
2024-01-04 10:15:00,17773.3,17774.3,17767.0,17767.1,1428,119882
2024-01-04 10:16:00,17767.1,17767.5,17766.1,17766.2,1559,119788
2024-01-04 10:17:00,17766.2,17766.5,17758.6,17761.2,539,119451
2024-01-04 10:18:00,17761.2,17762.8,17756.6,17759.6,1232,120608
2024-01-04 10:19:00,17759.6,17762.6,17757.8,17762.5,1167,119559
2024-01-04 10:20:00,17762.5,17767.1,17761.9,17764.9,1292,119818
2024-01-04 10:21:00,17764.9,17767.2,17760.1,17763.3,1380,119855
2024-01-04 10:22:00,17763.3,17763.4,17760.1,17760.7,1282,120122
2024-01-04 10:23:00,17760.7,17766.9,17759.9,17765.7,778,120228
2024-01-04 10:24:00,17765.7,17766.9,17758.2,17759.1,1349,119272
2024-01-04 10:25:00,17759.1,17760.9,17757.9,17759.2,1294,119996
2024-01-04 10:26:00,17759.2,17764.7,17758.0,17763.2,1126,119660
2024-01-04 10:27:00,17763.2,17765.6,17758.8,17763.1,1234,120126
2024-01-04 10:28:00,17763.1,17765.9,17760.5,17763.8,1146,119278
2024-01-04 10:29:00,17763.8,17764.8,17762.8,17764.6,1312,119646
2024-01-04 10:30:00,17764.6,17767.8,17759.4,17761.0,1244,119229
2024-01-04 10:31:00,17761.0,17762.2,17760.0,17760.3,1602,120613
2024-01-04 10:32:00,17760.3,17761.2,17759.0,17760.0,1175,120452
2024-01-04 10:33:00,17760.0,17763.4,17757.6,17758.5,1270,119766
2024-01-04 10:34:00,17758.5,17760.9,17750.2,17751.6,958,120075
2024-01-04 10:35:00,17751.6,17754.4,17743.7,17747.8,1533,120439
2024-01-04 10:36:00,17747.8,17748.0,17743.3,17746.8,1073,119407
2024-01-04 10:37:00,17746.8,17748.3,17746.2,17747.2,872,119616
2024-01-04 10:38:00,17747.2,17751.0,17743.9,17749.6,933,119507
2024-01-04 10:39:00,17749.6,17754.0,17748.9,17749.5,1318,119601
2024-01-04 10:40:00,17749.5,17759.8,17748.5,17758.6,1346,119337
2024-01-04 10:41:00,17758.6,17761.4,17756.9,17761.4,1121,119052
2024-01-04 10:42:00,17761.4,17765.9,17758.6,17759.5,1151,119705
2024-01-04 10:43:00,17759.5,17761.1,17754.9,17757.4,1731,119915
2024-01-04 10:44:00,17757.4,17762.0,17756.8,17761.4,1051,120348
2024-01-04 10:45:00,17761.4,17766.2,17761.1,17763.6,1144,119549
2024-01-04 10:46:00,17763.6,17767.4,17762.6,17763.5,1866,120217
2024-01-04 10:47:00,17763.5,17764.6,17759.3,17759.5,1203,119707
2024-01-04 10:48:00,17759.5,17760.7,17759.2,17759.5,1521,120407
2024-01-04 10:49:00,17759.5,17760.5,17751.8,17755.0,1838,120184
2024-01-04 10:50:00,17755.0,17763.0,17754.7,17760.6,701,119969
2024-01-04 10:51:00,17760.6,17760.9,17752.6,17756.1,1374,119607
2024-01-04 10:52:00,17756.1,17760.1,17748.2,17752.0,1788,120427
2024-01-04 10:53:00,17752.0,17752.3,17751.5,17751.6,1296,120696
2024-01-04 10:54:00,17751.6,17756.9,17749.5,17752.9,721,119796
2024-01-04 10:55:00,17752.9,17753.0,17745.6,17748.1,886,119476
2024-01-04 10:56:00,17748.1,17751.3,17746.8,17750.9,1708,120119
2024-01-04 10:57:00,17750.9,17754.9,17750.8,17752.9,955,120276
2024-01-04 10:58:00,17752.9,17758.0,17752.9,17756.1,1568,119927
2024-01-04 10:59:00,17756.1,17757.1,17752.7,17754.1,1961,120364
2024-01-04 11:00:00,17754.1,17756.1,17747.7,17750.3,1323,119450
2024-01-04 11:01:00,17750.3,17755.6,17749.0,17755.1,1345,120171
2024-01-04 11:02:00,17755.1,17755.1,17750.6,17751.4,1269,120062
2024-01-04 11:03:00,17751.4,17754.7,17749.8,17753.8,1398,120819
2024-01-04 11:04:00,17753.8,17755.1,17739.7,17742.2,543,120742
2024-01-04 11:05:00,17742.2,17746.6,17740.8,17742.5,984,119543
2024-01-04 11:06:00,17742.5,17748.4,17740.6,17747.6,1902,120464
2024-01-04 11:07:00,17747.6,17749.2,17746.1,17746.5,1773,119508
2024-01-04 11:08:00,17746.5,17749.0,17741.4,17742.0,1330,120262
2024-01-04 11:09:00,17742.0,17746.9,17740.2,17740.6,1672,121086
2024-01-04 11:10:00,17740.6,17740.7,17737.5,17740.2,1478,120147
2024-01-04 11:11:00,17740.2,17741.1,17732.9,17733.3,845,119816
2024-01-04 11:12:00,17733.3,17739.8,17730.4,17739.3,733,119994
2024-01-04 11:13:00,17739.3,17741.0,17736.8,17737.3,1385,120087
2024-01-04 11:14:00,17737.3,17740.9,17736.0,17738.5,1202,119973
2024-01-04 11:15:00,17738.5,17743.4,17736.9,17741.9,1746,120079
2024-01-04 11:16:00,17741.9,17742.6,17734.6,17737.1,958,119332
2024-01-04 11:17:00,17737.1,17741.2,17732.2,17734.3,1714,120543
2024-01-04 11:18:00,17734.3,17735.1,17733.6,17733.8,979,119418
2024-01-04 11:19:00,17733.8,17739.4,17733.4,17736.9,1495,120376
2024-01-04 11:20:00,17736.9,17740.6,17735.9,17738.2,1258,119511
2024-01-04 11:21:00,17738.2,17739.1,17728.2,17731.3,787,120873
2024-01-04 11:22:00,17731.3,17732.1,17726.9,17727.1,1321,119490
2024-01-04 11:23:00,17727.1,17728.7,17724.0,17724.6,1293,118918
2024-01-04 11:24:00,17724.6,17726.3,17721.1,17722.6,1014,120187
2024-01-04 11:25:00,17722.6,17725.3,17721.5,17724.7,1524,120814
2024-01-04 11:26:00,17724.7,17731.9,17718.8,17728.8,902,119387
2024-01-04 11:27:00,17728.8,17730.0,17728.1,17729.8,1693,120465
2024-01-04 11:28:00,17729.8,17730.0,17724.7,17726.7,1615,120562
2024-01-04 11:29:00,17726.7,17731.0,17725.7,17729.6,904,120211
2024-01-04 11:30:00,17729.6,17732.1,17726.2,17728.0,1185,119785
2024-01-04 11:31:00,17728.0,17732.9,17727.9,17731.4,1387,120807
2024-01-04 11:32:00,17731.4,17732.9,17723.0,17725.2,1664,120401
2024-01-04 11:33:00,17725.2,17726.3,17721.2,17722.5,1123,119900
2024-01-04 11:34:00,17722.5,17724.9,17716.5,17717.2,1172,119620
2024-01-04 11:35:00,17717.2,17717.8,17716.0,17716.6,1351,120044
2024-01-04 11:36:00,17716.6,17716.6,17713.9,17715.7,1149,119081
2024-01-04 11:37:00,17715.7,17718.1,17710.8,17711.6,1639,119995
2024-01-04 11:38:00,17711.6,17714.0,17711.0,17712.1,1808,119956
2024-01-04 11:39:00,17712.1,17714.5,17708.7,17709.2,1017,120356
2024-01-04 11:40:00,17709.2,17712.6,17704.7,17705.7,911,120303
2024-01-04 11:41:00,17705.7,17710.5,17705.3,17709.3,1717,119767
2024-01-04 11:42:00,17709.3,17715.6,17707.5,17714.9,1329,120112
2024-01-04 11:43:00,17714.9,17720.7,17714.2,17718.9,1496,120090
2024-01-04 11:44:00,17718.9,17722.7,17716.7,17721.7,1362,121344
2024-01-04 11:45:00,17721.7,17725.9,17718.9,17724.5,740,119874
2024-01-04 11:46:00,17724.5,17727.2,17723.3,17725.9,1249,119728
2024-01-04 11:47:00,17725.9,17728.1,17720.0,17723.1,1010,119949
2024-01-04 11:48:00,17723.1,17728.0,17720.7,17726.7,1781,119428
2024-01-04 11:49:00,17726.7,17728.9,17725.2,17727.0,1415,120230
2024-01-04 11:50:00,17727.0,17732.8,17726.7,17731.4,1487,119484
2024-01-04 11:51:00,17731.4,17736.7,17730.5,17735.7,1479,119260
2024-01-04 11:52:00,17735.7,17735.9,17731.4,17731.7,1472,120053
2024-01-04 11:53:00,17731.7,17734.2,17730.4,17731.1,1523,120597
2024-01-04 11:54:00,17731.1,17736.1,17729.6,17735.5,1379,120536
2024-01-04 11:55:00,17735.5,17745.6,17734.0,17743.5,1775,120093
2024-01-04 11:56:00,17743.5,17744.9,17740.1,17742.0,1468,121003
2024-01-04 11:57:00,17742.0,17743.8,17738.3,17741.6,869,119473
2024-01-04 11:58:00,17741.6,17743.7,17740.8,17742.6,1101,119926
2024-01-04 11:59:00,17742.6,17745.2,17738.7,17739.4,1337,120489
2024-01-04 12:00:00,17739.4,17742.1,17737.9,17741.3,1025,119750
2024-01-04 12:01:00,17741.3,17744.1,17740.0,17742.2,1236,119906
2024-01-04 12:02:00,17742.2,17745.4,17740.5,17743.1,1531,120464
2024-01-04 12:03:00,17743.1,17748.6,17739.3,17746.6,1367,119285
2024-01-04 12:04:00,17746.6,17746.8,17740.9,17743.2,1399,120115
2024-01-04 12:05:00,17743.2,17750.0,17741.3,17749.5,881,119563
2024-01-04 12:06:00,17749.5,17753.0,17748.6,17749.9,1392,119639
2024-01-04 12:07:00,17749.9,17751.3,17748.6,17750.2,1519,119641
2024-01-04 12:08:00,17750.2,17755.2,17749.6,17752.3,917,120044
2024-01-04 12:09:00,17752.3,17754.3,17749.8,17752.6,1185,120434
2024-01-04 12:10:00,17752.6,17757.8,17752.5,17755.4,1889,119576
2024-01-04 12:11:00,17755.4,17757.5,17752.5,17757.0,1309,119483
2024-01-04 12:12:00,17757.0,17760.1,17755.2,17757.8,1577,119989
2024-01-04 12:13:00,17757.8,17762.6,17755.2,17760.8,1247,119021
2024-01-04 12:14:00,17760.8,17763.6,17754.8,17757.7,1453,120182
2024-01-04 12:15:00,17757.7,17761.2,17756.6,17759.8,859,119758
2024-01-04 12:16:00,17759.8,17760.9,17759.0,17759.2,1293,120235
2024-01-04 12:17:00,17759.2,17762.2,17758.2,17760.3,1495,120138
2024-01-04 12:18:00,17760.3,17761.4,17756.0,17761.1,1875,119542
2024-01-04 12:19:00,17761.1,17761.8,17755.7,17758.3,1823,119690
2024-01-04 12:20:00,17758.3,17760.0,17755.1,17755.9,1718,120136
2024-01-04 12:21:00,17755.9,17758.6,17752.7,17753.2,1083,119963
2024-01-04 12:22:00,17753.2,17754.2,17753.2,17753.7,1307,120931
2024-01-04 12:23:00,17753.7,17764.0,17751.9,17763.6,984,120406
2024-01-04 12:24:00,17763.6,17764.0,17757.1,17757.9,1354,119797
2024-01-04 12:25:00,17757.9,17766.0,17757.0,17764.4,1534,119908
2024-01-04 12:26:00,17764.4,17765.2,17760.2,17762.6,1132,119964
2024-01-04 12:27:00,17762.6,17766.7,17762.1,17766.1,1100,121165
2024-01-04 12:28:00,17766.1,17773.7,17763.5,17769.0,914,119313
2024-01-04 12:29:00,17769.0,17771.5,17766.0,17766.5,1363,119164
2024-01-04 12:30:00,17766.5,17770.8,17764.0,17770.3,1397,120244
2024-01-04 12:31:00,17770.3,17773.2,17769.1,17770.6,1750,119972
2024-01-04 12:32:00,17770.6,17772.7,17768.3,17771.0,1200,120942
2024-01-04 12:33:00,17771.0,17771.4,17770.1,17771.4,1043,119176
2024-01-04 12:34:00,17771.4,17780.7,17769.5,17778.6,1341,120311
2024-01-04 12:35:00,17778.6,17781.5,17775.9,17776.9,1597,119684
2024-01-04 12:36:00,17776.9,17781.8,17775.9,17778.7,1153,120110
2024-01-04 12:37:00,17778.7,17782.0,17777.9,17781.2,1828,120698
2024-01-04 12:38:00,17781.2,17783.8,17776.3,17778.9,965,119858
2024-01-04 12:39:00,17778.9,17781.6,17778.3,17778.6,429,120069
2024-01-04 12:40:00,17778.6,17786.7,17772.8,17784.2,1349,120350
2024-01-04 12:41:00,17784.2,17784.7,17780.2,17782.8,1806,120299
2024-01-04 12:42:00,17782.8,17783.1,17776.5,17778.5,1295,119879
2024-01-04 12:43:00,17778.5,17781.5,17776.0,17776.5,855,120189
2024-01-04 12:44:00,17776.5,17779.0,17774.9,17778.9,1170,119705
2024-01-04 12:45:00,17778.9,17780.3,17776.7,17777.1,893,120123
2024-01-04 12:46:00,17777.1,17778.9,17773.6,17774.4,1751,119317
2024-01-04 12:47:00,17774.4,17779.5,17773.1,17779.3,1566,120480
2024-01-04 12:48:00,17779.3,17780.4,17779.1,17779.5,1518,119554
2024-01-04 12:49:00,17779.5,17784.0,17775.5,17780.9,1620,120730
2024-01-04 12:50:00,17780.9,17784.9,17777.1,17782.8,1283,119206
2024-01-04 12:51:00,17782.8,17783.1,17780.5,17782.2,940,119753
2024-01-04 12:52:00,17782.2,17784.0,17774.5,17777.9,1502,119302
2024-01-04 12:53:00,17777.9,17780.3,17777.3,17778.6,1053,120491
2024-01-04 12:54:00,17778.6,17781.7,17777.6,17781.1,1318,120863
2024-01-04 12:55:00,17781.1,17781.9,17771.9,17774.4,1189,119750
2024-01-04 12:56:00,17774.4,17776.9,17773.3,17775.0,992,119911
2024-01-04 12:57:00,17775.0,17776.2,17766.6,17767.7,1186,119794
2024-01-04 12:58:00,17767.7,17774.0,17766.2,17770.8,1661,119124
2024-01-04 12:59:00,17770.8,17771.9,17767.4,17767.9,1335,120432
2024-01-04 13:00:00,17767.9,17769.4,17766.2,17767.2,1111,119062
2024-01-04 13:01:00,17767.2,17771.3,17765.2,17769.5,1602,119888
2024-01-04 13:02:00,17769.5,17770.2,17769.1,17769.9,862,120722
2024-01-04 13:03:00,17769.9,17770.9,17767.3,17767.9,1386,120109
2024-01-04 13:04:00,17767.9,17772.8,17765.9,17771.1,1349,120019
2024-01-04 13:05:00,17771.1,17771.1,17768.4,17769.6,948,119139
2024-01-04 13:06:00,17769.6,17771.0,17768.0,17768.6,1711,120648
2024-01-04 13:07:00,17768.6,17776.5,17768.1,17773.6,1470,119658
2024-01-04 13:08:00,17773.6,17774.4,17762.6,17764.2,1239,118757
2024-01-04 13:09:00,17764.2,17767.7,17763.0,17767.3,953,119593
2024-01-04 13:10:00,17767.3,17769.2,17761.5,17764.3,1237,119830
2024-01-04 13:11:00,17764.3,17770.8,17763.4,17767.3,1032,120170
2024-01-04 13:12:00,17767.3,17769.0,17763.5,17767.2,1300,120264
2024-01-04 13:13:00,17767.2,17767.4,17764.5,17764.5,1941,119430
2024-01-04 13:14:00,17764.5,17764.6,17762.6,17764.1,1405,120007
2024-01-04 13:15:00,17764.1,17765.9,17762.6,17764.5,1020,119813
2024-01-04 13:16:00,17764.5,17770.2,17763.0,17767.4,1486,119957
2024-01-04 13:17:00,17767.4,17771.3,17764.1,17771.1,1759,119513
2024-01-04 13:18:00,17771.1,17772.6,17769.8,17770.0,754,119163
2024-01-04 13:19:00,17770.0,17774.2,17768.4,17773.5,1028,119474
2024-01-04 13:20:00,17773.5,17776.3,17772.7,17772.8,1354,120588
2024-01-04 13:21:00,17772.8,17774.5,17772.0,17774.2,1242,120786
2024-01-04 13:22:00,17774.2,17775.6,17772.4,17773.8,1584,119764
2024-01-04 13:23:00,17773.8,17778.5,17767.1,17776.3,782,120200
2024-01-04 13:24:00,17776.3,17779.7,17772.4,17773.1,1269,120030
2024-01-04 13:25:00,17773.1,17774.4,17771.5,17771.8,1600,119226
2024-01-04 13:26:00,17771.8,17773.5,17771.6,17772.6,1074,120071
2024-01-04 13:27:00,17772.6,17772.6,17768.3,17768.8,800,120209
2024-01-04 13:28:00,17768.8,17769.6,17756.0,17759.0,1377,119831
2024-01-04 13:29:00,17759.0,17762.3,17758.6,17761.9,1636,119767
2024-01-04 13:30:00,17761.9,17764.7,17760.4,17761.8,1894,120229
2024-01-04 13:31:00,17761.8,17763.9,17758.1,17759.9,1218,120270
2024-01-04 13:32:00,17759.9,17760.9,17759.6,17759.6,1261,120844
2024-01-04 13:33:00,17759.6,17763.9,17759.2,17761.2,1210,120156
2024-01-04 13:34:00,17761.2,17762.8,17757.8,17762.1,829,120700
2024-01-04 13:35:00,17762.1,17764.7,17760.9,17762.0,1140,119155
2024-01-04 13:36:00,17762.0,17764.8,17758.5,17763.8,1239,120038
2024-01-04 13:37:00,17763.8,17765.0,17756.9,17757.4,1194,119563
2024-01-04 13:38:00,17757.4,17765.6,17755.3,17762.4,1329,119785
2024-01-04 13:39:00,17762.4,17768.1,17761.2,17767.6,1019,120663
2024-01-04 13:40:00,17767.6,17771.3,17764.4,17766.5,1104,120263
2024-01-04 13:41:00,17766.5,17767.8,17765.0,17767.4,1292,120014
2024-01-04 13:42:00,17767.4,17768.9,17765.0,17765.2,1353,120537
2024-01-04 13:43:00,17765.2,17765.4,17757.3,17760.4,1096,119478
2024-01-04 13:44:00,17760.4,17762.0,17754.7,17757.2,1305,119665
2024-01-04 13:45:00,17757.2,17757.8,17754.4,17755.2,1189,119973
2024-01-05 08:45:00,17759.2,17760.2,17756.7,17757.6,1163,120020
2024-01-05 08:46:00,17757.6,17759.3,17750.3,17751.6,993,119884
2024-01-05 08:47:00,17751.6,17753.4,17747.0,17749.1,1924,120496
2024-01-05 08:48:00,17749.1,17752.3,17748.4,17750.1,1221,120055
2024-01-05 08:49:00,17750.1,17754.5,17747.2,17748.9,1051,120241
2024-01-05 08:50:00,17748.9,17752.5,17747.2,17747.2,1386,120384
2024-01-05 08:51:00,17747.2,17753.3,17745.5,17748.5,1695,120460
2024-01-05 08:52:00,17748.5,17748.8,17744.8,17746.3,1262,119778
2024-01-05 08:53:00,17746.3,17746.3,17742.7,17744.7,1637,120439
2024-01-05 08:54:00,17744.7,17746.5,17740.2,17742.3,764,120157
2024-01-05 08:55:00,17742.3,17745.7,17741.2,17744.2,1888,121506
2024-01-05 08:56:00,17744.2,17744.9,17738.7,17741.2,2149,119782
2024-01-05 08:57:00,17741.2,17744.4,17739.0,17744.2,1237,119323
2024-01-05 08:58:00,17744.2,17744.7,17741.5,17741.9,618,119967
2024-01-05 08:59:00,17741.9,17752.8,17741.3,17750.9,1173,118588
2024-01-05 09:00:00,17750.9,17752.2,17745.7,17747.4,1289,119889
2024-01-05 09:01:00,17747.4,17750.0,17747.1,17749.7,1500,119311
2024-01-05 09:02:00,17749.7,17752.2,17744.7,17749.0,1062,120078
2024-01-05 09:03:00,17749.0,17750.5,17748.2,17749.8,1034,120489
2024-01-05 09:04:00,17749.8,17754.1,17748.1,17750.5,1465,120708
2024-01-05 09:05:00,17750.5,17751.1,17744.2,17747.7,1561,120827
2024-01-05 09:06:00,17747.7,17750.1,17743.7,17746.0,1078,119747
2024-01-05 09:07:00,17746.0,17752.1,17745.6,17751.4,1783,120295
2024-01-05 09:08:00,17751.4,17754.4,17744.2,17747.7,1602,120245
2024-01-05 09:09:00,17747.7,17749.2,17743.6,17745.8,1818,120062
2024-01-05 09:10:00,17745.8,17747.0,17741.2,17743.6,1395,120348
2024-01-05 09:11:00,17743.6,17747.1,17743.0,17747.0,1265,119503
2024-01-05 09:12:00,17747.0,17747.9,17741.1,17742.5,1293,119876
2024-01-05 09:13:00,17742.5,17746.5,17741.9,17745.9,1214,119930
2024-01-05 09:14:00,17745.9,17746.4,17741.3,17744.7,1294,120183
2024-01-05 09:15:00,17744.7,17748.3,17743.9,17746.1,1185,119730
2024-01-05 09:16:00,17746.1,17748.3,17741.8,17741.8,1415,120073
2024-01-05 09:17:00,17741.8,17742.6,17738.4,17738.8,1151,119537
2024-01-05 09:18:00,17738.8,17740.2,17736.6,17737.0,1263,119499
2024-01-05 09:19:00,17737.0,17751.3,17733.0,17746.8,1142,120099
2024-01-05 09:20:00,17746.8,17754.0,17746.2,17753.0,1575,120047
2024-01-05 09:21:00,17753.0,17753.5,17745.7,17746.1,1950,119639
2024-01-05 09:22:00,17746.1,17753.3,17743.1,17750.5,1339,120418
2024-01-05 09:23:00,17750.5,17754.4,17750.3,17753.0,1103,119920
2024-01-05 09:24:00,17753.0,17753.2,17747.1,17750.3,1351,120488
2024-01-05 09:25:00,17750.3,17757.2,17750.0,17754.5,1253,119872
2024-01-05 09:26:00,17754.5,17757.3,17753.9,17755.9,896,120689
2024-01-05 09:27:00,17755.9,17759.6,17755.8,17757.6,1221,120968
2024-01-05 09:28:00,17757.6,17761.0,17749.8,17753.8,1372,119785
2024-01-05 09:29:00,17753.8,17757.8,17748.0,17751.8,1511,120254
2024-01-05 09:30:00,17751.8,17756.5,17750.9,17754.7,1625,118897
2024-01-05 09:31:00,17754.7,17758.2,17754.5,17756.8,1034,119917
2024-01-05 09:32:00,17756.8,17757.5,17754.1,17755.2,1529,119740
2024-01-05 09:33:00,17755.2,17757.5,17753.0,17753.3,1459,119351
2024-01-05 09:34:00,17753.3,17761.6,17753.1,17758.7,1232,119618
2024-01-05 09:35:00,17758.7,17761.1,17754.2,17757.7,1229,119821
2024-01-05 09:36:00,17757.7,17761.1,17749.0,17751.1,1027,120052
2024-01-05 09:37:00,17751.1,17756.7,17746.8,17753.7,1526,119759
2024-01-05 09:38:00,17753.7,17754.0,17749.8,17751.4,1586,120308
2024-01-05 09:39:00,17751.4,17752.5,17741.8,17744.8,1140,119959
2024-01-05 09:40:00,17744.8,17754.5,17741.9,17754.3,1851,120379
2024-01-05 09:41:00,17754.3,17758.9,17751.1,17752.8,1492,120295
2024-01-05 09:42:00,17752.8,17759.1,17752.4,17756.9,684,119558
2024-01-05 09:43:00,17756.9,17763.1,17755.3,17758.7,1849,119281
2024-01-05 09:44:00,17758.7,17762.2,17756.8,17757.8,1419,120053
2024-01-05 09:45:00,17757.8,17758.1,17750.5,17753.0,1326,120360
2024-01-05 09:46:00,17753.0,17754.8,17750.9,17751.8,984,119318
2024-01-05 09:47:00,17751.8,17752.2,17749.8,17751.7,1508,119534
2024-01-05 09:48:00,17751.7,17754.2,17748.4,17753.2,1402,120394
2024-01-05 09:49:00,17753.2,17756.3,17751.5,17753.4,1803,119937
2024-01-05 09:50:00,17753.4,17762.6,17749.4,17760.8,1245,119557
2024-01-05 09:51:00,17760.8,17762.4,17760.4,17761.0,1227,120082
2024-01-05 09:52:00,17761.0,17762.9,17759.6,17760.7,1680,119968
2024-01-05 09:53:00,17760.7,17764.7,17755.3,17756.0,1383,119409
2024-01-05 09:54:00,17756.0,17757.1,17743.3,17749.7,1561,119501
2024-01-05 09:55:00,17749.7,17749.9,17746.8,17749.3,878,119928
2024-01-05 09:56:00,17749.3,17752.6,17747.9,17752.1,1452,120260
2024-01-05 09:57:00,17752.1,17754.5,17747.3,17748.6,1640,120202
2024-01-05 09:58:00,17748.6,17755.7,17745.6,17752.7,1443,120657
2024-01-05 09:59:00,17752.7,17759.6,17751.6,17756.7,1504,120388
2024-01-05 10:00:00,17756.7,17757.1,17752.0,17754.6,1045,120163
2024-01-05 10:01:00,17754.6,17758.3,17751.6,17758.3,1746,119508
2024-01-05 10:02:00,17758.3,17759.3,17756.3,17757.9,1515,119603
2024-01-05 10:03:00,17757.9,17763.8,17755.6,17761.2,568,119910
2024-01-05 10:04:00,17761.2,17762.5,17758.2,17758.7,642,119327
2024-01-05 10:05:00,17758.7,17761.1,17753.4,17756.7,1504,120711
2024-01-05 10:06:00,17756.7,17757.5,17753.8,17754.0,976,119824
2024-01-05 10:07:00,17754.0,17754.9,17751.8,17752.8,1135,119734
2024-01-05 10:08:00,17752.8,17753.8,17745.9,17746.1,1291,120272
2024-01-05 10:09:00,17746.1,17748.0,17743.2,17744.4,1196,120108
2024-01-05 10:10:00,17744.4,17745.3,17739.6,17742.3,1177,119126
2024-01-05 10:11:00,17742.3,17743.3,17739.6,17739.9,1253,119887
2024-01-05 10:12:00,17739.9,17745.5,17739.1,17743.1,1085,120139
2024-01-05 10:13:00,17743.1,17744.2,17741.9,17742.6,1106,119393
2024-01-05 10:14:00,17742.6,17745.1,17740.6,17740.9,1117,119368
2024-01-05 10:15:00,17740.9,17743.0,17740.5,17742.1,1212,120456
2024-01-05 10:16:00,17742.1,17742.7,17738.9,17741.2,1467,119928
2024-01-05 10:17:00,17741.2,17743.6,17739.7,17743.0,939,119896
2024-01-05 10:18:00,17743.0,17745.6,17738.9,17741.4,1607,118982
2024-01-05 10:19:00,17741.4,17744.4,17733.6,17733.9,2103,119409
2024-01-05 10:20:00,17733.9,17736.6,17731.8,17732.8,1634,120467
2024-01-05 10:21:00,17732.8,17734.6,17730.8,17732.7,879,119912
2024-01-05 10:22:00,17732.7,17732.8,17728.1,17730.5,1001,120027
2024-01-05 10:23:00,17730.5,17733.3,17730.1,17730.5,1729,120655
2024-01-05 10:24:00,17730.5,17741.5,17728.9,17734.5,1439,119338
2024-01-05 10:25:00,17734.5,17735.8,17732.5,17732.6,1195,120866
2024-01-05 10:26:00,17732.6,17734.8,17731.0,17731.1,1329,119820
2024-01-05 10:27:00,17731.1,17731.6,17725.5,17728.2,1483,120056
2024-01-05 10:28:00,17728.2,17729.8,17724.6,17726.7,709,120210
2024-01-05 10:29:00,17726.7,17729.4,17721.5,17721.8,1589,119610
2024-01-05 10:30:00,17721.8,17724.8,17715.9,17718.7,1554,120214
2024-01-05 10:31:00,17718.7,17719.0,17714.5,17716.2,1100,119923
2024-01-05 10:32:00,17716.2,17719.5,17712.3,17713.7,1118,120398
2024-01-05 10:33:00,17713.7,17719.3,17712.0,17713.2,896,119313
2024-01-05 10:34:00,17713.2,17714.0,17706.7,17710.0,962,120007
2024-01-05 10:35:00,17710.0,17710.2,17704.1,17704.5,998,120301
2024-01-05 10:36:00,17704.5,17707.0,17703.2,17704.8,1236,119921
2024-01-05 10:37:00,17704.8,17707.2,17701.5,17706.5,1577,119719
2024-01-05 10:38:00,17706.5,17710.8,17705.2,17710.4,1299,120720
2024-01-05 10:39:00,17710.4,17713.9,17707.3,17707.8,1677,120794
2024-01-05 10:40:00,17707.8,17715.7,17707.3,17711.4,1156,119911
2024-01-05 10:41:00,17711.4,17712.0,17705.2,17707.6,1996,120029
2024-01-05 10:42:00,17707.6,17710.1,17703.9,17705.8,1475,120580
2024-01-05 10:43:00,17705.8,17707.9,17704.3,17707.0,1070,119797
2024-01-05 10:44:00,17707.0,17710.5,17706.4,17709.4,1525,119772
2024-01-05 10:45:00,17709.4,17713.7,17708.6,17712.8,1292,120086
2024-01-05 10:46:00,17712.8,17714.5,17709.3,17709.8,1568,119884
2024-01-05 10:47:00,17709.8,17712.0,17708.2,17711.6,1303,120192
2024-01-05 10:48:00,17711.6,17712.8,17708.2,17709.2,1354,119262
2024-01-05 10:49:00,17709.2,17710.6,17708.7,17710.1,1131,120139
2024-01-05 10:50:00,17710.1,17711.6,17704.7,17706.3,901,119677
2024-01-05 10:51:00,17706.3,17707.6,17701.3,17704.2,1123,119457
2024-01-05 10:52:00,17704.2,17710.6,17703.2,17710.0,1334,120432
2024-01-05 10:53:00,17710.0,17712.2,17702.3,17702.8,1111,119278
2024-01-05 10:54:00,17702.8,17703.1,17699.6,17700.3,1888,119180
2024-01-05 10:55:00,17700.3,17702.7,17693.2,17695.1,1031,119240
2024-01-05 10:56:00,17695.1,17699.4,17692.9,17697.9,1364,119669
2024-01-05 10:57:00,17697.9,17702.7,17694.9,17701.1,1175,119840
2024-01-05 10:58:00,17701.1,17708.5,17700.6,17706.2,1044,119476
2024-01-05 10:59:00,17706.2,17708.2,17700.8,17701.2,942,120360
2024-01-05 11:00:00,17701.2,17702.8,17690.8,17692.2,1482,120261
2024-01-05 11:01:00,17692.2,17692.7,17685.8,17687.9,1387,119390
2024-01-05 11:02:00,17687.9,17691.3,17683.8,17688.3,1626,119484
2024-01-05 11:03:00,17688.3,17690.2,17685.3,17686.5,775,119684
2024-01-05 11:04:00,17686.5,17694.9,17685.6,17690.4,1360,120336
2024-01-05 11:05:00,17690.4,17692.1,17683.3,17684.9,1230,119815
2024-01-05 11:06:00,17684.9,17691.7,17682.6,17687.9,1056,120281
2024-01-05 11:07:00,17687.9,17689.3,17685.9,17687.9,996,120418
2024-01-05 11:08:00,17687.9,17692.5,17686.8,17689.7,1656,120364
2024-01-05 11:09:00,17689.7,17691.7,17687.4,17688.1,1573,119949
2024-01-05 11:10:00,17688.1,17688.6,17686.1,17688.5,1273,120290
2024-01-05 11:11:00,17688.5,17692.3,17686.6,17690.6,1741,120255
2024-01-05 11:12:00,17690.6,17693.7,17688.0,17692.0,839,120072
2024-01-05 11:13:00,17692.0,17698.8,17690.9,17697.4,1082,120329
2024-01-05 11:14:00,17697.4,17698.3,17691.2,17692.5,1330,119149
2024-01-05 11:15:00,17692.5,17698.4,17691.5,17697.8,1746,119988
2024-01-05 11:16:00,17697.8,17699.2,17694.6,17698.7,1347,119466
2024-01-05 11:17:00,17698.7,17699.8,17698.6,17699.0,1105,119595
2024-01-05 11:18:00,17699.0,17699.9,17691.4,17693.0,1107,120254
2024-01-05 11:19:00,17693.0,17698.9,17692.3,17696.8,1181,120252
2024-01-05 11:20:00,17696.8,17698.4,17692.3,17693.2,1119,119485
2024-01-05 11:21:00,17693.2,17695.0,17692.6,17693.1,1685,119911
2024-01-05 11:22:00,17693.1,17694.1,17689.6,17692.7,1353,120508
2024-01-05 11:23:00,17692.7,17702.8,17692.1,17697.1,1360,119449
2024-01-05 11:24:00,17697.1,17705.5,17695.1,17703.6,1478,119933
2024-01-05 11:25:00,17703.6,17706.1,17693.3,17694.7,1377,119586
2024-01-05 11:26:00,17694.7,17698.3,17694.3,17697.7,967,119439
2024-01-05 11:27:00,17697.7,17697.9,17695.3,17697.4,1820,119780
2024-01-05 11:28:00,17697.4,17697.9,17694.2,17697.2,1067,119907
2024-01-05 11:29:00,17697.2,17699.3,17691.9,17692.7,1347,120142
2024-01-05 11:30:00,17692.7,17699.3,17691.5,17699.1,1126,120515
2024-01-05 11:31:00,17699.1,17702.1,17697.8,17701.1,1463,120300
2024-01-05 11:32:00,17701.1,17701.8,17700.2,17701.5,1419,119760
2024-01-05 11:33:00,17701.5,17704.9,17699.2,17700.4,1267,120774
2024-01-05 11:34:00,17700.4,17700.7,17693.0,17694.2,1090,120241
2024-01-05 11:35:00,17694.2,17696.2,17693.7,17695.1,346,120040
2024-01-05 11:36:00,17695.1,17696.9,17692.5,17695.5,1456,120198
2024-01-05 11:37:00,17695.5,17702.6,17693.1,17701.0,1305,119751
2024-01-05 11:38:00,17701.0,17704.5,17699.9,17702.7,1771,120009
2024-01-05 11:39:00,17702.7,17705.0,17696.3,17698.4,1134,120044
2024-01-05 11:40:00,17698.4,17699.0,17696.5,17698.8,1155,119445
2024-01-05 11:41:00,17698.8,17699.0,17690.2,17690.7,1671,119647
2024-01-05 11:42:00,17690.7,17694.9,17687.3,17694.3,1007,119799
2024-01-05 11:43:00,17694.3,17699.1,17692.6,17696.7,899,120544
2024-01-05 11:44:00,17696.7,17700.0,17695.6,17696.7,1195,119600
2024-01-05 11:45:00,17696.7,17702.3,17694.4,17701.2,1035,119164
2024-01-05 11:46:00,17701.2,17702.9,17699.5,17702.8,1498,120077
2024-01-05 11:47:00,17702.8,17705.8,17702.4,17705.6,1893,120644
2024-01-05 11:48:00,17705.6,17708.8,17699.2,17701.9,1169,119934
2024-01-05 11:49:00,17701.9,17702.6,17699.4,17700.2,942,119107
2024-01-05 11:50:00,17700.2,17702.3,17689.4,17691.9,1018,119988
2024-01-05 11:51:00,17691.9,17698.4,17690.8,17695.8,1513,119812
2024-01-05 11:52:00,17695.8,17697.7,17688.8,17689.0,1036,120103
2024-01-05 11:53:00,17689.0,17690.5,17687.1,17690.2,1247,120152
2024-01-05 11:54:00,17690.2,17693.2,17688.0,17692.8,1427,120618
2024-01-05 11:55:00,17692.8,17693.8,17688.6,17690.7,1617,120672
2024-01-05 11:56:00,17690.7,17694.5,17688.0,17691.7,1051,120155
2024-01-05 11:57:00,17691.7,17693.9,17691.1,17692.5,697,120355
2024-01-05 11:58:00,17692.5,17697.8,17689.8,17695.5,1118,119920
2024-01-05 11:59:00,17695.5,17703.1,17694.0,17700.9,591,119885
2024-01-05 12:00:00,17700.9,17701.0,17695.2,17697.2,865,120137
2024-01-05 12:01:00,17697.2,17702.1,17692.8,17692.9,1442,119477
2024-01-05 12:02:00,17692.9,17694.8,17683.5,17685.5,1651,119426
2024-01-05 12:03:00,17685.5,17689.2,17685.2,17688.4,554,119725
2024-01-05 12:04:00,17688.4,17692.8,17688.1,17691.8,868,120063
2024-01-05 12:05:00,17691.8,17693.6,17690.9,17692.6,1086,118996
2024-01-05 12:06:00,17692.6,17694.0,17687.9,17690.4,1515,119974
2024-01-05 12:07:00,17690.4,17691.5,17685.5,17688.5,1009,119680
2024-01-05 12:08:00,17688.5,17693.5,17687.6,17692.5,1646,120275
2024-01-05 12:09:00,17692.5,17693.1,17689.2,17689.2,1795,120303
2024-01-05 12:10:00,17689.2,17691.2,17688.2,17690.9,883,119272
2024-01-05 12:11:00,17690.9,17693.1,17690.1,17692.3,700,119456
2024-01-05 12:12:00,17692.3,17694.4,17691.0,17694.1,1021,120133
2024-01-05 12:13:00,17694.1,17694.5,17692.6,17693.6,1345,120141
2024-01-05 12:14:00,17693.6,17696.9,17690.2,17691.4,1349,119224
2024-01-05 12:15:00,17691.4,17693.3,17686.5,17687.9,1364,119663
2024-01-05 12:16:00,17687.9,17691.1,17685.8,17689.2,511,119807
2024-01-05 12:17:00,17689.2,17691.7,17686.0,17686.4,1671,120722
2024-01-05 12:18:00,17686.4,17691.2,17684.9,17688.0,1150,120200
2024-01-05 12:19:00,17688.0,17691.9,17686.4,17689.3,995,119823
2024-01-05 12:20:00,17689.3,17690.5,17686.2,17690.2,1641,119340
2024-01-05 12:21:00,17690.2,17692.5,17686.0,17686.3,1488,120012
2024-01-05 12:22:00,17686.3,17692.1,17684.7,17690.6,1096,120303
2024-01-05 12:23:00,17690.6,17691.0,17683.7,17684.9,1066,119531
2024-01-05 12:24:00,17684.9,17687.4,17677.5,17677.9,1246,120250
2024-01-05 12:25:00,17677.9,17684.3,17677.0,17681.6,1356,119547
2024-01-05 12:26:00,17681.6,17684.2,17679.8,17684.2,1548,120390
2024-01-05 12:27:00,17684.2,17686.2,17681.7,17686.1,1398,120841
2024-01-05 12:28:00,17686.1,17687.4,17683.3,17684.5,1802,119479
2024-01-05 12:29:00,17684.5,17685.8,17675.9,17676.1,1257,119869
2024-01-05 12:30:00,17676.1,17677.4,17672.7,17674.3,1407,120286
2024-01-05 12:31:00,17674.3,17677.5,17667.9,17668.8,1466,119858
2024-01-05 12:32:00,17668.8,17671.9,17665.6,17669.7,1724,119880
2024-01-05 12:33:00,17669.7,17670.3,17663.9,17665.1,1181,119602
2024-01-05 12:34:00,17665.1,17667.4,17662.4,17665.6,1583,120331
2024-01-05 12:35:00,17665.6,17666.0,17660.9,17663.1,672,120102
2024-01-05 12:36:00,17663.1,17671.7,17661.2,17668.1,1382,120522
2024-01-05 12:37:00,17668.1,17676.0,17664.0,17672.3,1346,120249
2024-01-05 12:38:00,17672.3,17672.9,17669.3,17671.9,1743,119703
2024-01-05 12:39:00,17671.9,17674.7,17668.4,17672.4,878,119464
2024-01-05 12:40:00,17672.4,17674.5,17666.7,17669.3,1996,120130
2024-01-05 12:41:00,17669.3,17670.7,17666.3,17668.1,1701,119981
2024-01-05 12:42:00,17668.1,17671.0,17667.7,17669.6,814,120009
2024-01-05 12:43:00,17669.6,17676.4,17667.6,17672.7,1157,119845
2024-01-05 12:44:00,17672.7,17672.8,17671.8,17672.4,1289,119159
2024-01-05 12:45:00,17672.4,17675.9,17671.9,17673.5,767,120116
2024-01-05 12:46:00,17673.5,17677.1,17673.3,17675.1,1682,120808
2024-01-05 12:47:00,17675.1,17676.6,17674.8,17675.6,1177,120692
2024-01-05 12:48:00,17675.6,17680.2,17674.5,17679.0,1740,120520
2024-01-05 12:49:00,17679.0,17681.1,17674.1,17674.4,1383,118991
2024-01-05 12:50:00,17674.4,17676.4,17667.8,17669.3,1543,119336
2024-01-05 12:51:00,17669.3,17673.1,17662.3,17664.2,1261,120111
2024-01-05 12:52:00,17664.2,17664.9,17659.3,17661.7,1175,120242
2024-01-05 12:53:00,17661.7,17665.3,17653.7,17655.7,1290,119832
2024-01-05 12:54:00,17655.7,17661.7,17655.0,17660.7,1205,119538
2024-01-05 12:55:00,17660.7,17665.1,17659.8,17664.3,1195,119932
2024-01-05 12:56:00,17664.3,17665.6,17662.3,17663.7,1273,120431
2024-01-05 12:57:00,17663.7,17668.8,17662.7,17666.3,1499,119912
2024-01-05 12:58:00,17666.3,17667.8,17665.3,17666.3,1489,119829
2024-01-05 12:59:00,17666.3,17668.0,17663.0,17663.7,934,120052
2024-01-05 13:00:00,17663.7,17669.8,17662.6,17667.7,966,119817
2024-01-05 13:01:00,17667.7,17673.8,17663.1,17672.4,1557,118891
2024-01-05 13:02:00,17672.4,17680.8,17671.6,17679.1,1332,120330
2024-01-05 13:03:00,17679.1,17680.1,17677.1,17677.4,1224,120762
2024-01-05 13:04:00,17677.4,17677.5,17667.5,17670.3,1245,119645
2024-01-05 13:05:00,17670.3,17680.2,17670.0,17679.2,1114,120444
2024-01-05 13:06:00,17679.2,17680.5,17673.6,17677.4,1534,120134
2024-01-05 13:07:00,17677.4,17687.1,17675.8,17685.8,1061,120601
2024-01-05 13:08:00,17685.8,17688.2,17682.4,17683.7,755,119599
2024-01-05 13:09:00,17683.7,17687.1,17681.1,17684.7,1409,120342
2024-01-05 13:10:00,17684.7,17685.2,17675.3,17675.4,1207,119667
2024-01-05 13:11:00,17675.4,17680.8,17671.5,17678.5,1241,119601
2024-01-05 13:12:00,17678.5,17685.7,17677.5,17685.1,883,120210
2024-01-05 13:13:00,17685.1,17688.9,17684.6,17687.2,1463,120277
2024-01-05 13:14:00,17687.2,17691.4,17685.5,17689.0,1356,119731
2024-01-05 13:15:00,17689.0,17693.0,17688.7,17691.8,1085,121066
2024-01-05 13:16:00,17691.8,17693.2,17687.1,17688.4,1562,119980
2024-01-05 13:17:00,17688.4,17689.1,17683.0,17688.7,1070,120682
2024-01-05 13:18:00,17688.7,17689.0,17680.6,17685.9,1009,119747
2024-01-05 13:19:00,17685.9,17689.9,17683.2,17685.0,871,120271
2024-01-05 13:20:00,17685.0,17689.2,17682.5,17684.1,1591,119819
2024-01-05 13:21:00,17684.1,17688.6,17682.3,17687.4,1384,120092
2024-01-05 13:22:00,17687.4,17689.5,17683.7,17684.5,1992,119981
2024-01-05 13:23:00,17684.5,17687.3,17684.0,17685.2,1239,119811
2024-01-05 13:24:00,17685.2,17685.3,17681.8,17682.9,1672,121024
2024-01-05 13:25:00,17682.9,17683.7,17679.4,17680.3,1474,119618
2024-01-05 13:26:00,17680.3,17681.5,17675.0,17678.3,1964,120150
2024-01-05 13:27:00,17678.3,17678.6,17675.1,17677.2,1840,119958
2024-01-05 13:28:00,17677.2,17680.7,17673.6,17675.7,1241,120218
2024-01-05 13:29:00,17675.7,17676.4,17674.1,17674.5,1389,120547
2024-01-05 13:30:00,17674.5,17685.8,17669.9,17681.5,1607,120008
2024-01-05 13:31:00,17681.5,17685.2,17677.6,17679.9,971,120325
2024-01-05 13:32:00,17679.9,17683.2,17677.7,17678.5,1445,119532
2024-01-05 13:33:00,17678.5,17685.1,17677.5,17681.5,1429,119633
2024-01-05 13:34:00,17681.5,17682.3,17677.7,17677.9,1303,119900
2024-01-05 13:35:00,17677.9,17687.7,17675.9,17686.6,939,119130
2024-01-05 13:36:00,17686.6,17687.7,17682.5,17683.1,1092,120294
2024-01-05 13:37:00,17683.1,17685.7,17683.0,17685.0,1288,119340
2024-01-05 13:38:00,17685.0,17686.6,17676.9,17678.5,1054,119913
2024-01-05 13:39:00,17678.5,17681.1,17676.7,17676.9,1400,119753
2024-01-05 13:40:00,17676.9,17680.4,17676.1,17679.7,1187,120206
2024-01-05 13:41:00,17679.7,17686.0,17677.6,17682.1,1146,120325
2024-01-05 13:42:00,17682.1,17683.0,17670.6,17674.0,1255,120090
2024-01-05 13:43:00,17674.0,17675.5,17671.5,17675.5,1690,119327
2024-01-05 13:44:00,17675.5,17677.0,17673.1,17674.3,879,120542
2024-01-05 13:45:00,17674.3,17677.0,17674.0,17676.9,1012,119944
2024-01-08 08:45:00,17663.3,17664.4,17662.8,17663.6,1419,120291
2024-01-08 08:46:00,17663.6,17670.3,17660.7,17666.4,929,119391
2024-01-08 08:47:00,17666.4,17669.6,17664.6,17665.7,1551,120364
2024-01-08 08:48:00,17665.7,17673.2,17663.7,17671.4,1141,119820
2024-01-08 08:49:00,17671.4,17676.2,17667.6,17674.5,883,119511
2024-01-08 08:50:00,17674.5,17677.2,17667.9,17671.5,1398,120170
2024-01-08 08:51:00,17671.5,17679.2,17670.4,17678.3,1411,120187
2024-01-08 08:52:00,17678.3,17684.5,17678.1,17683.0,1182,120130
2024-01-08 08:53:00,17683.0,17684.0,17677.0,17677.2,1396,119421
2024-01-08 08:54:00,17677.2,17679.2,17677.2,17678.9,1411,119585
2024-01-08 08:55:00,17678.9,17679.8,17669.4,17673.8,1478,121033
2024-01-08 08:56:00,17673.8,17676.8,17670.5,17675.1,1613,121138
2024-01-08 08:57:00,17675.1,17675.7,17671.0,17672.0,815,119996
2024-01-08 08:58:00,17672.0,17674.8,17669.9,17672.2,1529,120348
2024-01-08 08:59:00,17672.2,17673.0,17670.7,17672.5,1603,119640
2024-01-08 09:00:00,17672.5,17674.2,17671.9,17674.0,1646,119874
2024-01-08 09:01:00,17674.0,17675.8,17669.7,17670.8,1482,119917
2024-01-08 09:02:00,17670.8,17672.3,17668.4,17668.7,1510,121096
2024-01-08 09:03:00,17668.7,17676.0,17668.0,17675.3,1634,120638
2024-01-08 09:04:00,17675.3,17677.7,17672.3,17674.0,1367,120305
2024-01-08 09:05:00,17674.0,17677.3,17673.0,17675.9,1621,119919
2024-01-08 09:06:00,17675.9,17676.5,17672.4,17673.2,1146,120868
2024-01-08 09:07:00,17673.2,17679.0,17672.7,17676.0,1770,121648
2024-01-08 09:08:00,17676.0,17676.1,17671.7,17674.4,1466,120239
2024-01-08 09:09:00,17674.4,17677.6,17672.8,17675.4,1848,120679
2024-01-08 09:10:00,17675.4,17676.8,17673.6,17676.7,1257,118735
2024-01-08 09:11:00,17676.7,17679.4,17668.0,17670.6,1262,119600
2024-01-08 09:12:00,17670.6,17673.2,17669.1,17669.6,1824,119687
2024-01-08 09:13:00,17669.6,17672.3,17666.4,17666.8,1015,120325
2024-01-08 09:14:00,17666.8,17670.2,17664.5,17665.7,1443,119296
2024-01-08 09:15:00,17665.7,17666.4,17665.0,17665.8,1406,120061
2024-01-08 09:16:00,17665.8,17670.6,17659.5,17661.7,1604,120400
2024-01-08 09:17:00,17661.7,17666.4,17661.3,17665.7,1305,119145
2024-01-08 09:18:00,17665.7,17667.6,17664.5,17666.4,1003,119966
2024-01-08 09:19:00,17666.4,17671.2,17664.4,17669.6,1372,119962
2024-01-08 09:20:00,17669.6,17671.4,17661.2,17662.5,1474,119604
2024-01-08 09:21:00,17662.5,17667.7,17662.0,17665.2,1462,119673
2024-01-08 09:22:00,17665.2,17667.5,17662.0,17664.1,1655,119760
2024-01-08 09:23:00,17664.1,17665.6,17661.5,17664.3,1145,119401
2024-01-08 09:24:00,17664.3,17664.9,17655.5,17657.5,1287,118671
2024-01-08 09:25:00,17657.5,17659.2,17656.2,17657.8,1561,119938
2024-01-08 09:26:00,17657.8,17658.9,17656.8,17658.8,1062,119994
2024-01-08 09:27:00,17658.8,17660.2,17656.9,17658.0,1525,120264
2024-01-08 09:28:00,17658.0,17659.5,17655.2,17656.0,1107,119599
2024-01-08 09:29:00,17656.0,17656.6,17651.8,17652.2,1207,120427
2024-01-08 09:30:00,17652.2,17655.5,17648.3,17655.3,1445,119020
2024-01-08 09:31:00,17655.3,17655.6,17649.1,17652.2,555,119234
2024-01-08 09:32:00,17652.2,17653.6,17646.4,17649.7,1059,120606
2024-01-08 09:33:00,17649.7,17654.0,17647.6,17652.8,1325,119546
2024-01-08 09:34:00,17652.8,17654.0,17648.1,17650.3,1437,120504
2024-01-08 09:35:00,17650.3,17651.6,17643.1,17645.2,1278,120151
2024-01-08 09:36:00,17645.2,17648.8,17644.7,17648.8,1788,120807
2024-01-08 09:37:00,17648.8,17654.0,17647.8,17652.5,1791,120368
2024-01-08 09:38:00,17652.5,17652.7,17649.3,17650.1,882,119711
2024-01-08 09:39:00,17650.1,17658.3,17649.1,17656.1,1393,120482
2024-01-08 09:40:00,17656.1,17657.6,17653.2,17653.4,1111,120774
2024-01-08 09:41:00,17653.4,17655.7,17651.4,17654.0,1477,121244
2024-01-08 09:42:00,17654.0,17656.2,17651.5,17653.8,1157,119355
2024-01-08 09:43:00,17653.8,17656.2,17648.8,17649.8,1045,119565
2024-01-08 09:44:00,17649.8,17650.7,17646.8,17648.5,1669,119833
2024-01-08 09:45:00,17648.5,17653.7,17645.1,17652.1,1486,120132
2024-01-08 09:46:00,17652.1,17654.1,17645.6,17646.5,1116,119589
2024-01-08 09:47:00,17646.5,17647.5,17643.6,17644.4,1315,120936
2024-01-08 09:48:00,17644.4,17645.0,17637.4,17640.1,1469,120286
2024-01-08 09:49:00,17640.1,17641.5,17638.9,17640.5,1445,119307
2024-01-08 09:50:00,17640.5,17647.1,17638.3,17643.6,1221,120983
2024-01-08 09:51:00,17643.6,17646.8,17642.2,17644.5,1732,119203
2024-01-08 09:52:00,17644.5,17645.5,17641.2,17641.7,1190,120751
2024-01-08 09:53:00,17641.7,17642.3,17639.0,17639.7,1232,118843
2024-01-08 09:54:00,17639.7,17640.2,17628.8,17633.2,1083,119988
2024-01-08 09:55:00,17633.2,17640.6,17632.2,17640.5,1393,119581
2024-01-08 09:56:00,17640.5,17641.5,17637.5,17637.5,1079,119753
2024-01-08 09:57:00,17637.5,17640.8,17632.8,17638.4,1086,120142
2024-01-08 09:58:00,17638.4,17639.6,17631.5,17635.0,1817,119786
2024-01-08 09:59:00,17635.0,17640.4,17630.3,17638.3,1812,119192
2024-01-08 10:00:00,17638.3,17640.7,17634.5,17634.7,1244,120667
2024-01-08 10:01:00,17634.7,17636.3,17631.2,17633.7,1728,119721
2024-01-08 10:02:00,17633.7,17635.8,17632.1,17634.3,1216,120458
2024-01-08 10:03:00,17634.3,17634.7,17632.5,17633.5,1697,119267
2024-01-08 10:04:00,17633.5,17636.3,17623.3,17627.6,1816,119992
2024-01-08 10:05:00,17627.6,17629.8,17626.3,17629.1,1455,121018
2024-01-08 10:06:00,17629.1,17634.8,17626.6,17633.4,948,119890
2024-01-08 10:07:00,17633.4,17636.4,17630.6,17633.9,1615,119793
2024-01-08 10:08:00,17633.9,17635.9,17627.3,17628.2,698,120398
2024-01-08 10:09:00,17628.2,17628.9,17620.0,17622.3,1056,120544
2024-01-08 10:10:00,17622.3,17627.5,17621.8,17624.5,1320,120678
2024-01-08 10:11:00,17624.5,17628.5,17621.9,17626.1,1499,120381
2024-01-08 10:12:00,17626.1,17627.4,17623.0,17624.0,1386,118684
2024-01-08 10:13:00,17624.0,17625.6,17620.1,17623.1,1561,119376
2024-01-08 10:14:00,17623.1,17625.6,17619.8,17623.9,1366,119948
2024-01-08 10:15:00,17623.9,17630.9,17620.7,17629.2,1398,120490
2024-01-08 10:16:00,17629.2,17635.9,17625.3,17632.2,1088,120194
2024-01-08 10:17:00,17632.2,17643.1,17630.8,17640.6,842,119221
2024-01-08 10:18:00,17640.6,17643.1,17640.2,17642.9,1126,119569
2024-01-08 10:19:00,17642.9,17645.1,17642.0,17645.0,808,120894
2024-01-08 10:20:00,17645.0,17651.3,17640.9,17649.1,1567,119283
2024-01-08 10:21:00,17649.1,17653.0,17647.0,17650.6,1517,120926
2024-01-08 10:22:00,17650.6,17652.8,17649.6,17651.2,1305,120419
2024-01-08 10:23:00,17651.2,17652.9,17647.5,17647.5,1162,119533
2024-01-08 10:24:00,17647.5,17648.1,17645.5,17645.9,1526,119194
2024-01-08 10:25:00,17645.9,17647.9,17638.5,17640.7,1258,120018
2024-01-08 10:26:00,17640.7,17644.1,17639.6,17642.8,871,119820
2024-01-08 10:27:00,17642.8,17642.9,17635.9,17637.4,1386,120098
2024-01-08 10:28:00,17637.4,17638.7,17630.5,17636.2,746,121213
2024-01-08 10:29:00,17636.2,17638.9,17630.8,17632.8,1520,120107
2024-01-08 10:30:00,17632.8,17633.9,17629.1,17630.6,1477,120627
2024-01-08 10:31:00,17630.6,17631.9,17628.9,17629.7,607,119972
2024-01-08 10:32:00,17629.7,17631.8,17628.7,17631.0,1636,120156
2024-01-08 10:33:00,17631.0,17633.4,17630.7,17632.4,1694,119315
2024-01-08 10:34:00,17632.4,17637.0,17631.4,17632.3,1900,119357
2024-01-08 10:35:00,17632.3,17632.4,17626.7,17628.4,1504,119728
2024-01-08 10:36:00,17628.4,17634.5,17626.1,17634.4,1778,119508
2024-01-08 10:37:00,17634.4,17635.4,17628.8,17629.1,1310,120134
2024-01-08 10:38:00,17629.1,17632.2,17622.8,17628.8,1681,120129
2024-01-08 10:39:00,17628.8,17630.7,17625.9,17628.3,951,120054
2024-01-08 10:40:00,17628.3,17635.6,17627.7,17632.3,1393,120213
2024-01-08 10:41:00,17632.3,17633.5,17628.6,17630.7,1209,121041
2024-01-08 10:42:00,17630.7,17632.0,17624.3,17626.7,1234,119531
2024-01-08 10:43:00,17626.7,17629.7,17623.6,17625.1,1022,119063
2024-01-08 10:44:00,17625.1,17630.9,17624.3,17630.4,1027,118963
2024-01-08 10:45:00,17630.4,17631.0,17624.8,17625.7,1793,120459
2024-01-08 10:46:00,17625.7,17627.6,17621.1,17623.7,1188,121321
2024-01-08 10:47:00,17623.7,17626.7,17619.6,17624.0,1079,120722
2024-01-08 10:48:00,17624.0,17629.0,17621.9,17623.1,1212,120684
2024-01-08 10:49:00,17623.1,17625.0,17622.5,17624.7,1967,120529
2024-01-08 10:50:00,17624.7,17626.0,17619.8,17622.1,1998,120143
2024-01-08 10:51:00,17622.1,17622.8,17620.0,17620.9,1345,119597
2024-01-08 10:52:00,17620.9,17623.9,17619.2,17621.0,1539,119174
2024-01-08 10:53:00,17621.0,17624.7,17618.2,17623.6,1601,120543
2024-01-08 10:54:00,17623.6,17627.8,17619.5,17625.7,1340,119363
2024-01-08 10:55:00,17625.7,17629.3,17624.1,17626.4,1454,119360
2024-01-08 10:56:00,17626.4,17627.2,17621.2,17623.0,1368,119653
2024-01-08 10:57:00,17623.0,17624.0,17621.9,17623.5,877,120020
2024-01-08 10:58:00,17623.5,17623.8,17616.7,17620.7,1550,119719
2024-01-08 10:59:00,17620.7,17624.0,17617.6,17621.0,1498,119489
2024-01-08 11:00:00,17621.0,17621.6,17620.1,17620.7,1342,120410
2024-01-08 11:01:00,17620.7,17625.4,17619.0,17623.0,1091,119840
2024-01-08 11:02:00,17623.0,17623.8,17621.9,17622.9,1296,119834
2024-01-08 11:03:00,17622.9,17623.7,17619.2,17621.0,1831,120511
2024-01-08 11:04:00,17621.0,17623.6,17616.8,17619.7,1424,119720
2024-01-08 11:05:00,17619.7,17623.6,17616.9,17617.7,1373,120295
2024-01-08 11:06:00,17617.7,17620.5,17617.0,17617.7,1197,119947
2024-01-08 11:07:00,17617.7,17618.6,17616.7,17617.6,844,120109
2024-01-08 11:08:00,17617.6,17627.6,17615.7,17623.7,1093,119006
2024-01-08 11:09:00,17623.7,17625.7,17615.0,17617.3,1189,119533
2024-01-08 11:10:00,17617.3,17618.3,17615.8,17616.8,1312,121320
2024-01-08 11:11:00,17616.8,17618.5,17615.7,17617.7,1041,119417
2024-01-08 11:12:00,17617.7,17618.8,17612.8,17613.2,1110,119824
2024-01-08 11:13:00,17613.2,17617.3,17613.1,17616.9,1386,120248
2024-01-08 11:14:00,17616.9,17621.8,17610.3,17614.2,1405,119711
2024-01-08 11:15:00,17614.2,17617.7,17611.4,17613.0,1335,120019
2024-01-08 11:16:00,17613.0,17615.3,17605.4,17609.2,1225,119945
2024-01-08 11:17:00,17609.2,17610.8,17604.0,17604.6,954,120045
2024-01-08 11:18:00,17604.6,17606.0,17598.9,17600.5,801,119210
2024-01-08 11:19:00,17600.5,17603.0,17600.1,17600.9,1256,120165
2024-01-08 11:20:00,17600.9,17605.1,17598.6,17603.8,1358,120427
2024-01-08 11:21:00,17603.8,17603.9,17602.2,17602.6,1253,120317
2024-01-08 11:22:00,17602.6,17603.8,17600.3,17601.1,1945,119639
2024-01-08 11:23:00,17601.1,17606.8,17598.7,17605.2,1469,120305
2024-01-08 11:24:00,17605.2,17610.1,17601.5,17603.0,911,119913
2024-01-08 11:25:00,17603.0,17604.2,17593.2,17596.8,1123,119717
2024-01-08 11:26:00,17596.8,17599.8,17595.9,17596.8,1445,119818
2024-01-08 11:27:00,17596.8,17602.3,17592.6,17595.8,1231,120323
2024-01-08 11:28:00,17595.8,17596.6,17594.4,17596.5,1108,120509
2024-01-08 11:29:00,17596.5,17602.4,17596.1,17602.0,1593,120206
2024-01-08 11:30:00,17602.0,17602.6,17600.4,17600.7,1528,119748
2024-01-08 11:31:00,17600.7,17607.3,17599.5,17603.4,1281,120284
2024-01-08 11:32:00,17603.4,17605.7,17600.4,17601.9,889,120480
2024-01-08 11:33:00,17601.9,17605.6,17599.2,17600.2,1408,120151
2024-01-08 11:34:00,17600.2,17602.4,17592.0,17595.5,1118,120227
2024-01-08 11:35:00,17595.5,17598.7,17592.6,17595.9,1448,119844
2024-01-08 11:36:00,17595.9,17598.0,17591.7,17594.9,1281,120585
2024-01-08 11:37:00,17594.9,17598.4,17594.0,17597.9,1487,119562
2024-01-08 11:38:00,17597.9,17599.6,17592.6,17592.7,1845,119678
2024-01-08 11:39:00,17592.7,17597.9,17591.7,17596.2,1308,119527
2024-01-08 11:40:00,17596.2,17597.2,17595.1,17595.2,986,120122
2024-01-08 11:41:00,17595.2,17603.2,17594.1,17601.4,732,120250
2024-01-08 11:42:00,17601.4,17604.2,17600.3,17602.3,1331,120904
2024-01-08 11:43:00,17602.3,17603.5,17602.1,17602.7,963,121300
2024-01-08 11:44:00,17602.7,17604.0,17602.6,17603.4,859,119319
2024-01-08 11:45:00,17603.4,17606.0,17596.5,17597.5,1199,119284
2024-01-08 11:46:00,17597.5,17597.7,17592.1,17594.6,1561,119597
2024-01-08 11:47:00,17594.6,17594.8,17589.2,17593.6,1542,120020
2024-01-08 11:48:00,17593.6,17594.4,17585.2,17585.9,989,120174
2024-01-08 11:49:00,17585.9,17590.8,17583.0,17590.1,1096,119010
2024-01-08 11:50:00,17590.1,17592.8,17589.5,17590.8,1540,120439
2024-01-08 11:51:00,17590.8,17592.0,17587.5,17591.5,1954,121104
2024-01-08 11:52:00,17591.5,17592.4,17588.9,17591.2,1183,120013
2024-01-08 11:53:00,17591.2,17594.7,17588.5,17589.1,1113,119795
2024-01-08 11:54:00,17589.1,17593.2,17588.2,17590.0,1288,120449
2024-01-08 11:55:00,17590.0,17592.5,17588.6,17591.2,1715,120214
2024-01-08 11:56:00,17591.2,17594.5,17591.0,17593.3,971,120899
2024-01-08 11:57:00,17593.3,17595.9,17592.4,17592.6,1632,119566
2024-01-08 11:58:00,17592.6,17593.2,17587.1,17588.0,1498,120171
2024-01-08 11:59:00,17588.0,17589.5,17579.8,17582.6,1075,119953
2024-01-08 12:00:00,17582.6,17584.9,17579.6,17580.4,1045,120643
2024-01-08 12:01:00,17580.4,17584.0,17579.7,17583.6,1881,120398
2024-01-08 12:02:00,17583.6,17583.9,17578.2,17579.9,1568,119485
2024-01-08 12:03:00,17579.9,17581.1,17576.7,17577.6,985,120003
2024-01-08 12:04:00,17577.6,17579.3,17564.7,17570.1,1353,120124
2024-01-08 12:05:00,17570.1,17572.3,17566.1,17568.4,1621,120567
2024-01-08 12:06:00,17568.4,17570.3,17567.8,17569.5,1630,119973
2024-01-08 12:07:00,17569.5,17572.9,17557.5,17561.1,1053,119694
2024-01-08 12:08:00,17561.1,17566.2,17560.0,17564.4,1343,118938
2024-01-08 12:09:00,17564.4,17572.9,17562.2,17572.2,1342,119732
2024-01-08 12:10:00,17572.2,17572.5,17567.9,17571.2,912,120198
2024-01-08 12:11:00,17571.2,17578.6,17571.2,17577.6,947,120822
2024-01-08 12:12:00,17577.6,17578.8,17569.7,17573.6,1041,120111
2024-01-08 12:13:00,17573.6,17574.1,17567.0,17569.7,1326,119408
2024-01-08 12:14:00,17569.7,17570.2,17562.2,17566.0,1489,119591
2024-01-08 12:15:00,17566.0,17572.6,17564.2,17571.6,1332,120498
2024-01-08 12:16:00,17571.6,17572.8,17560.5,17563.0,988,119390
2024-01-08 12:17:00,17563.0,17563.7,17555.0,17557.5,1434,119248
2024-01-08 12:18:00,17557.5,17557.9,17554.6,17555.8,1228,119518
2024-01-08 12:19:00,17555.8,17558.3,17551.8,17552.7,1426,120527
2024-01-08 12:20:00,17552.7,17554.7,17551.5,17554.1,1226,120872
2024-01-08 12:21:00,17554.1,17554.9,17551.0,17554.8,1547,119648
2024-01-08 12:22:00,17554.8,17559.1,17554.3,17556.5,1352,120070
2024-01-08 12:23:00,17556.5,17558.4,17555.1,17555.9,1466,119662
2024-01-08 12:24:00,17555.9,17556.9,17554.9,17555.9,1406,120237
2024-01-08 12:25:00,17555.9,17559.4,17554.9,17558.0,1147,120167
2024-01-08 12:26:00,17558.0,17559.1,17554.9,17555.6,1317,119661
2024-01-08 12:27:00,17555.6,17559.1,17554.7,17557.6,900,120660
2024-01-08 12:28:00,17557.6,17560.2,17557.6,17559.3,901,119165
2024-01-08 12:29:00,17559.3,17560.3,17558.6,17559.6,1611,120207
2024-01-08 12:30:00,17559.6,17560.8,17555.0,17556.2,1420,120298
2024-01-08 12:31:00,17556.2,17559.1,17553.7,17554.4,1308,120635
2024-01-08 12:32:00,17554.4,17556.7,17553.7,17555.0,1369,119778
2024-01-08 12:33:00,17555.0,17556.9,17552.9,17553.3,1821,119919
2024-01-08 12:34:00,17553.3,17553.7,17547.8,17549.7,1126,120558
2024-01-08 12:35:00,17549.7,17550.5,17548.2,17549.7,1309,119997
2024-01-08 12:36:00,17549.7,17554.3,17546.6,17553.4,968,119660
2024-01-08 12:37:00,17553.4,17557.4,17551.4,17555.6,1208,119990
2024-01-08 12:38:00,17555.6,17558.2,17554.7,17555.3,1585,120196
2024-01-08 12:39:00,17555.3,17558.2,17554.7,17556.6,925,120284
2024-01-08 12:40:00,17556.6,17560.1,17555.9,17559.6,1049,119940
2024-01-08 12:41:00,17559.6,17566.9,17559.2,17565.4,1572,119951
2024-01-08 12:42:00,17565.4,17566.1,17557.8,17560.8,1345,119980
2024-01-08 12:43:00,17560.8,17565.1,17560.0,17560.7,1155,119543
2024-01-08 12:44:00,17560.7,17566.9,17560.5,17565.0,928,120168
2024-01-08 12:45:00,17565.0,17565.4,17559.8,17560.1,1520,119350
2024-01-08 12:46:00,17560.1,17561.7,17557.1,17558.5,780,119804
2024-01-08 12:47:00,17558.5,17560.6,17555.4,17560.2,1633,120029
2024-01-08 12:48:00,17560.2,17564.6,17560.2,17563.7,1359,119780
2024-01-08 12:49:00,17563.7,17572.0,17563.0,17571.5,1107,119722
2024-01-08 12:50:00,17571.5,17572.9,17569.0,17570.9,1311,119791
2024-01-08 12:51:00,17570.9,17578.8,17569.6,17578.4,1484,120874
2024-01-08 12:52:00,17578.4,17580.8,17570.7,17572.8,1152,119304
2024-01-08 12:53:00,17572.8,17575.6,17569.9,17571.1,1198,119926
2024-01-08 12:54:00,17571.1,17572.6,17571.0,17572.0,1688,120083
2024-01-08 12:55:00,17572.0,17576.5,17570.7,17576.2,892,118603
2024-01-08 12:56:00,17576.2,17578.6,17574.7,17574.7,1684,118870
2024-01-08 12:57:00,17574.7,17580.1,17571.0,17577.1,1971,120378
2024-01-08 12:58:00,17577.1,17579.8,17566.2,17566.7,1747,119536
2024-01-08 12:59:00,17566.7,17567.6,17562.5,17567.4,1338,120398
2024-01-08 13:00:00,17567.4,17568.4,17562.7,17564.0,1306,120567
2024-01-08 13:01:00,17564.0,17569.5,17563.5,17566.3,1612,119927
2024-01-08 13:02:00,17566.3,17569.3,17565.4,17568.6,1522,119841
2024-01-08 13:03:00,17568.6,17572.2,17567.0,17567.5,948,119614
2024-01-08 13:04:00,17567.5,17568.8,17565.0,17566.2,1438,119909
2024-01-08 13:05:00,17566.2,17568.9,17563.1,17567.1,1786,119699
2024-01-08 13:06:00,17567.1,17569.5,17560.9,17562.8,1020,120151
2024-01-08 13:07:00,17562.8,17565.1,17562.4,17563.4,1363,119850
2024-01-08 13:08:00,17563.4,17572.1,17561.9,17568.9,1390,119870
2024-01-08 13:09:00,17568.9,17570.0,17565.7,17568.0,1218,120470
2024-01-08 13:10:00,17568.0,17574.7,17567.7,17572.8,1703,119960
2024-01-08 13:11:00,17572.8,17575.4,17570.0,17572.4,1603,119524
2024-01-08 13:12:00,17572.4,17576.3,17567.5,17568.0,976,119845
2024-01-08 13:13:00,17568.0,17572.1,17566.3,17570.0,1782,120363
2024-01-08 13:14:00,17570.0,17574.0,17569.0,17571.6,1124,119293
2024-01-08 13:15:00,17571.6,17575.6,17571.1,17574.2,1330,119831
2024-01-08 13:16:00,17574.2,17576.2,17569.6,17572.8,1174,119609
2024-01-08 13:17:00,17572.8,17579.8,17571.7,17579.6,1200,120427
2024-01-08 13:18:00,17579.6,17579.8,17576.7,17579.3,1066,120556
2024-01-08 13:19:00,17579.3,17582.8,17575.9,17580.7,1125,120155
2024-01-08 13:20:00,17580.7,17587.3,17580.3,17583.1,1032,119619
2024-01-08 13:21:00,17583.1,17585.8,17578.1,17578.4,1107,120573
2024-01-08 13:22:00,17578.4,17583.7,17577.4,17583.1,1387,119153
2024-01-08 13:23:00,17583.1,17586.2,17582.7,17584.9,1513,120008
2024-01-08 13:24:00,17584.9,17588.2,17584.6,17585.5,1787,120428
2024-01-08 13:25:00,17585.5,17585.6,17583.2,17584.5,1665,121387
2024-01-08 13:26:00,17584.5,17585.1,17582.7,17583.7,1327,119917
2024-01-08 13:27:00,17583.7,17588.8,17581.9,17585.9,1370,120033
2024-01-08 13:28:00,17585.9,17587.7,17583.5,17586.6,984,119659
2024-01-08 13:29:00,17586.6,17590.5,17586.2,17590.3,1663,119082
2024-01-08 13:30:00,17590.3,17596.0,17587.8,17595.6,1663,120899
2024-01-08 13:31:00,17595.6,17601.3,17594.2,17600.8,1461,119315
2024-01-08 13:32:00,17600.8,17611.8,17596.7,17609.8,1291,120132
2024-01-08 13:33:00,17609.8,17612.6,17605.3,17608.9,1354,119686
2024-01-08 13:34:00,17608.9,17610.2,17602.0,17606.5,817,120005
2024-01-08 13:35:00,17606.5,17608.5,17605.6,17607.5,783,119804
2024-01-08 13:36:00,17607.5,17608.1,17605.8,17607.0,715,120782
2024-01-08 13:37:00,17607.0,17608.0,17598.7,17599.6,1595,120276
2024-01-08 13:38:00,17599.6,17600.2,17595.6,17598.9,1272,119634
2024-01-08 13:39:00,17598.9,17601.2,17595.6,17595.6,1173,120435
2024-01-08 13:40:00,17595.6,17598.6,17592.2,17593.7,1307,119084
2024-01-08 13:41:00,17593.7,17598.8,17593.5,17598.3,1338,120330
2024-01-08 13:42:00,17598.3,17602.2,17596.9,17600.6,1890,118945
2024-01-08 13:43:00,17600.6,17602.4,17595.3,17597.1,1383,120156
2024-01-08 13:44:00,17597.1,17597.7,17592.1,17594.0,1131,119618
2024-01-08 13:45:00,17594.0,17596.0,17591.1,17591.5,1387,119588
2024-01-09 08:45:00,17584.5,17586.3,17581.6,17586.0,1221,120160
2024-01-09 08:46:00,17586.0,17590.3,17583.8,17588.3,886,120203
2024-01-09 08:47:00,17588.3,17588.8,17587.3,17587.6,1360,120314
2024-01-09 08:48:00,17587.6,17589.1,17585.0,17586.2,882,119880
2024-01-09 08:49:00,17586.2,17598.8,17586.1,17591.6,1307,119179
2024-01-09 08:50:00,17591.6,17592.1,17590.4,17592.0,1830,120105
2024-01-09 08:51:00,17592.0,17594.2,17587.0,17588.5,1109,119532
2024-01-09 08:52:00,17588.5,17588.8,17581.4,17582.6,1543,120120
2024-01-09 08:53:00,17582.6,17590.7,17582.2,17588.3,1413,119179
2024-01-09 08:54:00,17588.3,17590.5,17587.2,17587.7,1048,120326
2024-01-09 08:55:00,17587.7,17593.7,17586.4,17593.2,935,120197
2024-01-09 08:56:00,17593.2,17595.1,17586.7,17590.0,1818,120910
2024-01-09 08:57:00,17590.0,17591.3,17588.4,17590.4,901,120370
2024-01-09 08:58:00,17590.4,17592.3,17583.6,17585.4,1237,120867
2024-01-09 08:59:00,17585.4,17587.3,17584.8,17586.3,1556,119868
2024-01-09 09:00:00,17586.3,17588.2,17579.9,17583.0,922,120335
2024-01-09 09:01:00,17583.0,17584.9,17581.1,17582.7,1354,120222
2024-01-09 09:02:00,17582.7,17583.6,17578.5,17579.2,1218,120502
2024-01-09 09:03:00,17579.2,17584.9,17578.6,17581.9,1107,120022
2024-01-09 09:04:00,17581.9,17592.3,17581.6,17590.1,1513,119897
2024-01-09 09:05:00,17590.1,17592.3,17588.1,17589.0,1580,120873
2024-01-09 09:06:00,17589.0,17589.6,17585.3,17587.2,1538,119813
2024-01-09 09:07:00,17587.2,17591.3,17586.1,17587.4,1439,120247
2024-01-09 09:08:00,17587.4,17588.7,17579.7,17582.4,1364,120617
2024-01-09 09:09:00,17582.4,17585.4,17580.6,17580.7,1294,120060
2024-01-09 09:10:00,17580.7,17582.0,17577.7,17581.5,1622,118916
2024-01-09 09:11:00,17581.5,17583.1,17578.7,17580.2,864,119623
2024-01-09 09:12:00,17580.2,17584.2,17575.5,17578.5,1426,119899
2024-01-09 09:13:00,17578.5,17581.3,17573.3,17575.7,1402,120337
2024-01-09 09:14:00,17575.7,17582.2,17571.4,17580.3,1472,120263
2024-01-09 09:15:00,17580.3,17588.2,17577.3,17584.4,1339,121008
2024-01-09 09:16:00,17584.4,17587.2,17582.5,17583.7,1945,119743
2024-01-09 09:17:00,17583.7,17584.1,17576.1,17578.4,1680,119969
2024-01-09 09:18:00,17578.4,17579.8,17575.7,17579.8,1614,119748
2024-01-09 09:19:00,17579.8,17583.2,17577.4,17583.2,1186,120045
2024-01-09 09:20:00,17583.2,17586.3,17578.7,17581.2,1637,120309
2024-01-09 09:21:00,17581.2,17582.2,17578.3,17578.4,1531,119778
2024-01-09 09:22:00,17578.4,17580.7,17576.1,17578.4,1457,120059
2024-01-09 09:23:00,17578.4,17589.3,17575.5,17586.9,1399,119743
2024-01-09 09:24:00,17586.9,17588.6,17586.2,17588.5,1656,119844
2024-01-09 09:25:00,17588.5,17589.7,17585.5,17589.4,1460,120386
2024-01-09 09:26:00,17589.4,17590.1,17588.8,17589.6,1113,119687
2024-01-09 09:27:00,17589.6,17590.7,17580.7,17583.3,1166,118957
2024-01-09 09:28:00,17583.3,17584.4,17580.8,17581.0,1309,120119
2024-01-09 09:29:00,17581.0,17582.7,17574.2,17575.1,1309,120218
2024-01-09 09:30:00,17575.1,17577.9,17565.1,17565.8,1467,119827
2024-01-09 09:31:00,17565.8,17568.4,17561.2,17563.6,1388,119734
2024-01-09 09:32:00,17563.6,17567.2,17562.2,17565.4,1467,119700
2024-01-09 09:33:00,17565.4,17566.1,17562.2,17564.6,1441,119905
2024-01-09 09:34:00,17564.6,17567.1,17563.6,17565.3,1569,119799
2024-01-09 09:35:00,17565.3,17569.2,17565.1,17568.5,1472,119335
2024-01-09 09:36:00,17568.5,17569.0,17567.3,17567.6,1549,118838
2024-01-09 09:37:00,17567.6,17569.6,17560.3,17561.8,1883,119942
2024-01-09 09:38:00,17561.8,17570.4,17557.2,17566.0,802,119750
2024-01-09 09:39:00,17566.0,17569.0,17560.5,17561.0,1089,120617
2024-01-09 09:40:00,17561.0,17564.5,17559.6,17563.3,1023,119651
2024-01-09 09:41:00,17563.3,17569.1,17562.3,17567.4,1161,119718
2024-01-09 09:42:00,17567.4,17570.5,17558.2,17558.5,1712,120342
2024-01-09 09:43:00,17558.5,17558.8,17553.3,17556.7,1223,119879
2024-01-09 09:44:00,17556.7,17557.9,17553.8,17554.6,1465,121101
2024-01-09 09:45:00,17554.6,17560.4,17551.8,17556.5,1281,119554
2024-01-09 09:46:00,17556.5,17559.3,17555.4,17555.6,936,120715
2024-01-09 09:47:00,17555.6,17555.7,17554.5,17554.9,1453,119632
2024-01-09 09:48:00,17554.9,17557.6,17552.4,17555.1,1054,120007
2024-01-09 09:49:00,17555.1,17561.0,17552.4,17560.4,1105,120298
2024-01-09 09:50:00,17560.4,17560.5,17559.6,17560.1,1216,120250
2024-01-09 09:51:00,17560.1,17565.6,17559.0,17564.7,1637,120365
2024-01-09 09:52:00,17564.7,17572.7,17564.7,17568.7,1420,119932
2024-01-09 09:53:00,17568.7,17569.0,17564.2,17565.7,1401,120338
2024-01-09 09:54:00,17565.7,17567.8,17563.8,17564.9,1120,120039
2024-01-09 09:55:00,17564.9,17566.8,17563.1,17563.5,1459,120469
2024-01-09 09:56:00,17563.5,17563.6,17557.5,17557.8,745,120027
2024-01-09 09:57:00,17557.8,17560.6,17554.4,17557.1,1337,118873
2024-01-09 09:58:00,17557.1,17557.7,17555.2,17555.4,1071,119464
2024-01-09 09:59:00,17555.4,17558.2,17553.5,17556.3,1446,120118
2024-01-09 10:00:00,17556.3,17556.5,17554.2,17554.3,1344,119196
2024-01-09 10:01:00,17554.3,17558.9,17554.0,17554.3,2040,119513
2024-01-09 10:02:00,17554.3,17555.9,17549.8,17551.4,990,119881
2024-01-09 10:03:00,17551.4,17553.7,17550.5,17552.0,1119,119868
2024-01-09 10:04:00,17552.0,17552.6,17546.8,17549.5,1050,119421
2024-01-09 10:05:00,17549.5,17550.7,17546.4,17549.3,900,119071
2024-01-09 10:06:00,17549.3,17550.7,17545.4,17549.0,1418,119489
2024-01-09 10:07:00,17549.0,17550.0,17542.4,17545.2,1276,120549
2024-01-09 10:08:00,17545.2,17546.6,17540.1,17544.0,857,120042
2024-01-09 10:09:00,17544.0,17544.4,17540.7,17543.6,1561,119748
2024-01-09 10:10:00,17543.6,17545.8,17535.8,17537.1,1277,119167
2024-01-09 10:11:00,17537.1,17540.2,17535.4,17540.2,1730,119852
2024-01-09 10:12:00,17540.2,17541.3,17534.5,17538.0,1623,119969
2024-01-09 10:13:00,17538.0,17540.2,17533.9,17536.5,1206,120230
2024-01-09 10:14:00,17536.5,17541.1,17535.0,17536.4,1453,120917
2024-01-09 10:15:00,17536.4,17537.2,17535.9,17535.9,1178,119424
2024-01-09 10:16:00,17535.9,17538.6,17531.7,17532.7,1555,119905
2024-01-09 10:17:00,17532.7,17534.7,17526.0,17530.4,775,120279
2024-01-09 10:18:00,17530.4,17531.6,17529.1,17530.9,1761,119936
2024-01-09 10:19:00,17530.9,17540.8,17529.4,17538.5,871,119290
2024-01-09 10:20:00,17538.5,17541.4,17537.3,17539.9,1467,119636
2024-01-09 10:21:00,17539.9,17546.8,17539.5,17543.8,1385,120105
2024-01-09 10:22:00,17543.8,17544.1,17538.7,17543.8,859,120498
2024-01-09 10:23:00,17543.8,17549.0,17543.7,17546.2,1806,119930
2024-01-09 10:24:00,17546.2,17550.8,17545.1,17549.9,1571,119276
2024-01-09 10:25:00,17549.9,17558.9,17549.8,17555.2,1713,119732
2024-01-09 10:26:00,17555.2,17555.7,17553.2,17554.3,1511,120446
2024-01-09 10:27:00,17554.3,17557.6,17551.3,17556.6,1425,119823
2024-01-09 10:28:00,17556.6,17559.0,17550.4,17550.9,1757,120190
2024-01-09 10:29:00,17550.9,17553.1,17545.9,17547.9,994,120080
2024-01-09 10:30:00,17547.9,17557.2,17544.3,17551.8,1155,120469
2024-01-09 10:31:00,17551.8,17555.6,17550.7,17552.1,1151,120482
2024-01-09 10:32:00,17552.1,17553.4,17548.7,17549.3,1219,118958
2024-01-09 10:33:00,17549.3,17558.2,17546.9,17552.9,1705,119151
2024-01-09 10:34:00,17552.9,17554.5,17552.2,17552.6,1456,119353
2024-01-09 10:35:00,17552.6,17554.1,17550.2,17552.0,1671,120642
2024-01-09 10:36:00,17552.0,17554.9,17546.5,17550.4,1115,120267
2024-01-09 10:37:00,17550.4,17555.9,17548.4,17553.7,1311,120344
2024-01-09 10:38:00,17553.7,17556.7,17551.9,17553.8,1470,119936
2024-01-09 10:39:00,17553.8,17557.7,17549.9,17551.8,1321,119649
2024-01-09 10:40:00,17551.8,17554.0,17550.7,17551.6,1207,120406
2024-01-09 10:41:00,17551.6,17555.0,17550.7,17554.8,1082,119053
2024-01-09 10:42:00,17554.8,17561.7,17552.5,17560.3,1045,119430
2024-01-09 10:43:00,17560.3,17564.3,17558.3,17564.1,1058,119499
2024-01-09 10:44:00,17564.1,17570.9,17564.0,17568.1,1446,120184
2024-01-09 10:45:00,17568.1,17569.1,17563.4,17568.9,1294,119751
2024-01-09 10:46:00,17568.9,17571.8,17561.7,17564.2,1188,120178
2024-01-09 10:47:00,17564.2,17568.0,17563.4,17564.3,1561,119944
2024-01-09 10:48:00,17564.3,17566.5,17560.1,17560.8,952,119715
2024-01-09 10:49:00,17560.8,17562.7,17557.8,17559.3,1137,120068
2024-01-09 10:50:00,17559.3,17566.9,17557.1,17565.5,1300,119774
2024-01-09 10:51:00,17565.5,17567.4,17561.3,17564.4,1181,119353
2024-01-09 10:52:00,17564.4,17570.0,17555.7,17560.5,2013,119846
2024-01-09 10:53:00,17560.5,17561.6,17554.6,17556.7,1217,119533
2024-01-09 10:54:00,17556.7,17560.0,17556.0,17559.8,1117,119900
2024-01-09 10:55:00,17559.8,17560.0,17552.8,17553.4,1424,119764
2024-01-09 10:56:00,17553.4,17553.6,17547.0,17550.0,1256,120891
2024-01-09 10:57:00,17550.0,17551.7,17540.7,17541.2,900,118630
2024-01-09 10:58:00,17541.2,17543.4,17539.6,17541.4,1257,119891
2024-01-09 10:59:00,17541.4,17542.6,17537.6,17539.2,1641,120612
2024-01-09 11:00:00,17539.2,17540.9,17531.8,17533.7,918,119711
2024-01-09 11:01:00,17533.7,17536.2,17531.3,17534.2,1257,120270
2024-01-09 11:02:00,17534.2,17538.6,17534.2,17535.4,1259,119901
2024-01-09 11:03:00,17535.4,17538.0,17525.5,17530.8,1741,120980
2024-01-09 11:04:00,17530.8,17532.5,17524.0,17524.8,1239,120310
2024-01-09 11:05:00,17524.8,17530.1,17522.6,17524.5,1063,119457
2024-01-09 11:06:00,17524.5,17529.8,17524.0,17529.3,1344,120033
2024-01-09 11:07:00,17529.3,17535.2,17524.7,17533.3,1133,119602
2024-01-09 11:08:00,17533.3,17536.7,17529.2,17531.1,863,120478
2024-01-09 11:09:00,17531.1,17531.6,17524.4,17527.3,1198,120187
2024-01-09 11:10:00,17527.3,17532.0,17526.1,17530.8,987,120645
2024-01-09 11:11:00,17530.8,17532.9,17530.1,17531.5,1284,119111
2024-01-09 11:12:00,17531.5,17535.2,17530.2,17533.2,1047,119793
2024-01-09 11:13:00,17533.2,17537.2,17530.8,17532.5,1353,119693
2024-01-09 11:14:00,17532.5,17533.1,17530.1,17532.7,1171,120220
2024-01-09 11:15:00,17532.7,17535.4,17528.7,17529.0,1180,119139
2024-01-09 11:16:00,17529.0,17535.5,17524.8,17533.1,1162,120285
2024-01-09 11:17:00,17533.1,17538.5,17530.8,17537.4,1347,119756
2024-01-09 11:18:00,17537.4,17540.1,17536.1,17539.1,1627,120079
2024-01-09 11:19:00,17539.1,17541.4,17538.0,17538.3,1053,120474
2024-01-09 11:20:00,17538.3,17540.6,17529.2,17530.9,1300,120571
2024-01-09 11:21:00,17530.9,17531.5,17526.6,17529.5,929,120222
2024-01-09 11:22:00,17529.5,17531.7,17526.2,17528.0,1275,119666
2024-01-09 11:23:00,17528.0,17531.0,17525.3,17527.4,1315,120321
2024-01-09 11:24:00,17527.4,17531.0,17522.8,17525.4,1192,120099
2024-01-09 11:25:00,17525.4,17530.6,17523.4,17528.6,1505,120172
2024-01-09 11:26:00,17528.6,17531.6,17522.4,17523.1,1373,119986
2024-01-09 11:27:00,17523.1,17527.6,17520.7,17526.7,1740,120348
2024-01-09 11:28:00,17526.7,17532.2,17526.1,17532.1,1570,119490
2024-01-09 11:29:00,17532.1,17533.8,17525.5,17526.7,1834,121284
2024-01-09 11:30:00,17526.7,17526.9,17525.4,17526.0,1226,120171
2024-01-09 11:31:00,17526.0,17527.9,17525.8,17527.2,1118,119633
2024-01-09 11:32:00,17527.2,17528.6,17524.8,17525.8,1142,120485
2024-01-09 11:33:00,17525.8,17527.9,17525.4,17526.0,1840,120698
2024-01-09 11:34:00,17526.0,17531.4,17524.7,17528.5,1822,119387
2024-01-09 11:35:00,17528.5,17530.0,17524.7,17528.8,911,119782
2024-01-09 11:36:00,17528.8,17531.3,17526.9,17530.5,1201,119537
2024-01-09 11:37:00,17530.5,17537.7,17530.0,17535.3,816,119454
2024-01-09 11:38:00,17535.3,17535.4,17531.1,17533.5,1321,120145
2024-01-09 11:39:00,17533.5,17537.3,17531.2,17535.0,1755,120262
2024-01-09 11:40:00,17535.0,17540.9,17535.0,17540.4,1710,119914
2024-01-09 11:41:00,17540.4,17544.0,17537.9,17538.3,1059,119994
2024-01-09 11:42:00,17538.3,17540.3,17528.1,17530.8,926,119664
2024-01-09 11:43:00,17530.8,17539.2,17530.1,17537.3,1249,120200
2024-01-09 11:44:00,17537.3,17543.8,17536.1,17542.2,1238,120771
2024-01-09 11:45:00,17542.2,17546.5,17541.5,17544.3,1840,119091
2024-01-09 11:46:00,17544.3,17545.4,17540.3,17540.6,959,118248
2024-01-09 11:47:00,17540.6,17542.9,17537.4,17539.4,955,120387
2024-01-09 11:48:00,17539.4,17546.1,17538.7,17544.3,844,119999
2024-01-09 11:49:00,17544.3,17544.7,17536.8,17541.7,1574,119077
2024-01-09 11:50:00,17541.7,17542.2,17532.9,17537.0,815,119528
2024-01-09 11:51:00,17537.0,17538.4,17530.3,17530.5,1811,120434
2024-01-09 11:52:00,17530.5,17531.0,17520.2,17521.9,1436,119828
2024-01-09 11:53:00,17521.9,17524.5,17521.1,17523.2,803,119792
2024-01-09 11:54:00,17523.2,17526.5,17522.8,17525.3,1499,119951
2024-01-09 11:55:00,17525.3,17525.7,17519.1,17520.8,1693,119707
2024-01-09 11:56:00,17520.8,17521.7,17518.1,17521.2,1395,119532
2024-01-09 11:57:00,17521.2,17522.8,17520.0,17521.5,1281,120040
2024-01-09 11:58:00,17521.5,17524.0,17520.9,17523.2,1409,119789
2024-01-09 11:59:00,17523.2,17524.4,17523.1,17523.3,1547,120405
2024-01-09 12:00:00,17523.3,17528.6,17523.0,17526.1,1597,119838
2024-01-09 12:01:00,17526.1,17531.2,17522.8,17529.7,1550,120339
2024-01-09 12:02:00,17529.7,17531.8,17528.4,17530.8,1554,119359
2024-01-09 12:03:00,17530.8,17536.7,17529.5,17536.2,1590,120125
2024-01-09 12:04:00,17536.2,17540.5,17535.2,17536.0,1468,119266
2024-01-09 12:05:00,17536.0,17536.8,17533.9,17536.6,788,119722
2024-01-09 12:06:00,17536.6,17538.4,17535.6,17535.9,682,118866
2024-01-09 12:07:00,17535.9,17537.0,17534.2,17535.8,1410,120151
2024-01-09 12:08:00,17535.8,17538.0,17532.4,17537.9,1299,120063
2024-01-09 12:09:00,17537.9,17546.1,17533.3,17543.1,1274,119467
2024-01-09 12:10:00,17543.1,17545.4,17542.0,17542.1,1074,120344
2024-01-09 12:11:00,17542.1,17545.6,17538.7,17545.6,1933,118789
2024-01-09 12:12:00,17545.6,17549.4,17544.6,17545.7,1745,120285
2024-01-09 12:13:00,17545.7,17546.9,17540.6,17540.6,1700,119968
2024-01-09 12:14:00,17540.6,17541.7,17538.5,17538.9,1361,121148
2024-01-09 12:15:00,17538.9,17541.4,17537.2,17538.4,1381,120087
2024-01-09 12:16:00,17538.4,17539.4,17535.0,17535.9,1138,119705
2024-01-09 12:17:00,17535.9,17542.2,17535.8,17539.4,1220,120373
2024-01-09 12:18:00,17539.4,17541.2,17537.2,17538.7,1429,120138
2024-01-09 12:19:00,17538.7,17542.2,17537.7,17539.0,1380,120549
2024-01-09 12:20:00,17539.0,17540.9,17537.1,17540.4,1969,119721
2024-01-09 12:21:00,17540.4,17542.9,17540.2,17542.7,734,119682
2024-01-09 12:22:00,17542.7,17545.5,17537.6,17539.8,1698,119525
2024-01-09 12:23:00,17539.8,17540.6,17538.1,17539.2,832,120695
2024-01-09 12:24:00,17539.2,17545.6,17537.3,17543.2,1573,120620
2024-01-09 12:25:00,17543.2,17544.3,17537.6,17540.5,1405,119910
2024-01-09 12:26:00,17540.5,17541.0,17536.5,17537.4,403,120237
2024-01-09 12:27:00,17537.4,17544.0,17537.1,17542.8,1082,119880
2024-01-09 12:28:00,17542.8,17550.4,17538.2,17547.7,849,120430
2024-01-09 12:29:00,17547.7,17548.6,17541.0,17545.3,1584,120215
2024-01-09 12:30:00,17545.3,17550.1,17542.7,17549.1,1355,119913
2024-01-09 12:31:00,17549.1,17551.6,17546.6,17547.4,1427,119260
2024-01-09 12:32:00,17547.4,17549.4,17545.5,17547.2,744,120295
2024-01-09 12:33:00,17547.2,17547.2,17544.8,17546.8,1355,119502
2024-01-09 12:34:00,17546.8,17548.0,17545.7,17546.5,1477,119662
2024-01-09 12:35:00,17546.5,17547.0,17537.5,17539.7,1203,119411
2024-01-09 12:36:00,17539.7,17541.0,17538.2,17538.9,932,120072
2024-01-09 12:37:00,17538.9,17539.8,17538.3,17539.8,1671,120831
2024-01-09 12:38:00,17539.8,17543.0,17539.1,17542.3,883,120005
2024-01-09 12:39:00,17542.3,17548.9,17542.3,17548.8,1064,120557
2024-01-09 12:40:00,17548.8,17549.4,17547.1,17547.8,935,119910
2024-01-09 12:41:00,17547.8,17549.2,17543.2,17544.3,1816,120323
2024-01-09 12:42:00,17544.3,17546.7,17543.1,17545.4,1259,120610
2024-01-09 12:43:00,17545.4,17548.8,17544.2,17544.6,1327,119767
2024-01-09 12:44:00,17544.6,17546.6,17542.2,17544.5,801,119579
2024-01-09 12:45:00,17544.5,17545.1,17539.9,17541.2,1253,120655
2024-01-09 12:46:00,17541.2,17546.4,17540.4,17543.3,1480,119928
2024-01-09 12:47:00,17543.3,17544.0,17539.5,17540.0,1380,120290
2024-01-09 12:48:00,17540.0,17542.4,17536.8,17541.5,1328,119938
2024-01-09 12:49:00,17541.5,17542.1,17539.8,17540.9,976,120422
2024-01-09 12:50:00,17540.9,17542.4,17540.7,17542.1,1956,120225
2024-01-09 12:51:00,17542.1,17545.3,17541.3,17541.8,1445,119364
2024-01-09 12:52:00,17541.8,17542.1,17539.7,17541.3,848,119907
2024-01-09 12:53:00,17541.3,17541.3,17539.6,17540.5,1563,120548
2024-01-09 12:54:00,17540.5,17550.0,17539.6,17549.5,1262,119960
2024-01-09 12:55:00,17549.5,17549.9,17545.1,17546.4,916,120078
2024-01-09 12:56:00,17546.4,17546.8,17543.8,17544.4,1451,120720
2024-01-09 12:57:00,17544.4,17547.0,17543.7,17546.3,1363,119792
2024-01-09 12:58:00,17546.3,17548.6,17544.5,17545.1,1157,120093
2024-01-09 12:59:00,17545.1,17546.1,17544.1,17544.6,1179,119703
2024-01-09 13:00:00,17544.6,17548.5,17541.9,17547.1,928,120231
2024-01-09 13:01:00,17547.1,17549.2,17546.6,17548.5,1571,119871
2024-01-09 13:02:00,17548.5,17549.2,17543.2,17547.2,987,120539
2024-01-09 13:03:00,17547.2,17548.3,17542.1,17544.3,933,119558
2024-01-09 13:04:00,17544.3,17549.8,17543.1,17547.4,1824,119864
2024-01-09 13:05:00,17547.4,17551.2,17545.9,17548.7,1799,119626
2024-01-09 13:06:00,17548.7,17549.5,17543.7,17548.4,1309,120434
2024-01-09 13:07:00,17548.4,17553.3,17546.6,17552.5,1205,119136
2024-01-09 13:08:00,17552.5,17552.6,17546.7,17551.2,942,119961
2024-01-09 13:09:00,17551.2,17553.9,17551.1,17552.7,1102,120289
2024-01-09 13:10:00,17552.7,17554.1,17544.8,17547.9,1574,119549
2024-01-09 13:11:00,17547.9,17554.2,17546.7,17553.3,993,120286
2024-01-09 13:12:00,17553.3,17553.9,17548.3,17549.1,1033,119542
2024-01-09 13:13:00,17549.1,17551.8,17545.9,17547.3,1294,119220
2024-01-09 13:14:00,17547.3,17547.5,17547.0,17547.4,1297,118826
2024-01-09 13:15:00,17547.4,17548.0,17543.9,17544.2,959,120788
2024-01-09 13:16:00,17544.2,17551.3,17543.9,17548.5,1460,120807
2024-01-09 13:17:00,17548.5,17549.8,17540.3,17541.1,1347,119850
2024-01-09 13:18:00,17541.1,17550.8,17540.5,17546.9,1020,121276
2024-01-09 13:19:00,17546.9,17550.5,17544.7,17548.4,1238,119832
2024-01-09 13:20:00,17548.4,17555.5,17546.5,17552.1,1353,120176
2024-01-09 13:21:00,17552.1,17556.1,17550.5,17552.8,1412,120256
2024-01-09 13:22:00,17552.8,17556.1,17552.0,17552.5,1059,119614
2024-01-09 13:23:00,17552.5,17554.8,17549.5,17554.2,1260,120283
2024-01-09 13:24:00,17554.2,17555.2,17554.2,17554.9,945,120943
2024-01-09 13:25:00,17554.9,17557.0,17551.2,17555.3,768,119686
2024-01-09 13:26:00,17555.3,17560.1,17554.8,17558.9,995,120743
2024-01-09 13:27:00,17558.9,17572.2,17558.2,17566.8,1446,120244
2024-01-09 13:28:00,17566.8,17567.7,17563.6,17565.0,1754,119105
2024-01-09 13:29:00,17565.0,17565.9,17560.5,17562.5,1133,120660
2024-01-09 13:30:00,17562.5,17564.6,17561.6,17563.5,891,120081
2024-01-09 13:31:00,17563.5,17567.5,17562.2,17565.1,1340,119902
2024-01-09 13:32:00,17565.1,17567.5,17561.7,17564.2,1461,120017
2024-01-09 13:33:00,17564.2,17566.9,17560.3,17561.2,1532,120079
2024-01-09 13:34:00,17561.2,17566.0,17557.9,17565.6,1093,120416
2024-01-09 13:35:00,17565.6,17566.8,17565.6,17566.5,1148,120319
2024-01-09 13:36:00,17566.5,17567.3,17564.6,17564.7,817,120768
2024-01-09 13:37:00,17564.7,17566.3,17562.6,17563.8,1292,119769
2024-01-09 13:38:00,17563.8,17565.5,17562.1,17564.5,1146,119162
2024-01-09 13:39:00,17564.5,17564.8,17559.8,17560.9,692,120239
2024-01-09 13:40:00,17560.9,17567.3,17558.2,17565.6,938,119515
2024-01-09 13:41:00,17565.6,17568.3,17556.3,17560.6,817,119917
2024-01-09 13:42:00,17560.6,17564.4,17554.0,17556.0,1741,119749
2024-01-09 13:43:00,17556.0,17560.1,17554.3,17558.8,1700,119453
2024-01-09 13:44:00,17558.8,17559.6,17556.3,17556.9,1224,120404
2024-01-09 13:45:00,17556.9,17564.6,17556.9,17561.0,1678,120789
2024-01-10 08:45:00,17523.2,17523.3,17519.6,17520.5,1516,120241
2024-01-10 08:46:00,17520.5,17522.8,17520.1,17522.4,1579,120266
2024-01-10 08:47:00,17522.4,17523.7,17520.8,17523.5,1072,120064
2024-01-10 08:48:00,17523.5,17529.2,17522.9,17527.2,1419,119870
2024-01-10 08:49:00,17527.2,17528.4,17525.2,17526.7,1716,119126
2024-01-10 08:50:00,17526.7,17530.4,17524.0,17529.0,688,119469
2024-01-10 08:51:00,17529.0,17534.4,17529.0,17532.8,1622,119466
2024-01-10 08:52:00,17532.8,17534.8,17529.1,17529.2,1075,120027
2024-01-10 08:53:00,17529.2,17530.2,17527.5,17528.8,1465,120423
2024-01-10 08:54:00,17528.8,17532.8,17527.9,17531.9,1331,119299
2024-01-10 08:55:00,17531.9,17534.8,17530.6,17533.0,1717,120416
2024-01-10 08:56:00,17533.0,17542.1,17532.8,17539.8,1101,119792
2024-01-10 08:57:00,17539.8,17544.8,17539.8,17542.5,1199,119456
2024-01-10 08:58:00,17542.5,17543.1,17541.1,17542.3,1580,119720
2024-01-10 08:59:00,17542.3,17545.0,17539.4,17540.0,785,120802
2024-01-10 09:00:00,17540.0,17541.6,17536.9,17537.6,1316,120834
2024-01-10 09:01:00,17537.6,17538.2,17529.8,17531.2,1217,119842
2024-01-10 09:02:00,17531.2,17535.3,17530.3,17534.4,1751,120421
2024-01-10 09:03:00,17534.4,17535.2,17530.0,17531.4,1364,119807
2024-01-10 09:04:00,17531.4,17535.0,17531.3,17534.0,1120,119695
2024-01-10 09:05:00,17534.0,17539.9,17533.5,17536.9,1546,120653
2024-01-10 09:06:00,17536.9,17539.4,17533.4,17533.6,1327,120139
2024-01-10 09:07:00,17533.6,17536.3,17527.6,17529.0,1102,119704
2024-01-10 09:08:00,17529.0,17537.7,17528.9,17537.3,810,119884
2024-01-10 09:09:00,17537.3,17540.2,17537.0,17539.1,1396,119815
2024-01-10 09:10:00,17539.1,17543.0,17538.9,17542.6,1296,119100
2024-01-10 09:11:00,17542.6,17546.2,17541.0,17544.6,1433,119956
2024-01-10 09:12:00,17544.6,17552.0,17542.4,17546.5,1481,120244
2024-01-10 09:13:00,17546.5,17552.3,17542.5,17549.5,1687,119884
2024-01-10 09:14:00,17549.5,17556.2,17545.2,17555.9,1364,118994
2024-01-10 09:15:00,17555.9,17556.8,17553.0,17555.8,1003,120140
2024-01-10 09:16:00,17555.8,17557.8,17549.8,17553.2,1225,120235
2024-01-10 09:17:00,17553.2,17555.7,17552.6,17554.6,989,119648
2024-01-10 09:18:00,17554.6,17557.2,17548.8,17549.6,1001,119855
2024-01-10 09:19:00,17549.6,17557.9,17547.8,17554.4,1843,119973
2024-01-10 09:20:00,17554.4,17560.2,17552.8,17558.4,1093,119165
2024-01-10 09:21:00,17558.4,17559.4,17558.0,17558.5,928,120226
2024-01-10 09:22:00,17558.5,17561.7,17557.3,17561.4,1401,119529
2024-01-10 09:23:00,17561.4,17563.1,17559.2,17562.3,1857,120922
2024-01-10 09:24:00,17562.3,17566.5,17561.0,17565.4,877,119996
2024-01-10 09:25:00,17565.4,17566.4,17564.0,17565.0,1170,121005
2024-01-10 09:26:00,17565.0,17568.8,17563.8,17564.4,1001,120056
2024-01-10 09:27:00,17564.4,17572.2,17564.2,17571.9,1465,120397
2024-01-10 09:28:00,17571.9,17577.9,17570.4,17574.5,1140,121519
2024-01-10 09:29:00,17574.5,17574.8,17566.4,17571.7,1452,120672
2024-01-10 09:30:00,17571.7,17577.9,17570.8,17574.7,1225,119098
2024-01-10 09:31:00,17574.7,17576.7,17563.6,17567.4,980,119941
2024-01-10 09:32:00,17567.4,17574.6,17564.6,17572.5,1288,120205
2024-01-10 09:33:00,17572.5,17573.6,17564.8,17566.0,608,119602
2024-01-10 09:34:00,17566.0,17567.3,17563.4,17566.4,1461,119901
2024-01-10 09:35:00,17566.4,17567.6,17561.6,17565.9,1559,120233
2024-01-10 09:36:00,17565.9,17567.0,17563.1,17565.9,1421,119767
2024-01-10 09:37:00,17565.9,17569.2,17564.9,17567.9,1080,119917
2024-01-10 09:38:00,17567.9,17572.5,17567.5,17569.0,863,119817
2024-01-10 09:39:00,17569.0,17579.1,17567.0,17577.1,1176,119888
2024-01-10 09:40:00,17577.1,17577.8,17571.3,17572.5,1452,120174
2024-01-10 09:41:00,17572.5,17574.4,17571.5,17571.6,1457,119576
2024-01-10 09:42:00,17571.6,17571.6,17566.3,17570.9,1638,120676
2024-01-10 09:43:00,17570.9,17574.6,17569.6,17573.3,1757,119504
2024-01-10 09:44:00,17573.3,17573.8,17572.2,17573.5,1649,119900
2024-01-10 09:45:00,17573.5,17579.8,17572.0,17573.0,888,120069
2024-01-10 09:46:00,17573.0,17573.3,17570.8,17571.0,615,120043
2024-01-10 09:47:00,17571.0,17574.2,17570.7,17571.8,1646,120820
2024-01-10 09:48:00,17571.8,17574.6,17571.2,17573.7,1486,119834
2024-01-10 09:49:00,17573.7,17573.9,17563.2,17565.4,1565,119865
2024-01-10 09:50:00,17565.4,17566.0,17562.6,17562.7,949,119496
2024-01-10 09:51:00,17562.7,17563.1,17561.2,17562.4,1058,119035
2024-01-10 09:52:00,17562.4,17564.4,17558.8,17561.7,1043,119664
2024-01-10 09:53:00,17561.7,17569.7,17561.1,17567.5,1533,119647
2024-01-10 09:54:00,17567.5,17571.2,17565.4,17567.4,1013,119415
2024-01-10 09:55:00,17567.4,17571.3,17565.3,17569.3,1466,120118
2024-01-10 09:56:00,17569.3,17573.9,17567.9,17573.4,1170,120333
2024-01-10 09:57:00,17573.4,17575.2,17568.5,17568.9,1485,120058
2024-01-10 09:58:00,17568.9,17572.1,17565.7,17566.2,1390,119733
2024-01-10 09:59:00,17566.2,17566.4,17562.4,17563.4,1281,120067
2024-01-10 10:00:00,17563.4,17565.4,17560.3,17561.5,683,119543
2024-01-10 10:01:00,17561.5,17563.5,17558.8,17560.2,1493,120243
2024-01-10 10:02:00,17560.2,17562.8,17554.1,17554.6,1208,120408
2024-01-10 10:03:00,17554.6,17554.6,17550.5,17552.3,1215,120299
2024-01-10 10:04:00,17552.3,17555.8,17550.2,17553.6,1280,120217
2024-01-10 10:05:00,17553.6,17556.0,17551.9,17555.1,1082,119810
2024-01-10 10:06:00,17555.1,17558.2,17546.5,17550.9,1250,119794
2024-01-10 10:07:00,17550.9,17560.9,17548.4,17557.4,1373,119930
2024-01-10 10:08:00,17557.4,17558.0,17553.6,17556.6,1604,119932
2024-01-10 10:09:00,17556.6,17556.7,17551.8,17553.8,1056,119849
2024-01-10 10:10:00,17553.8,17555.1,17550.5,17551.2,988,120759
2024-01-10 10:11:00,17551.2,17552.6,17542.4,17543.7,1246,119917
2024-01-10 10:12:00,17543.7,17544.3,17542.3,17544.2,1462,119795
2024-01-10 10:13:00,17544.2,17544.8,17539.6,17540.8,1535,119723
2024-01-10 10:14:00,17540.8,17552.9,17537.1,17549.4,1057,119946
2024-01-10 10:15:00,17549.4,17559.3,17546.3,17555.5,1538,120203
2024-01-10 10:16:00,17555.5,17557.9,17550.5,17550.7,1481,120360
2024-01-10 10:17:00,17550.7,17556.4,17547.8,17553.6,1311,118954
2024-01-10 10:18:00,17553.6,17557.6,17552.7,17557.2,1350,119353
2024-01-10 10:19:00,17557.2,17560.1,17551.7,17556.4,1087,120728
2024-01-10 10:20:00,17556.4,17558.3,17556.1,17556.8,1419,119052
2024-01-10 10:21:00,17556.8,17558.6,17551.5,17554.2,1333,120193
2024-01-10 10:22:00,17554.2,17555.6,17552.9,17555.5,1317,120134
2024-01-10 10:23:00,17555.5,17556.5,17552.6,17553.4,990,119670
2024-01-10 10:24:00,17553.4,17559.8,17552.6,17557.1,1605,120336
2024-01-10 10:25:00,17557.1,17561.8,17556.4,17560.5,766,121026
2024-01-10 10:26:00,17560.5,17565.2,17560.3,17563.4,1109,119947
2024-01-10 10:27:00,17563.4,17566.9,17559.6,17565.4,1199,119773
2024-01-10 10:28:00,17565.4,17571.9,17565.2,17569.6,1934,120046
2024-01-10 10:29:00,17569.6,17571.5,17567.7,17570.3,1232,121138
2024-01-10 10:30:00,17570.3,17574.6,17569.0,17573.6,1587,119834
2024-01-10 10:31:00,17573.6,17573.7,17572.6,17573.5,1010,119347
2024-01-10 10:32:00,17573.5,17574.3,17568.7,17570.9,1531,119426
2024-01-10 10:33:00,17570.9,17573.7,17568.9,17570.2,840,118995
2024-01-10 10:34:00,17570.2,17571.0,17568.6,17570.4,1352,120211
2024-01-10 10:35:00,17570.4,17571.4,17567.6,17571.0,1236,119512
2024-01-10 10:36:00,17571.0,17577.5,17569.9,17575.6,1137,120241
2024-01-10 10:37:00,17575.6,17582.5,17574.3,17581.5,898,119537
2024-01-10 10:38:00,17581.5,17586.3,17580.8,17585.0,974,119629
2024-01-10 10:39:00,17585.0,17592.2,17583.2,17592.1,1475,120136
2024-01-10 10:40:00,17592.1,17594.3,17589.9,17593.7,1327,119842
2024-01-10 10:41:00,17593.7,17595.6,17592.9,17595.6,1047,119116
2024-01-10 10:42:00,17595.6,17598.5,17585.9,17587.9,1126,120003
2024-01-10 10:43:00,17587.9,17590.7,17585.5,17589.6,1868,119942
2024-01-10 10:44:00,17589.6,17589.8,17587.0,17587.5,1406,119725
2024-01-10 10:45:00,17587.5,17596.0,17586.5,17592.9,1530,119975
2024-01-10 10:46:00,17592.9,17593.0,17587.7,17589.6,1323,119739
2024-01-10 10:47:00,17589.6,17590.2,17578.5,17582.4,1629,119611
2024-01-10 10:48:00,17582.4,17588.4,17582.4,17586.5,1239,120975
2024-01-10 10:49:00,17586.5,17587.0,17584.6,17585.5,1075,120005
2024-01-10 10:50:00,17585.5,17590.9,17582.9,17585.0,1682,120430
2024-01-10 10:51:00,17585.0,17596.5,17581.0,17593.2,1623,119474
2024-01-10 10:52:00,17593.2,17597.5,17590.8,17596.3,1204,119927
2024-01-10 10:53:00,17596.3,17603.0,17595.0,17601.5,467,120793
2024-01-10 10:54:00,17601.5,17602.0,17599.3,17601.1,1265,119594
2024-01-10 10:55:00,17601.1,17606.2,17597.3,17598.7,1365,119602
2024-01-10 10:56:00,17598.7,17603.2,17597.8,17602.8,991,120765
2024-01-10 10:57:00,17602.8,17612.3,17600.7,17610.1,1218,120389
2024-01-10 10:58:00,17610.1,17610.7,17608.6,17610.3,1362,119862
2024-01-10 10:59:00,17610.3,17611.1,17607.7,17609.7,1294,119984
2024-01-10 11:00:00,17609.7,17611.6,17608.8,17609.7,1880,119565
2024-01-10 11:01:00,17609.7,17610.1,17603.8,17604.5,1171,121644
2024-01-10 11:02:00,17604.5,17608.5,17603.3,17606.0,1402,119538
2024-01-10 11:03:00,17606.0,17607.7,17603.4,17606.6,607,120610
2024-01-10 11:04:00,17606.6,17609.7,17606.0,17608.8,1545,119306
2024-01-10 11:05:00,17608.8,17610.0,17604.4,17606.7,1218,119695
2024-01-10 11:06:00,17606.7,17611.6,17606.5,17609.7,1420,119357
2024-01-10 11:07:00,17609.7,17611.5,17607.1,17607.7,1528,119623
2024-01-10 11:08:00,17607.7,17611.8,17605.9,17610.1,1946,119869
2024-01-10 11:09:00,17610.1,17612.0,17605.4,17606.3,1239,120063
2024-01-10 11:10:00,17606.3,17608.1,17595.1,17598.1,1540,119682
2024-01-10 11:11:00,17598.1,17598.2,17593.7,17596.1,1561,120448
2024-01-10 11:12:00,17596.1,17596.8,17593.4,17593.4,1000,119955
2024-01-10 11:13:00,17593.4,17595.1,17589.6,17593.7,1202,120041
2024-01-10 11:14:00,17593.7,17601.1,17592.6,17599.9,1081,120339
2024-01-10 11:15:00,17599.9,17603.3,17599.6,17601.5,1757,120306
2024-01-10 11:16:00,17601.5,17604.4,17597.6,17598.9,1366,120506
2024-01-10 11:17:00,17598.9,17604.8,17598.9,17603.4,1035,119126
2024-01-10 11:18:00,17603.4,17605.1,17602.2,17602.5,1297,119240
2024-01-10 11:19:00,17602.5,17603.0,17602.5,17603.0,1178,119845
2024-01-10 11:20:00,17603.0,17605.7,17599.2,17604.9,1393,119841
2024-01-10 11:21:00,17604.9,17606.8,17603.5,17605.3,1852,119899
2024-01-10 11:22:00,17605.3,17609.8,17604.0,17607.7,891,120439
2024-01-10 11:23:00,17607.7,17610.3,17602.8,17604.0,1520,120847
2024-01-10 11:24:00,17604.0,17605.0,17602.7,17602.8,923,119590
2024-01-10 11:25:00,17602.8,17605.7,17598.4,17603.2,855,120032
2024-01-10 11:26:00,17603.2,17605.2,17597.4,17599.0,1494,119893
2024-01-10 11:27:00,17599.0,17601.9,17598.3,17599.4,1554,120029
2024-01-10 11:28:00,17599.4,17602.8,17594.5,17594.9,1239,121070
2024-01-10 11:29:00,17594.9,17598.0,17589.3,17589.9,1157,121394
2024-01-10 11:30:00,17589.9,17593.0,17583.8,17585.6,1294,119864
2024-01-10 11:31:00,17585.6,17588.3,17581.1,17582.3,1014,120639
2024-01-10 11:32:00,17582.3,17584.9,17578.9,17579.3,1064,120033
2024-01-10 11:33:00,17579.3,17582.8,17573.6,17576.3,1121,119615
2024-01-10 11:34:00,17576.3,17576.9,17567.2,17571.3,984,120097
2024-01-10 11:35:00,17571.3,17572.5,17565.8,17567.1,1566,119871
2024-01-10 11:36:00,17567.1,17568.4,17560.7,17564.4,1463,120121
2024-01-10 11:37:00,17564.4,17569.4,17561.6,17565.8,798,120124
2024-01-10 11:38:00,17565.8,17572.5,17565.6,17572.1,1080,120249
2024-01-10 11:39:00,17572.1,17574.7,17568.7,17570.8,1204,120087
2024-01-10 11:40:00,17570.8,17571.5,17569.1,17569.5,1204,120057
2024-01-10 11:41:00,17569.5,17571.9,17560.9,17564.7,1099,120698
2024-01-10 11:42:00,17564.7,17568.9,17556.0,17557.2,1210,119991
2024-01-10 11:43:00,17557.2,17561.2,17555.9,17560.9,1588,120780
2024-01-10 11:44:00,17560.9,17563.0,17558.5,17561.8,1091,119835
2024-01-10 11:45:00,17561.8,17563.3,17555.8,17559.7,1104,120395
2024-01-10 11:46:00,17559.7,17559.9,17557.1,17558.4,1745,120607
2024-01-10 11:47:00,17558.4,17562.2,17555.7,17555.8,992,119757
2024-01-10 11:48:00,17555.8,17558.0,17551.8,17552.8,1241,120481
2024-01-10 11:49:00,17552.8,17554.9,17552.3,17554.4,1762,120411
2024-01-10 11:50:00,17554.4,17555.3,17553.5,17553.8,1703,119826
2024-01-10 11:51:00,17553.8,17560.2,17552.2,17556.0,1295,120779
2024-01-10 11:52:00,17556.0,17564.1,17555.2,17562.5,1276,119128
2024-01-10 11:53:00,17562.5,17564.6,17558.4,17559.3,1217,120101
2024-01-10 11:54:00,17559.3,17560.3,17554.4,17558.8,1421,119989
2024-01-10 11:55:00,17558.8,17560.5,17557.5,17559.6,1041,120733
2024-01-10 11:56:00,17559.6,17564.4,17559.2,17562.5,622,119468
2024-01-10 11:57:00,17562.5,17562.5,17555.6,17556.3,1915,119652
2024-01-10 11:58:00,17556.3,17559.6,17549.1,17554.6,1486,120641
2024-01-10 11:59:00,17554.6,17555.2,17552.6,17553.1,611,119615
2024-01-10 12:00:00,17553.1,17553.7,17550.7,17553.0,1379,119688
2024-01-10 12:01:00,17553.0,17554.3,17546.3,17550.0,1361,119981
2024-01-10 12:02:00,17550.0,17556.8,17549.1,17555.7,956,120483
2024-01-10 12:03:00,17555.7,17555.9,17549.1,17551.6,1783,120274
2024-01-10 12:04:00,17551.6,17553.6,17549.4,17550.3,1372,119013
2024-01-10 12:05:00,17550.3,17555.1,17550.1,17553.2,1411,120502
2024-01-10 12:06:00,17553.2,17556.1,17552.0,17555.6,1186,119983
2024-01-10 12:07:00,17555.6,17556.2,17545.7,17548.2,1351,119995
2024-01-10 12:08:00,17548.2,17551.8,17546.1,17547.0,1372,120063
2024-01-10 12:09:00,17547.0,17549.7,17544.7,17548.0,1309,120415
2024-01-10 12:10:00,17548.0,17549.4,17544.3,17544.8,1383,119999
2024-01-10 12:11:00,17544.8,17552.5,17544.7,17549.2,885,120869
2024-01-10 12:12:00,17549.2,17553.3,17546.0,17550.2,1112,119807
2024-01-10 12:13:00,17550.2,17556.7,17550.0,17555.2,1185,119439
2024-01-10 12:14:00,17555.2,17563.7,17554.4,17562.2,897,119937
2024-01-10 12:15:00,17562.2,17568.1,17558.1,17564.6,1360,120816
2024-01-10 12:16:00,17564.6,17567.3,17564.1,17565.4,1148,120766
2024-01-10 12:17:00,17565.4,17566.7,17562.9,17564.6,1565,120386
2024-01-10 12:18:00,17564.6,17567.7,17561.8,17567.4,1673,120348
2024-01-10 12:19:00,17567.4,17570.6,17565.9,17568.8,1492,119625
2024-01-10 12:20:00,17568.8,17571.5,17568.0,17571.1,1591,120403
2024-01-10 12:21:00,17571.1,17573.9,17570.6,17572.1,1705,120111
2024-01-10 12:22:00,17572.1,17581.1,17569.0,17578.3,999,119292
2024-01-10 12:23:00,17578.3,17580.3,17571.9,17575.1,1009,120212
2024-01-10 12:24:00,17575.1,17578.3,17573.4,17574.3,1350,119390
2024-01-10 12:25:00,17574.3,17579.7,17570.8,17578.0,1609,119788
2024-01-10 12:26:00,17578.0,17579.1,17572.7,17573.9,1278,119392
2024-01-10 12:27:00,17573.9,17578.8,17573.4,17577.8,1835,120085
2024-01-10 12:28:00,17577.8,17579.5,17577.8,17579.2,1675,119738
2024-01-10 12:29:00,17579.2,17583.6,17578.0,17582.2,1017,119264
2024-01-10 12:30:00,17582.2,17586.5,17580.4,17584.0,1573,119830
2024-01-10 12:31:00,17584.0,17587.4,17582.0,17586.5,987,120206
2024-01-10 12:32:00,17586.5,17590.9,17585.7,17590.4,1125,121102
2024-01-10 12:33:00,17590.4,17593.8,17587.7,17593.4,1257,120167
2024-01-10 12:34:00,17593.4,17599.0,17592.7,17595.9,1896,120491
2024-01-10 12:35:00,17595.9,17601.1,17593.7,17599.4,1440,120075
2024-01-10 12:36:00,17599.4,17605.3,17597.8,17604.6,996,120767
2024-01-10 12:37:00,17604.6,17609.0,17603.4,17606.1,1286,120385
2024-01-10 12:38:00,17606.1,17609.6,17601.1,17603.1,1680,119625
2024-01-10 12:39:00,17603.1,17605.0,17600.1,17601.1,1079,119974
2024-01-10 12:40:00,17601.1,17602.8,17598.7,17599.6,1020,119358
2024-01-10 12:41:00,17599.6,17600.7,17592.6,17594.0,1364,119561
2024-01-10 12:42:00,17594.0,17595.6,17584.5,17589.8,1448,119786
2024-01-10 12:43:00,17589.8,17594.2,17587.1,17588.3,1358,119940
2024-01-10 12:44:00,17588.3,17590.6,17579.9,17583.4,1264,119340
2024-01-10 12:45:00,17583.4,17584.2,17582.0,17583.2,1337,119887
2024-01-10 12:46:00,17583.2,17585.1,17581.9,17582.7,1298,121035
2024-01-10 12:47:00,17582.7,17586.9,17580.3,17586.5,962,119715
2024-01-10 12:48:00,17586.5,17588.1,17580.1,17581.5,999,120536
2024-01-10 12:49:00,17581.5,17584.9,17581.2,17582.8,1231,120943
2024-01-10 12:50:00,17582.8,17584.2,17581.9,17582.1,1812,119643
2024-01-10 12:51:00,17582.1,17585.0,17581.1,17585.0,1327,120811
2024-01-10 12:52:00,17585.0,17588.8,17583.6,17587.5,1585,120625
2024-01-10 12:53:00,17587.5,17589.2,17583.5,17584.9,960,120316
2024-01-10 12:54:00,17584.9,17586.6,17581.5,17585.7,1178,119445
2024-01-10 12:55:00,17585.7,17589.2,17584.5,17588.2,1240,120422
2024-01-10 12:56:00,17588.2,17592.5,17585.6,17591.4,1258,119421
2024-01-10 12:57:00,17591.4,17594.7,17584.6,17587.0,1451,120024
2024-01-10 12:58:00,17587.0,17589.5,17583.6,17586.6,1089,120092
2024-01-10 12:59:00,17586.6,17590.0,17585.3,17587.3,1459,119983
2024-01-10 13:00:00,17587.3,17595.8,17585.7,17592.5,1141,119478
2024-01-10 13:01:00,17592.5,17595.3,17591.5,17595.1,1812,119357
2024-01-10 13:02:00,17595.1,17596.6,17590.4,17591.0,1296,119966
2024-01-10 13:03:00,17591.0,17593.0,17587.1,17587.7,758,120294
2024-01-10 13:04:00,17587.7,17589.9,17585.9,17586.8,1442,120111
2024-01-10 13:05:00,17586.8,17587.5,17578.7,17579.0,1619,119590
2024-01-10 13:06:00,17579.0,17581.1,17574.0,17575.5,1521,119335
2024-01-10 13:07:00,17575.5,17576.4,17575.0,17575.3,1219,120436
2024-01-10 13:08:00,17575.3,17577.0,17565.0,17568.4,1021,119604
2024-01-10 13:09:00,17568.4,17570.3,17567.3,17569.8,1642,120718
2024-01-10 13:10:00,17569.8,17575.8,17568.2,17568.8,1652,119384
2024-01-10 13:11:00,17568.8,17570.1,17565.6,17566.6,1476,120271
2024-01-10 13:12:00,17566.6,17568.1,17558.8,17559.8,1950,120834
2024-01-10 13:13:00,17559.8,17562.5,17558.1,17559.4,1429,120263
2024-01-10 13:14:00,17559.4,17565.4,17555.2,17562.5,1410,120603
2024-01-10 13:15:00,17562.5,17562.6,17561.2,17561.4,1333,119900
2024-01-10 13:16:00,17561.4,17568.4,17558.5,17563.9,1089,119065
2024-01-10 13:17:00,17563.9,17564.1,17562.1,17563.0,1143,119071
2024-01-10 13:18:00,17563.0,17563.7,17559.2,17559.5,1897,120810
2024-01-10 13:19:00,17559.5,17560.9,17558.0,17559.2,1768,120423
2024-01-10 13:20:00,17559.2,17561.0,17557.2,17558.8,1289,119591
2024-01-10 13:21:00,17558.8,17559.3,17552.6,17555.7,1029,121044
2024-01-10 13:22:00,17555.7,17557.6,17547.8,17548.3,1047,120399
2024-01-10 13:23:00,17548.3,17548.7,17543.6,17544.0,1274,119952
2024-01-10 13:24:00,17544.0,17547.7,17541.2,17546.2,1143,119972
2024-01-10 13:25:00,17546.2,17549.5,17543.2,17548.2,1259,120325
2024-01-10 13:26:00,17548.2,17557.8,17546.1,17554.3,909,120186
2024-01-10 13:27:00,17554.3,17555.6,17553.8,17554.3,1436,120468
2024-01-10 13:28:00,17554.3,17556.3,17551.6,17554.1,1084,119272
2024-01-10 13:29:00,17554.1,17555.3,17552.5,17554.6,1328,120412
2024-01-10 13:30:00,17554.6,17554.9,17546.9,17548.3,1476,119776
2024-01-10 13:31:00,17548.3,17551.7,17545.7,17548.5,1307,119588
2024-01-10 13:32:00,17548.5,17551.9,17548.0,17551.6,1173,119572
2024-01-10 13:33:00,17551.6,17554.6,17549.6,17552.2,1155,119172
2024-01-10 13:34:00,17552.2,17552.6,17543.9,17546.0,1321,120039
2024-01-10 13:35:00,17546.0,17553.0,17545.8,17548.8,1321,119826
2024-01-10 13:36:00,17548.8,17550.8,17548.0,17549.2,1572,119528
2024-01-10 13:37:00,17549.2,17551.8,17548.4,17550.5,1262,119548
2024-01-10 13:38:00,17550.5,17553.3,17548.3,17551.7,1509,120170
2024-01-10 13:39:00,17551.7,17557.2,17548.3,17553.8,1096,119707
2024-01-10 13:40:00,17553.8,17554.0,17552.6,17553.2,767,120658
2024-01-10 13:41:00,17553.2,17559.1,17551.4,17556.2,886,119762
2024-01-10 13:42:00,17556.2,17556.4,17552.5,17552.9,1466,119033
2024-01-10 13:43:00,17552.9,17553.3,17547.8,17551.3,1527,119761
2024-01-10 13:44:00,17551.3,17555.7,17550.8,17552.6,1270,121177
2024-01-10 13:45:00,17552.6,17555.2,17551.3,17553.6,1125,120027
2024-01-11 08:45:00,17550.2,17552.8,17548.7,17552.6,1278,120254
2024-01-11 08:46:00,17552.6,17556.5,17550.3,17553.6,1661,119973
2024-01-11 08:47:00,17553.6,17558.0,17552.2,17555.1,1324,119483
2024-01-11 08:48:00,17555.1,17562.0,17554.2,17561.7,1194,119921
2024-01-11 08:49:00,17561.7,17562.6,17552.9,17555.5,1198,120408
2024-01-11 08:50:00,17555.5,17555.5,17554.5,17554.7,1499,119934
2024-01-11 08:51:00,17554.7,17561.4,17554.4,17559.8,1953,120720
2024-01-11 08:52:00,17559.8,17560.7,17554.0,17556.1,1097,120003
2024-01-11 08:53:00,17556.1,17558.7,17556.0,17556.7,1037,120450
2024-01-11 08:54:00,17556.7,17559.6,17554.7,17558.7,1253,120053
2024-01-11 08:55:00,17558.7,17564.7,17557.6,17562.0,1029,120791
2024-01-11 08:56:00,17562.0,17563.7,17560.1,17563.6,1824,119621
2024-01-11 08:57:00,17563.6,17565.5,17561.4,17563.7,825,120132
2024-01-11 08:58:00,17563.7,17564.3,17561.2,17561.4,1072,119829
2024-01-11 08:59:00,17561.4,17565.4,17560.0,17564.3,1018,119796
2024-01-11 09:00:00,17564.3,17569.8,17564.2,17569.7,766,119584
2024-01-11 09:01:00,17569.7,17570.7,17567.4,17568.8,1207,119418
2024-01-11 09:02:00,17568.8,17580.7,17568.0,17575.8,1369,119847
2024-01-11 09:03:00,17575.8,17575.8,17571.4,17572.6,1297,119698
2024-01-11 09:04:00,17572.6,17574.6,17561.9,17563.9,1376,120430
2024-01-11 09:05:00,17563.9,17572.8,17563.6,17569.5,1010,119852
2024-01-11 09:06:00,17569.5,17571.5,17567.1,17568.4,1951,119729
2024-01-11 09:07:00,17568.4,17569.8,17563.3,17564.6,1202,119776
2024-01-11 09:08:00,17564.6,17564.8,17559.8,17562.2,988,119622
2024-01-11 09:09:00,17562.2,17566.8,17560.8,17561.9,1729,119647
2024-01-11 09:10:00,17561.9,17563.9,17558.2,17563.0,1213,120517
2024-01-11 09:11:00,17563.0,17563.7,17562.4,17563.2,1556,119937
2024-01-11 09:12:00,17563.2,17568.1,17561.5,17565.3,1236,120521
2024-01-11 09:13:00,17565.3,17567.8,17563.8,17566.8,1099,119870
2024-01-11 09:14:00,17566.8,17570.1,17560.7,17561.2,1849,120447
2024-01-11 09:15:00,17561.2,17562.2,17555.2,17557.8,1111,120218
2024-01-11 09:16:00,17557.8,17558.6,17551.8,17552.9,1380,119950
2024-01-11 09:17:00,17552.9,17552.9,17549.1,17550.0,1415,119363
2024-01-11 09:18:00,17550.0,17552.1,17549.7,17550.4,902,119845
2024-01-11 09:19:00,17550.4,17558.7,17548.2,17556.6,1120,120050
2024-01-11 09:20:00,17556.6,17564.7,17553.6,17558.8,1593,120181
2024-01-11 09:21:00,17558.8,17561.7,17557.5,17560.5,1377,119900
2024-01-11 09:22:00,17560.5,17560.6,17555.8,17556.7,1070,119750
2024-01-11 09:23:00,17556.7,17558.5,17556.0,17556.7,1043,120373
2024-01-11 09:24:00,17556.7,17559.0,17551.0,17555.1,1180,120682
2024-01-11 09:25:00,17555.1,17558.7,17546.5,17547.8,1161,119071
2024-01-11 09:26:00,17547.8,17548.7,17543.3,17544.0,857,119500
2024-01-11 09:27:00,17544.0,17544.3,17542.3,17542.7,1076,120418
2024-01-11 09:28:00,17542.7,17545.5,17539.4,17540.0,1674,121183
2024-01-11 09:29:00,17540.0,17540.9,17539.0,17539.9,1299,119926
2024-01-11 09:30:00,17539.9,17540.7,17534.1,17535.9,1309,120398
2024-01-11 09:31:00,17535.9,17537.8,17531.4,17537.7,1238,119918
2024-01-11 09:32:00,17537.7,17540.0,17534.1,17537.1,1426,119986
2024-01-11 09:33:00,17537.1,17545.7,17536.4,17542.0,1748,119132
2024-01-11 09:34:00,17542.0,17547.0,17539.8,17547.0,1320,120588
2024-01-11 09:35:00,17547.0,17547.2,17542.3,17542.8,1925,120190
2024-01-11 09:36:00,17542.8,17548.8,17542.1,17546.1,1184,119154
2024-01-11 09:37:00,17546.1,17552.1,17545.1,17549.4,1425,120086
2024-01-11 09:38:00,17549.4,17550.9,17538.8,17539.7,1688,120947
2024-01-11 09:39:00,17539.7,17541.5,17538.3,17540.4,1135,118948
2024-01-11 09:40:00,17540.4,17542.9,17528.5,17533.3,1226,119217
2024-01-11 09:41:00,17533.3,17537.4,17532.6,17537.1,1460,119474
2024-01-11 09:42:00,17537.1,17537.9,17535.4,17536.9,1383,120188
2024-01-11 09:43:00,17536.9,17542.4,17533.9,17540.8,1312,119965
2024-01-11 09:44:00,17540.8,17542.7,17538.9,17540.3,1626,119786
2024-01-11 09:45:00,17540.3,17541.3,17535.8,17536.1,1708,120435
2024-01-11 09:46:00,17536.1,17540.4,17532.7,17537.9,1190,120084
2024-01-11 09:47:00,17537.9,17538.5,17534.9,17535.5,1263,119628
2024-01-11 09:48:00,17535.5,17540.6,17534.5,17538.1,1186,120009
2024-01-11 09:49:00,17538.1,17541.1,17535.2,17536.3,1372,120247
2024-01-11 09:50:00,17536.3,17537.6,17533.7,17535.3,1875,120184
2024-01-11 09:51:00,17535.3,17538.4,17533.8,17537.9,906,120041
2024-01-11 09:52:00,17537.9,17540.2,17532.3,17535.0,1431,120067
2024-01-11 09:53:00,17535.0,17536.0,17532.4,17534.1,1099,119918
2024-01-11 09:54:00,17534.1,17535.9,17531.9,17533.2,803,120204
2024-01-11 09:55:00,17533.2,17542.2,17533.1,17538.4,1335,119790
2024-01-11 09:56:00,17538.4,17540.3,17537.9,17538.8,1315,120548
2024-01-11 09:57:00,17538.8,17542.6,17537.8,17542.2,1052,119749
2024-01-11 09:58:00,17542.2,17544.1,17535.8,17538.9,1398,119307
2024-01-11 09:59:00,17538.9,17541.0,17533.6,17533.7,1080,120622
2024-01-11 10:00:00,17533.7,17542.6,17533.0,17540.0,1615,120040
2024-01-11 10:01:00,17540.0,17541.5,17537.9,17540.7,1015,119754
2024-01-11 10:02:00,17540.7,17542.9,17535.3,17535.3,1589,119604
2024-01-11 10:03:00,17535.3,17541.4,17530.3,17539.8,1665,119409
2024-01-11 10:04:00,17539.8,17544.6,17536.8,17543.2,1546,120484
2024-01-11 10:05:00,17543.2,17545.5,17541.7,17542.2,1852,119510
2024-01-11 10:06:00,17542.2,17551.4,17540.5,17550.3,2062,120003
2024-01-11 10:07:00,17550.3,17552.9,17544.1,17548.5,1553,119920
2024-01-11 10:08:00,17548.5,17552.7,17547.3,17549.1,1346,120282
2024-01-11 10:09:00,17549.1,17550.4,17548.0,17549.1,1492,120177
2024-01-11 10:10:00,17549.1,17550.4,17549.0,17549.6,1755,120273
2024-01-11 10:11:00,17549.6,17551.4,17546.5,17546.8,850,120138
2024-01-11 10:12:00,17546.8,17551.0,17542.5,17544.3,806,119769
2024-01-11 10:13:00,17544.3,17545.2,17538.0,17538.6,1313,119733
2024-01-11 10:14:00,17538.6,17543.9,17537.2,17539.7,860,119554
2024-01-11 10:15:00,17539.7,17543.4,17538.7,17541.3,1276,119336
2024-01-11 10:16:00,17541.3,17544.8,17541.1,17542.2,1013,119501
2024-01-11 10:17:00,17542.2,17550.2,17540.0,17547.7,1671,119631
2024-01-11 10:18:00,17547.7,17550.1,17547.1,17549.1,1611,119611
2024-01-11 10:19:00,17549.1,17554.9,17548.4,17553.4,878,120605
2024-01-11 10:20:00,17553.4,17563.1,17552.4,17562.0,1384,119609
2024-01-11 10:21:00,17562.0,17562.9,17555.8,17556.0,1245,119787
2024-01-11 10:22:00,17556.0,17562.8,17554.3,17560.1,1320,119561
2024-01-11 10:23:00,17560.1,17562.3,17557.9,17558.5,1594,119873
2024-01-11 10:24:00,17558.5,17560.6,17558.4,17558.9,1724,119283
2024-01-11 10:25:00,17558.9,17560.8,17554.5,17555.1,1032,120074
2024-01-11 10:26:00,17555.1,17555.5,17550.6,17551.9,477,119517
2024-01-11 10:27:00,17551.9,17552.4,17550.2,17551.2,935,120995
2024-01-11 10:28:00,17551.2,17551.9,17548.0,17549.2,853,119848
2024-01-11 10:29:00,17549.2,17549.7,17548.2,17549.5,1013,120031
2024-01-11 10:30:00,17549.5,17555.6,17549.5,17553.6,1572,119735
2024-01-11 10:31:00,17553.6,17561.0,17553.3,17559.8,1264,120073
2024-01-11 10:32:00,17559.8,17562.4,17556.0,17557.6,1140,120797
2024-01-11 10:33:00,17557.6,17558.9,17556.7,17558.9,1700,120450
2024-01-11 10:34:00,17558.9,17560.5,17555.6,17556.4,2092,119860
2024-01-11 10:35:00,17556.4,17558.1,17550.6,17554.0,1260,119394
2024-01-11 10:36:00,17554.0,17554.2,17551.8,17552.6,1421,120705
2024-01-11 10:37:00,17552.6,17554.1,17550.6,17551.9,1420,119974
2024-01-11 10:38:00,17551.9,17558.6,17551.5,17557.1,1329,120366
2024-01-11 10:39:00,17557.1,17559.5,17552.9,17556.3,1465,119544
2024-01-11 10:40:00,17556.3,17558.9,17556.2,17558.0,1554,119022
2024-01-11 10:41:00,17558.0,17558.1,17553.8,17557.4,1061,120402
2024-01-11 10:42:00,17557.4,17559.8,17557.3,17557.6,779,119874
2024-01-11 10:43:00,17557.6,17566.3,17555.0,17562.8,1195,119640
2024-01-11 10:44:00,17562.8,17563.0,17561.3,17562.2,1381,119927
2024-01-11 10:45:00,17562.2,17568.7,17562.0,17566.9,1310,120093
2024-01-11 10:46:00,17566.9,17567.6,17565.6,17566.3,1760,120309
2024-01-11 10:47:00,17566.3,17567.5,17560.9,17562.2,769,120740
2024-01-11 10:48:00,17562.2,17565.5,17561.0,17565.4,1567,119199
2024-01-11 10:49:00,17565.4,17567.5,17562.4,17566.8,1192,119659
2024-01-11 10:50:00,17566.8,17574.3,17564.0,17573.5,1214,119573
2024-01-11 10:51:00,17573.5,17575.0,17566.7,17572.3,1130,120304
2024-01-11 10:52:00,17572.3,17575.0,17567.4,17570.2,1377,120232
2024-01-11 10:53:00,17570.2,17579.0,17567.4,17573.0,2099,120197
2024-01-11 10:54:00,17573.0,17573.8,17568.7,17569.2,1973,120462
2024-01-11 10:55:00,17569.2,17573.2,17568.4,17572.7,1484,121525
2024-01-11 10:56:00,17572.7,17573.2,17568.8,17570.7,1737,119950
2024-01-11 10:57:00,17570.7,17573.5,17565.4,17567.2,946,120332
2024-01-11 10:58:00,17567.2,17568.9,17562.5,17565.8,1684,120820
2024-01-11 10:59:00,17565.8,17566.8,17562.1,17564.3,837,120620
2024-01-11 11:00:00,17564.3,17564.4,17559.4,17560.4,1009,120277
2024-01-11 11:01:00,17560.4,17561.0,17557.0,17559.4,1131,120482
2024-01-11 11:02:00,17559.4,17566.8,17557.2,17563.0,1592,120507
2024-01-11 11:03:00,17563.0,17564.8,17560.3,17562.4,1568,120531
2024-01-11 11:04:00,17562.4,17567.2,17561.9,17567.1,580,119827
2024-01-11 11:05:00,17567.1,17571.6,17566.2,17569.5,1542,120260
2024-01-11 11:06:00,17569.5,17573.7,17567.8,17569.2,986,120637
2024-01-11 11:07:00,17569.2,17570.2,17562.4,17564.0,1431,119780
2024-01-11 11:08:00,17564.0,17573.1,17563.3,17571.3,1524,120268
2024-01-11 11:09:00,17571.3,17572.8,17569.5,17569.8,576,119086
2024-01-11 11:10:00,17569.8,17577.7,17568.9,17572.6,1299,119643
2024-01-11 11:11:00,17572.6,17573.6,17570.1,17570.7,552,120301
2024-01-11 11:12:00,17570.7,17571.6,17568.9,17571.6,759,120995
2024-01-11 11:13:00,17571.6,17573.4,17570.5,17571.4,1270,120791
2024-01-11 11:14:00,17571.4,17578.1,17569.9,17575.8,1004,120566
2024-01-11 11:15:00,17575.8,17576.6,17574.1,17576.3,852,120553
2024-01-11 11:16:00,17576.3,17578.6,17575.9,17576.7,948,119688
2024-01-11 11:17:00,17576.7,17577.5,17573.0,17573.8,1256,120931
2024-01-11 11:18:00,17573.8,17574.8,17572.7,17573.8,1570,119408
2024-01-11 11:19:00,17573.8,17580.7,17572.5,17580.3,1652,120410
2024-01-11 11:20:00,17580.3,17588.9,17578.8,17587.0,1311,119973
2024-01-11 11:21:00,17587.0,17593.3,17585.8,17589.9,1178,119384
2024-01-11 11:22:00,17589.9,17591.8,17584.0,17585.0,1498,120087
2024-01-11 11:23:00,17585.0,17589.4,17583.8,17588.3,1465,119900
2024-01-11 11:24:00,17588.3,17590.0,17584.1,17585.7,1392,119969
2024-01-11 11:25:00,17585.7,17586.7,17579.0,17580.3,981,120473
2024-01-11 11:26:00,17580.3,17582.9,17579.4,17582.7,1675,119952
2024-01-11 11:27:00,17582.7,17588.5,17576.0,17588.3,954,120387
2024-01-11 11:28:00,17588.3,17591.4,17586.1,17589.8,1787,119809
2024-01-11 11:29:00,17589.8,17594.5,17588.1,17592.9,1478,120533
2024-01-11 11:30:00,17592.9,17600.1,17588.1,17596.3,1364,119764
2024-01-11 11:31:00,17596.3,17599.1,17594.7,17598.8,1392,119131
2024-01-11 11:32:00,17598.8,17600.3,17592.6,17596.9,1467,120796
2024-01-11 11:33:00,17596.9,17598.9,17590.3,17593.2,1086,119945
2024-01-11 11:34:00,17593.2,17597.5,17592.4,17594.7,1381,119910
2024-01-11 11:35:00,17594.7,17598.2,17593.9,17595.8,1266,118986
2024-01-11 11:36:00,17595.8,17597.1,17594.5,17597.0,1207,119968
2024-01-11 11:37:00,17597.0,17603.8,17594.3,17602.7,1314,120764
2024-01-11 11:38:00,17602.7,17602.9,17599.8,17601.8,1059,120272
2024-01-11 11:39:00,17601.8,17603.4,17601.1,17603.0,1599,119652
2024-01-11 11:40:00,17603.0,17605.9,17600.7,17605.3,1097,119395
2024-01-11 11:41:00,17605.3,17606.6,17603.6,17606.3,1167,119753
2024-01-11 11:42:00,17606.3,17607.9,17605.5,17607.4,1654,120126
2024-01-11 11:43:00,17607.4,17613.7,17606.3,17611.3,1393,119813
2024-01-11 11:44:00,17611.3,17618.2,17610.1,17615.9,1810,119584
2024-01-11 11:45:00,17615.9,17619.3,17613.4,17613.4,1019,119653
2024-01-11 11:46:00,17613.4,17617.4,17608.5,17615.2,1234,119691
2024-01-11 11:47:00,17615.2,17621.9,17613.6,17621.9,1061,119838
2024-01-11 11:48:00,17621.9,17624.0,17610.8,17613.0,1183,119429
2024-01-11 11:49:00,17613.0,17622.7,17612.8,17621.6,1592,120212
2024-01-11 11:50:00,17621.6,17625.9,17616.2,17618.9,1449,119691
2024-01-11 11:51:00,17618.9,17619.5,17615.0,17618.4,1381,120574
2024-01-11 11:52:00,17618.4,17620.6,17615.2,17616.5,1452,119497
2024-01-11 11:53:00,17616.5,17617.2,17612.7,17613.6,1354,119126
2024-01-11 11:54:00,17613.6,17618.7,17610.9,17616.5,1927,120722
2024-01-11 11:55:00,17616.5,17617.4,17612.5,17615.9,1215,121153
2024-01-11 11:56:00,17615.9,17616.6,17608.8,17609.1,1458,119765
2024-01-11 11:57:00,17609.1,17612.0,17606.9,17612.0,1032,120226
2024-01-11 11:58:00,17612.0,17613.6,17602.5,17606.8,1747,119451
2024-01-11 11:59:00,17606.8,17615.2,17606.3,17611.8,1764,120095
2024-01-11 12:00:00,17611.8,17616.3,17611.3,17613.3,1578,119614
2024-01-11 12:01:00,17613.3,17620.0,17611.0,17618.8,1365,120330
2024-01-11 12:02:00,17618.8,17618.9,17610.8,17612.0,1439,119738
2024-01-11 12:03:00,17612.0,17615.9,17609.7,17615.5,1390,119972
2024-01-11 12:04:00,17615.5,17618.1,17610.7,17612.6,1112,119871
2024-01-11 12:05:00,17612.6,17618.0,17612.0,17617.3,1145,119690
2024-01-11 12:06:00,17617.3,17620.6,17611.1,17611.9,1403,119999
2024-01-11 12:07:00,17611.9,17612.2,17606.8,17608.8,1399,120232
2024-01-11 12:08:00,17608.8,17610.1,17606.8,17608.1,1418,119238
2024-01-11 12:09:00,17608.1,17608.3,17603.0,17605.5,1283,120101
2024-01-11 12:10:00,17605.5,17606.4,17604.8,17605.7,839,119616
2024-01-11 12:11:00,17605.7,17613.8,17604.4,17612.0,1443,119788
2024-01-11 12:12:00,17612.0,17612.4,17606.7,17608.2,1691,119890
2024-01-11 12:13:00,17608.2,17608.2,17605.2,17605.6,1526,120350
2024-01-11 12:14:00,17605.6,17607.0,17600.0,17602.4,1409,120511
2024-01-11 12:15:00,17602.4,17604.5,17600.0,17600.2,1648,120118
2024-01-11 12:16:00,17600.2,17605.4,17597.6,17602.0,1319,119459
2024-01-11 12:17:00,17602.0,17607.0,17595.6,17597.8,1370,119395
2024-01-11 12:18:00,17597.8,17603.5,17593.9,17599.8,1655,118787
2024-01-11 12:19:00,17599.8,17599.9,17589.4,17592.8,1080,120169
2024-01-11 12:20:00,17592.8,17594.0,17585.7,17585.9,866,120647
2024-01-11 12:21:00,17585.9,17589.5,17583.8,17588.2,1103,119133
2024-01-11 12:22:00,17588.2,17588.3,17587.3,17587.5,1284,120046
2024-01-11 12:23:00,17587.5,17587.8,17584.8,17586.9,1288,120354
2024-01-11 12:24:00,17586.9,17588.5,17582.6,17585.5,1416,120081
2024-01-11 12:25:00,17585.5,17588.0,17577.7,17580.9,1415,119786
2024-01-11 12:26:00,17580.9,17582.6,17580.7,17581.3,1362,119226
2024-01-11 12:27:00,17581.3,17581.7,17574.8,17577.2,1556,119874
2024-01-11 12:28:00,17577.2,17578.6,17575.8,17576.2,1546,119646
2024-01-11 12:29:00,17576.2,17578.8,17575.7,17577.5,1199,120214
2024-01-11 12:30:00,17577.5,17581.8,17576.5,17580.5,1048,119225
2024-01-11 12:31:00,17580.5,17582.6,17578.6,17582.5,1013,120165
2024-01-11 12:32:00,17582.5,17585.3,17582.2,17583.5,1178,120501
2024-01-11 12:33:00,17583.5,17590.5,17582.5,17590.4,1306,119746
2024-01-11 12:34:00,17590.4,17590.6,17585.6,17585.6,1038,120525
2024-01-11 12:35:00,17585.6,17595.7,17583.8,17595.1,1295,120243
2024-01-11 12:36:00,17595.1,17595.1,17594.0,17594.7,1013,120292
2024-01-11 12:37:00,17594.7,17598.3,17590.8,17592.1,766,120390
2024-01-11 12:38:00,17592.1,17599.8,17585.2,17587.7,1518,119565
2024-01-11 12:39:00,17587.7,17591.7,17587.2,17590.2,1140,119646
2024-01-11 12:40:00,17590.2,17593.1,17589.3,17591.9,1238,120430
2024-01-11 12:41:00,17591.9,17596.4,17591.2,17596.4,1494,119050
2024-01-11 12:42:00,17596.4,17598.0,17593.6,17594.6,1389,120549
2024-01-11 12:43:00,17594.6,17605.0,17593.9,17601.8,1370,119705
2024-01-11 12:44:00,17601.8,17603.7,17600.6,17603.1,1599,119758
2024-01-11 12:45:00,17603.1,17609.0,17602.2,17607.7,1073,120788
2024-01-11 12:46:00,17607.7,17611.3,17600.1,17604.1,1429,120132
2024-01-11 12:47:00,17604.1,17606.0,17601.6,17603.5,1126,119953
2024-01-11 12:48:00,17603.5,17611.3,17598.5,17610.9,1788,120432
2024-01-11 12:49:00,17610.9,17617.4,17610.5,17613.5,1143,119938
2024-01-11 12:50:00,17613.5,17615.2,17608.7,17609.5,1612,120214
2024-01-11 12:51:00,17609.5,17610.6,17606.9,17608.5,940,119480
2024-01-11 12:52:00,17608.5,17609.0,17601.9,17602.7,1141,120050
2024-01-11 12:53:00,17602.7,17605.9,17602.2,17604.5,1416,120110
2024-01-11 12:54:00,17604.5,17606.9,17597.4,17598.5,1431,120293
2024-01-11 12:55:00,17598.5,17605.8,17593.8,17603.2,1121,119472
2024-01-11 12:56:00,17603.2,17605.2,17596.8,17596.8,1140,119350
2024-01-11 12:57:00,17596.8,17603.3,17594.6,17599.2,1937,120232
2024-01-11 12:58:00,17599.2,17599.7,17598.0,17598.4,1480,120082
2024-01-11 12:59:00,17598.4,17599.5,17597.3,17599.1,1127,120584
2024-01-11 13:00:00,17599.1,17599.3,17593.4,17595.9,900,119514
2024-01-11 13:01:00,17595.9,17596.6,17591.4,17594.2,1155,119928
2024-01-11 13:02:00,17594.2,17597.5,17591.4,17593.1,1174,120299
2024-01-11 13:03:00,17593.1,17593.9,17589.2,17591.4,878,119776
2024-01-11 13:04:00,17591.4,17593.0,17589.1,17589.8,1287,119524
2024-01-11 13:05:00,17589.8,17594.6,17589.6,17593.6,1347,120547
2024-01-11 13:06:00,17593.6,17598.6,17592.4,17596.9,1884,119812
2024-01-11 13:07:00,17596.9,17601.3,17596.9,17600.5,1538,119560
2024-01-11 13:08:00,17600.5,17603.3,17592.5,17593.8,1298,120189
2024-01-11 13:09:00,17593.8,17597.0,17591.4,17591.7,1052,120538
2024-01-11 13:10:00,17591.7,17598.9,17588.2,17595.7,1215,119764
2024-01-11 13:11:00,17595.7,17600.0,17594.9,17597.6,1202,120162
2024-01-11 13:12:00,17597.6,17602.6,17594.8,17600.1,909,120001
2024-01-11 13:13:00,17600.1,17602.7,17597.2,17598.1,1452,119686
2024-01-11 13:14:00,17598.1,17607.6,17596.9,17606.4,1917,121042
2024-01-11 13:15:00,17606.4,17607.5,17604.9,17605.1,1307,119994
2024-01-11 13:16:00,17605.1,17607.6,17603.3,17605.1,1929,119041
2024-01-11 13:17:00,17605.1,17607.0,17598.5,17599.3,1645,120730
2024-01-11 13:18:00,17599.3,17603.5,17597.9,17599.9,1232,120163
2024-01-11 13:19:00,17599.9,17600.9,17594.1,17594.9,1357,119834
2024-01-11 13:20:00,17594.9,17598.1,17594.1,17597.7,1203,119921
2024-01-11 13:21:00,17597.7,17598.9,17587.5,17589.3,1061,119253
2024-01-11 13:22:00,17589.3,17591.1,17588.9,17591.0,1429,119609
2024-01-11 13:23:00,17591.0,17591.9,17586.8,17588.2,1649,120582
2024-01-11 13:24:00,17588.2,17588.4,17582.5,17586.9,1213,119783
2024-01-11 13:25:00,17586.9,17591.2,17586.8,17589.2,1413,119845
2024-01-11 13:26:00,17589.2,17589.8,17582.5,17584.7,977,120232
2024-01-11 13:27:00,17584.7,17584.9,17578.1,17579.0,1707,119989
2024-01-11 13:28:00,17579.0,17580.1,17574.3,17576.3,975,120666
2024-01-11 13:29:00,17576.3,17578.8,17567.3,17568.6,1461,119696
2024-01-11 13:30:00,17568.6,17570.2,17568.2,17568.2,1657,119167
2024-01-11 13:31:00,17568.2,17572.2,17568.1,17571.4,1737,120537
2024-01-11 13:32:00,17571.4,17573.9,17568.9,17571.6,1059,120691
2024-01-11 13:33:00,17571.6,17576.0,17569.1,17575.3,1452,119585
2024-01-11 13:34:00,17575.3,17575.8,17565.4,17567.4,1573,119251
2024-01-11 13:35:00,17567.4,17569.9,17563.3,17564.0,1677,120571
2024-01-11 13:36:00,17564.0,17566.3,17559.0,17560.7,1121,119351
2024-01-11 13:37:00,17560.7,17566.3,17557.8,17564.3,1534,119477
2024-01-11 13:38:00,17564.3,17564.9,17555.0,17556.0,910,120128
2024-01-11 13:39:00,17556.0,17558.6,17550.5,17550.9,2016,120182
2024-01-11 13:40:00,17550.9,17559.9,17549.9,17557.3,840,120223
2024-01-11 13:41:00,17557.3,17558.1,17553.5,17555.2,1523,119937
2024-01-11 13:42:00,17555.2,17555.4,17548.2,17554.1,1538,119926
2024-01-11 13:43:00,17554.1,17561.2,17550.8,17560.3,1047,119871
2024-01-11 13:44:00,17560.3,17561.4,17556.1,17557.7,769,120279
2024-01-11 13:45:00,17557.7,17560.1,17553.0,17555.2,1411,119692
2024-01-12 08:45:00,17558.5,17559.0,17554.3,17557.1,1164,120541
2024-01-12 08:46:00,17557.1,17560.2,17556.8,17558.4,1768,119465
2024-01-12 08:47:00,17558.4,17566.2,17556.4,17563.5,1556,119888
2024-01-12 08:48:00,17563.5,17568.8,17560.9,17567.1,1047,119219
2024-01-12 08:49:00,17567.1,17569.0,17564.4,17564.9,1233,119686
2024-01-12 08:50:00,17564.9,17570.3,17563.4,17568.9,1086,119933
2024-01-12 08:51:00,17568.9,17576.4,17568.4,17574.4,1423,119888
2024-01-12 08:52:00,17574.4,17581.6,17573.1,17580.6,1137,119812
2024-01-12 08:53:00,17580.6,17582.7,17579.9,17580.0,1665,120159
2024-01-12 08:54:00,17580.0,17581.3,17574.8,17578.6,1319,120373
2024-01-12 08:55:00,17578.6,17579.0,17575.4,17578.3,1310,120077
2024-01-12 08:56:00,17578.3,17578.7,17575.4,17578.3,929,119456
2024-01-12 08:57:00,17578.3,17582.5,17577.5,17580.6,1528,119461
2024-01-12 08:58:00,17580.6,17583.6,17572.2,17575.5,1234,119619
2024-01-12 08:59:00,17575.5,17576.0,17564.5,17565.9,858,120781
2024-01-12 09:00:00,17565.9,17569.4,17562.8,17568.8,1890,120657
2024-01-12 09:01:00,17568.8,17575.5,17568.6,17574.0,1147,119937
2024-01-12 09:02:00,17574.0,17580.5,17571.7,17580.0,1284,119647
2024-01-12 09:03:00,17580.0,17588.4,17578.1,17585.9,1212,119295
2024-01-12 09:04:00,17585.9,17587.8,17573.8,17576.3,1384,120655
2024-01-12 09:05:00,17576.3,17580.1,17576.3,17577.9,1476,119911
2024-01-12 09:06:00,17577.9,17578.9,17572.0,17573.8,1398,120190
2024-01-12 09:07:00,17573.8,17574.1,17571.6,17572.3,1224,119363
2024-01-12 09:08:00,17572.3,17578.7,17571.8,17577.6,960,119660
2024-01-12 09:09:00,17577.6,17579.0,17569.5,17569.6,943,120184
2024-01-12 09:10:00,17569.6,17571.2,17564.5,17568.2,1039,120263
2024-01-12 09:11:00,17568.2,17571.1,17566.8,17567.5,1286,120053
2024-01-12 09:12:00,17567.5,17569.5,17562.6,17563.3,1417,120682
2024-01-12 09:13:00,17563.3,17566.4,17562.0,17562.6,1275,119624
2024-01-12 09:14:00,17562.6,17564.6,17557.3,17557.8,1471,119654
2024-01-12 09:15:00,17557.8,17558.5,17553.9,17554.5,1669,119783
2024-01-12 09:16:00,17554.5,17558.4,17552.0,17557.8,1554,120295
2024-01-12 09:17:00,17557.8,17561.8,17556.8,17560.3,1136,119009
2024-01-12 09:18:00,17560.3,17560.3,17556.9,17558.0,1424,120705
2024-01-12 09:19:00,17558.0,17559.8,17554.8,17557.6,1239,119984
2024-01-12 09:20:00,17557.6,17561.1,17548.0,17549.8,1405,120630
2024-01-12 09:21:00,17549.8,17557.8,17549.8,17557.7,1246,120078
2024-01-12 09:22:00,17557.7,17562.8,17554.5,17561.4,720,120262
2024-01-12 09:23:00,17561.4,17566.5,17560.1,17565.9,957,120837
2024-01-12 09:24:00,17565.9,17571.4,17562.1,17569.9,1016,119721
2024-01-12 09:25:00,17569.9,17570.4,17562.0,17563.0,1331,119887
2024-01-12 09:26:00,17563.0,17567.8,17558.4,17567.2,1114,120151
2024-01-12 09:27:00,17567.2,17567.7,17562.6,17564.4,1453,120547
2024-01-12 09:28:00,17564.4,17569.1,17558.9,17567.7,674,121032
2024-01-12 09:29:00,17567.7,17570.0,17562.7,17563.7,1049,120350
2024-01-12 09:30:00,17563.7,17568.8,17562.7,17567.1,1543,120061
2024-01-12 09:31:00,17567.1,17574.3,17565.2,17573.5,879,120866
2024-01-12 09:32:00,17573.5,17580.9,17570.9,17579.1,1047,120121
2024-01-12 09:33:00,17579.1,17582.0,17577.4,17577.8,1142,120552
2024-01-12 09:34:00,17577.8,17578.9,17571.9,17573.9,1532,120133
2024-01-12 09:35:00,17573.9,17578.1,17573.5,17576.9,1597,119819
2024-01-12 09:36:00,17576.9,17577.2,17574.6,17575.5,1321,119364
2024-01-12 09:37:00,17575.5,17577.7,17567.9,17573.7,1366,119148
2024-01-12 09:38:00,17573.7,17576.0,17567.7,17572.4,1487,119766
2024-01-12 09:39:00,17572.4,17578.8,17570.9,17576.7,988,119365
2024-01-12 09:40:00,17576.7,17576.9,17575.2,17575.7,1483,120159
2024-01-12 09:41:00,17575.7,17577.5,17571.8,17575.4,1273,119392
2024-01-12 09:42:00,17575.4,17578.6,17574.0,17576.9,673,120996
2024-01-12 09:43:00,17576.9,17584.3,17574.9,17581.9,1481,120149
2024-01-12 09:44:00,17581.9,17586.0,17577.4,17583.2,1366,120208
2024-01-12 09:45:00,17583.2,17588.5,17583.1,17588.3,1333,120914
2024-01-12 09:46:00,17588.3,17598.3,17584.6,17593.3,1254,119339
2024-01-12 09:47:00,17593.3,17599.2,17593.0,17598.1,1310,120742
2024-01-12 09:48:00,17598.1,17602.2,17594.5,17600.8,1043,119762
2024-01-12 09:49:00,17600.8,17603.2,17596.9,17599.1,1234,120757
2024-01-12 09:50:00,17599.1,17600.2,17595.2,17596.0,1935,120235
2024-01-12 09:51:00,17596.0,17598.3,17590.6,17592.3,933,120471
2024-01-12 09:52:00,17592.3,17593.2,17586.9,17587.4,1721,120807
2024-01-12 09:53:00,17587.4,17593.7,17587.3,17592.4,963,121059
2024-01-12 09:54:00,17592.4,17595.4,17590.3,17592.2,1172,119601
2024-01-12 09:55:00,17592.2,17593.0,17591.1,17591.5,1708,120634
2024-01-12 09:56:00,17591.5,17601.2,17589.3,17597.9,1181,121148
2024-01-12 09:57:00,17597.9,17607.1,17597.7,17606.2,1375,120937
2024-01-12 09:58:00,17606.2,17611.7,17605.7,17608.6,1090,119598
2024-01-12 09:59:00,17608.6,17610.2,17604.0,17606.1,1975,120297
2024-01-12 10:00:00,17606.1,17607.6,17605.6,17606.3,1554,118893
2024-01-12 10:01:00,17606.3,17609.0,17598.6,17602.7,1545,119781
2024-01-12 10:02:00,17602.7,17607.0,17601.8,17604.3,1409,119952
2024-01-12 10:03:00,17604.3,17606.0,17603.1,17605.5,1123,119549
2024-01-12 10:04:00,17605.5,17607.0,17605.4,17606.4,1667,119739
2024-01-12 10:05:00,17606.4,17607.1,17605.6,17605.7,1177,119528
2024-01-12 10:06:00,17605.7,17606.3,17598.7,17601.0,1910,119809
2024-01-12 10:07:00,17601.0,17603.6,17600.1,17602.4,1016,120436
2024-01-12 10:08:00,17602.4,17607.9,17601.4,17604.7,1446,119554
2024-01-12 10:09:00,17604.7,17607.3,17600.2,17601.5,1897,119374
2024-01-12 10:10:00,17601.5,17602.8,17598.1,17599.7,1081,119990
2024-01-12 10:11:00,17599.7,17601.1,17593.2,17594.4,1629,119958
2024-01-12 10:12:00,17594.4,17596.7,17592.6,17596.2,1235,120438
2024-01-12 10:13:00,17596.2,17602.5,17591.5,17600.1,1920,119994
2024-01-12 10:14:00,17600.1,17600.4,17599.2,17599.6,1142,119237
2024-01-12 10:15:00,17599.6,17602.4,17599.3,17601.0,830,120551
2024-01-12 10:16:00,17601.0,17604.8,17594.1,17596.0,1448,119943
2024-01-12 10:17:00,17596.0,17597.4,17591.0,17592.2,1160,120448
2024-01-12 10:18:00,17592.2,17593.5,17591.5,17591.8,1491,120346
2024-01-12 10:19:00,17591.8,17600.0,17589.5,17598.5,1606,119630
2024-01-12 10:20:00,17598.5,17600.8,17597.6,17598.8,1136,120151
2024-01-12 10:21:00,17598.8,17601.1,17597.4,17600.1,1557,119251
2024-01-12 10:22:00,17600.1,17600.6,17598.8,17599.3,1671,120272
2024-01-12 10:23:00,17599.3,17603.4,17599.2,17602.2,867,120269
2024-01-12 10:24:00,17602.2,17604.1,17597.8,17598.3,1791,119731
2024-01-12 10:25:00,17598.3,17601.1,17595.4,17597.5,1399,120487
2024-01-12 10:26:00,17597.5,17598.3,17587.4,17590.6,1807,119530
2024-01-12 10:27:00,17590.6,17600.5,17588.4,17598.0,1620,119472
2024-01-12 10:28:00,17598.0,17599.2,17594.0,17598.3,1332,120925
2024-01-12 10:29:00,17598.3,17602.2,17594.4,17600.6,1349,120273
2024-01-12 10:30:00,17600.6,17605.8,17597.7,17602.1,1798,119187
2024-01-12 10:31:00,17602.1,17605.2,17598.3,17598.8,1265,120224
2024-01-12 10:32:00,17598.8,17600.5,17590.7,17591.9,1553,119320
2024-01-12 10:33:00,17591.9,17593.2,17588.8,17590.9,457,120271
2024-01-12 10:34:00,17590.9,17594.9,17585.2,17588.1,1233,120328
2024-01-12 10:35:00,17588.1,17591.2,17587.0,17591.1,1085,120332
2024-01-12 10:36:00,17591.1,17591.8,17589.7,17591.5,787,120601
2024-01-12 10:37:00,17591.5,17593.2,17585.7,17589.5,2013,119775
2024-01-12 10:38:00,17589.5,17591.2,17578.7,17582.9,1252,120244
2024-01-12 10:39:00,17582.9,17584.3,17581.0,17583.6,1857,121269
2024-01-12 10:40:00,17583.6,17587.8,17581.9,17585.0,1236,119707
2024-01-12 10:41:00,17585.0,17587.3,17575.3,17576.7,1316,119914
2024-01-12 10:42:00,17576.7,17580.8,17574.8,17579.5,1811,120144
2024-01-12 10:43:00,17579.5,17586.6,17578.9,17582.2,649,120070
2024-01-12 10:44:00,17582.2,17585.1,17581.4,17584.6,1606,119868
2024-01-12 10:45:00,17584.6,17585.0,17581.2,17585.0,1181,120053
2024-01-12 10:46:00,17585.0,17585.4,17580.5,17583.3,1242,119990
2024-01-12 10:47:00,17583.3,17586.4,17579.6,17582.6,1240,120092
2024-01-12 10:48:00,17582.6,17585.3,17578.2,17580.0,1764,120530
2024-01-12 10:49:00,17580.0,17581.6,17574.1,17575.2,1747,119720
2024-01-12 10:50:00,17575.2,17575.9,17570.9,17571.3,1959,120183
2024-01-12 10:51:00,17571.3,17572.2,17569.1,17570.6,1152,119986
2024-01-12 10:52:00,17570.6,17576.3,17570.0,17573.0,1373,119797
2024-01-12 10:53:00,17573.0,17575.5,17569.7,17574.4,1327,119947
2024-01-12 10:54:00,17574.4,17581.0,17572.5,17580.7,997,120389
2024-01-12 10:55:00,17580.7,17586.3,17579.1,17584.8,1668,119372
2024-01-12 10:56:00,17584.8,17586.8,17584.4,17586.2,1108,119994
2024-01-12 10:57:00,17586.2,17590.3,17582.1,17584.8,1831,120021
2024-01-12 10:58:00,17584.8,17585.5,17583.2,17584.9,1426,119441
2024-01-12 10:59:00,17584.9,17586.8,17578.5,17584.2,1148,119802
2024-01-12 11:00:00,17584.2,17587.1,17582.5,17582.9,1219,120022
2024-01-12 11:01:00,17582.9,17583.9,17581.7,17583.3,1531,120491
2024-01-12 11:02:00,17583.3,17589.2,17583.1,17588.6,1186,120169
2024-01-12 11:03:00,17588.6,17592.7,17588.6,17591.5,1034,119496
2024-01-12 11:04:00,17591.5,17592.9,17587.7,17588.1,1608,120367
2024-01-12 11:05:00,17588.1,17591.0,17582.5,17583.0,1523,119924
2024-01-12 11:06:00,17583.0,17583.8,17581.3,17583.1,1405,119925
2024-01-12 11:07:00,17583.1,17583.4,17577.5,17578.2,1343,119209
2024-01-12 11:08:00,17578.2,17584.2,17576.0,17584.0,1510,120409
2024-01-12 11:09:00,17584.0,17585.3,17579.6,17582.3,1514,120156
2024-01-12 11:10:00,17582.3,17586.2,17582.2,17584.4,957,119151
2024-01-12 11:11:00,17584.4,17587.3,17577.5,17584.4,1446,120618
2024-01-12 11:12:00,17584.4,17588.0,17582.2,17587.5,1372,120858
2024-01-12 11:13:00,17587.5,17589.7,17584.0,17584.4,1565,119675
2024-01-12 11:14:00,17584.4,17590.7,17584.0,17588.1,1332,120279
2024-01-12 11:15:00,17588.1,17593.2,17587.9,17590.4,1259,120049
2024-01-12 11:16:00,17590.4,17594.6,17589.2,17591.7,1655,120090
2024-01-12 11:17:00,17591.7,17594.1,17591.0,17593.2,1267,120089
2024-01-12 11:18:00,17593.2,17594.2,17588.4,17590.8,1194,120080
2024-01-12 11:19:00,17590.8,17595.2,17588.7,17594.9,1467,119904
2024-01-12 11:20:00,17594.9,17596.2,17594.1,17596.1,1273,119747
2024-01-12 11:21:00,17596.1,17600.0,17594.6,17599.6,1807,119685
2024-01-12 11:22:00,17599.6,17599.8,17598.7,17599.1,1464,119482
2024-01-12 11:23:00,17599.1,17600.1,17594.8,17595.3,1467,120295
2024-01-12 11:24:00,17595.3,17598.8,17593.0,17594.2,1082,120177
2024-01-12 11:25:00,17594.2,17596.2,17593.3,17594.0,1367,120429
2024-01-12 11:26:00,17594.0,17598.8,17592.3,17594.8,1916,120866
2024-01-12 11:27:00,17594.8,17597.2,17592.8,17593.7,1203,120287
2024-01-12 11:28:00,17593.7,17597.1,17590.1,17595.8,708,120088
2024-01-12 11:29:00,17595.8,17600.8,17592.2,17600.5,962,120040
2024-01-12 11:30:00,17600.5,17604.9,17597.7,17604.7,1582,119853
2024-01-12 11:31:00,17604.7,17607.4,17603.5,17603.6,1885,119202
2024-01-12 11:32:00,17603.6,17605.8,17602.7,17603.3,776,119954
2024-01-12 11:33:00,17603.3,17605.6,17602.7,17605.2,1309,120707
2024-01-12 11:34:00,17605.2,17608.5,17601.0,17602.1,1318,119937
2024-01-12 11:35:00,17602.1,17607.9,17601.9,17605.2,755,119789
2024-01-12 11:36:00,17605.2,17609.2,17599.0,17599.8,1212,119915
2024-01-12 11:37:00,17599.8,17601.0,17590.8,17594.1,1192,120865
2024-01-12 11:38:00,17594.1,17595.9,17586.9,17588.4,1315,120069
2024-01-12 11:39:00,17588.4,17591.0,17585.6,17589.0,1595,120265
2024-01-12 11:40:00,17589.0,17591.3,17587.2,17590.7,1028,119299
2024-01-12 11:41:00,17590.7,17592.0,17586.4,17587.4,1223,120772
2024-01-12 11:42:00,17587.4,17587.8,17582.0,17585.4,1842,120715
2024-01-12 11:43:00,17585.4,17592.2,17584.8,17590.4,1109,120732
2024-01-12 11:44:00,17590.4,17591.2,17584.5,17585.7,1060,119559
2024-01-12 11:45:00,17585.7,17593.2,17585.3,17591.6,943,119740
2024-01-12 11:46:00,17591.6,17592.9,17591.4,17592.5,1143,120172
2024-01-12 11:47:00,17592.5,17594.4,17590.5,17593.0,1504,119865
2024-01-12 11:48:00,17593.0,17598.6,17591.9,17593.3,1563,120003
2024-01-12 11:49:00,17593.3,17595.6,17588.5,17589.2,1110,119609
2024-01-12 11:50:00,17589.2,17595.9,17588.3,17592.8,999,120824
2024-01-12 11:51:00,17592.8,17598.0,17591.4,17597.9,1064,119495
2024-01-12 11:52:00,17597.9,17605.6,17597.9,17604.3,1387,120070
2024-01-12 11:53:00,17604.3,17609.1,17601.0,17606.8,1035,119998
2024-01-12 11:54:00,17606.8,17610.0,17603.4,17607.0,1361,119256
2024-01-12 11:55:00,17607.0,17608.1,17604.6,17607.3,1687,120166
2024-01-12 11:56:00,17607.3,17611.0,17604.2,17608.4,1320,119582
2024-01-12 11:57:00,17608.4,17609.4,17606.1,17606.8,1386,120602
2024-01-12 11:58:00,17606.8,17613.5,17606.3,17611.8,1675,119705
2024-01-12 11:59:00,17611.8,17612.6,17609.0,17611.6,1164,120383
2024-01-12 12:00:00,17611.6,17612.6,17611.4,17611.5,1370,119421
2024-01-12 12:01:00,17611.5,17613.6,17608.3,17608.5,1334,120133
2024-01-12 12:02:00,17608.5,17613.5,17607.5,17610.4,1157,119250
2024-01-12 12:03:00,17610.4,17611.9,17605.3,17607.9,1719,119396
2024-01-12 12:04:00,17607.9,17608.4,17605.3,17607.2,1023,120285
2024-01-12 12:05:00,17607.2,17608.9,17605.3,17605.4,1339,120308
2024-01-12 12:06:00,17605.4,17607.4,17602.7,17603.3,829,119519
2024-01-12 12:07:00,17603.3,17604.3,17598.8,17604.2,898,120083
2024-01-12 12:08:00,17604.2,17608.5,17603.5,17605.7,1254,120009
2024-01-12 12:09:00,17605.7,17606.4,17605.6,17605.7,1539,120028
2024-01-12 12:10:00,17605.7,17609.5,17605.0,17609.5,542,120392
2024-01-12 12:11:00,17609.5,17614.7,17605.3,17611.4,1285,119517
2024-01-12 12:12:00,17611.4,17614.3,17610.3,17610.5,1376,120201
2024-01-12 12:13:00,17610.5,17616.3,17609.3,17611.8,1961,119883
2024-01-12 12:14:00,17611.8,17617.4,17608.4,17615.4,1143,120846
2024-01-12 12:15:00,17615.4,17615.9,17609.0,17609.9,1247,119455
2024-01-12 12:16:00,17609.9,17616.0,17609.8,17614.0,1363,119833
2024-01-12 12:17:00,17614.0,17614.5,17612.2,17613.5,1066,120292
2024-01-12 12:18:00,17613.5,17617.6,17612.3,17617.1,1339,121063
2024-01-12 12:19:00,17617.1,17620.5,17612.9,17617.7,1636,119448
2024-01-12 12:20:00,17617.7,17619.1,17617.0,17617.3,1744,120314
2024-01-12 12:21:00,17617.3,17618.6,17613.4,17616.8,1390,119996
2024-01-12 12:22:00,17616.8,17618.3,17607.5,17610.4,1130,120206
2024-01-12 12:23:00,17610.4,17610.5,17603.4,17605.0,1543,120252
2024-01-12 12:24:00,17605.0,17609.2,17602.0,17606.9,1761,119907
2024-01-12 12:25:00,17606.9,17608.1,17600.0,17602.6,970,120363
2024-01-12 12:26:00,17602.6,17606.7,17595.5,17595.6,1131,119509
2024-01-12 12:27:00,17595.6,17596.6,17587.3,17589.1,1423,119948
2024-01-12 12:28:00,17589.1,17590.2,17586.5,17589.1,1103,119407
2024-01-12 12:29:00,17589.1,17592.2,17585.3,17590.4,928,120931
2024-01-12 12:30:00,17590.4,17592.5,17588.9,17592.4,1656,119968
2024-01-12 12:31:00,17592.4,17597.3,17583.1,17585.6,1446,119099
2024-01-12 12:32:00,17585.6,17587.8,17575.9,17580.4,676,119417
2024-01-12 12:33:00,17580.4,17581.7,17578.5,17579.2,619,119627
2024-01-12 12:34:00,17579.2,17582.2,17578.3,17578.9,961,119565
2024-01-12 12:35:00,17578.9,17588.1,17575.5,17584.8,750,119866
2024-01-12 12:36:00,17584.8,17587.3,17582.0,17585.4,1573,120561
2024-01-12 12:37:00,17585.4,17592.2,17584.3,17588.5,1453,119802
2024-01-12 12:38:00,17588.5,17594.8,17587.6,17594.7,1295,120119
2024-01-12 12:39:00,17594.7,17597.2,17594.3,17595.8,834,120519
2024-01-12 12:40:00,17595.8,17596.0,17594.1,17594.3,1239,120249
2024-01-12 12:41:00,17594.3,17596.0,17591.1,17594.6,1506,120165
2024-01-12 12:42:00,17594.6,17598.8,17593.4,17598.1,1537,119863
2024-01-12 12:43:00,17598.1,17599.2,17594.4,17595.3,939,120289
2024-01-12 12:44:00,17595.3,17595.7,17588.3,17590.5,1390,120430
2024-01-12 12:45:00,17590.5,17594.2,17589.9,17591.1,1489,119623
2024-01-12 12:46:00,17591.1,17591.4,17588.6,17589.6,913,119209
2024-01-12 12:47:00,17589.6,17597.6,17589.6,17597.1,1636,120139
2024-01-12 12:48:00,17597.1,17601.7,17596.3,17600.4,1266,119872
2024-01-12 12:49:00,17600.4,17602.4,17593.9,17594.9,1298,119628
2024-01-12 12:50:00,17594.9,17595.9,17593.7,17595.9,1783,120213
2024-01-12 12:51:00,17595.9,17596.1,17593.8,17593.9,1713,120719
2024-01-12 12:52:00,17593.9,17600.1,17591.7,17595.5,1421,119247
2024-01-12 12:53:00,17595.5,17600.2,17592.6,17596.7,1246,119870
2024-01-12 12:54:00,17596.7,17598.3,17587.8,17592.1,1336,119919
2024-01-12 12:55:00,17592.1,17594.5,17590.3,17594.1,1434,120184
2024-01-12 12:56:00,17594.1,17596.4,17593.9,17595.3,1302,120145
2024-01-12 12:57:00,17595.3,17598.2,17587.1,17589.0,1483,120086
2024-01-12 12:58:00,17589.0,17591.6,17585.4,17586.2,1121,119269
2024-01-12 12:59:00,17586.2,17588.8,17585.7,17588.1,1615,120630
2024-01-12 13:00:00,17588.1,17593.2,17586.3,17592.3,1408,119967
2024-01-12 13:01:00,17592.3,17595.3,17591.1,17591.6,1205,119822
2024-01-12 13:02:00,17591.6,17591.9,17586.9,17588.8,1189,120358
2024-01-12 13:03:00,17588.8,17591.7,17588.2,17589.9,752,120651
2024-01-12 13:04:00,17589.9,17598.1,17589.1,17595.9,1422,119332
2024-01-12 13:05:00,17595.9,17602.2,17591.4,17593.7,1136,120279
2024-01-12 13:06:00,17593.7,17600.7,17592.8,17599.3,1584,119661
2024-01-12 13:07:00,17599.3,17599.9,17597.5,17598.4,1286,119928
2024-01-12 13:08:00,17598.4,17605.4,17596.1,17604.1,1589,119942
2024-01-12 13:09:00,17604.1,17604.9,17603.1,17603.9,1823,119525
2024-01-12 13:10:00,17603.9,17605.8,17601.6,17604.6,1354,120402
2024-01-12 13:11:00,17604.6,17608.3,17602.7,17606.6,1355,119734
2024-01-12 13:12:00,17606.6,17611.2,17606.1,17609.5,1213,118526
2024-01-12 13:13:00,17609.5,17610.9,17608.0,17608.7,1312,119043
2024-01-12 13:14:00,17608.7,17609.7,17607.0,17607.0,1404,119079
2024-01-12 13:15:00,17607.0,17610.1,17606.6,17610.0,972,118981
2024-01-12 13:16:00,17610.0,17611.7,17604.1,17606.3,930,120481
2024-01-12 13:17:00,17606.3,17610.8,17602.2,17609.8,994,119333
2024-01-12 13:18:00,17609.8,17614.6,17608.9,17612.4,1802,119885
2024-01-12 13:19:00,17612.4,17613.5,17612.0,17612.7,1430,119823
2024-01-12 13:20:00,17612.7,17614.2,17608.8,17610.6,1508,120389
2024-01-12 13:21:00,17610.6,17611.4,17600.9,17603.3,1180,120379
2024-01-12 13:22:00,17603.3,17608.0,17600.2,17607.2,1698,119709
2024-01-12 13:23:00,17607.2,17609.7,17601.0,17602.2,1092,119446
2024-01-12 13:24:00,17602.2,17602.4,17598.9,17600.7,1317,119297
2024-01-12 13:25:00,17600.7,17600.8,17598.6,17600.2,1267,120409
2024-01-12 13:26:00,17600.2,17600.4,17593.6,17597.2,935,119576
2024-01-12 13:27:00,17597.2,17598.5,17592.4,17595.9,992,119942
2024-01-12 13:28:00,17595.9,17598.0,17593.7,17595.6,868,120211
2024-01-12 13:29:00,17595.6,17595.8,17592.7,17594.4,1190,119562
2024-01-12 13:30:00,17594.4,17594.8,17590.6,17591.4,921,120371
2024-01-12 13:31:00,17591.4,17598.4,17589.4,17596.4,1445,120849
2024-01-12 13:32:00,17596.4,17598.6,17595.0,17597.4,1018,120015
2024-01-12 13:33:00,17597.4,17601.8,17594.9,17601.5,1135,119934
2024-01-12 13:34:00,17601.5,17602.4,17595.8,17599.4,1185,120040
2024-01-12 13:35:00,17599.4,17601.1,17595.0,17599.3,1597,119758
2024-01-12 13:36:00,17599.3,17604.1,17598.9,17604.0,1682,120050
2024-01-12 13:37:00,17604.0,17610.1,17601.5,17605.0,1018,119679
2024-01-12 13:38:00,17605.0,17605.7,17602.9,17603.7,1557,120053
2024-01-12 13:39:00,17603.7,17604.6,17601.3,17602.6,1073,119881
2024-01-12 13:40:00,17602.6,17608.7,17602.1,17604.3,1112,120501
2024-01-12 13:41:00,17604.3,17606.1,17601.3,17601.4,1128,119716
2024-01-12 13:42:00,17601.4,17602.0,17597.2,17599.1,1035,119933
2024-01-12 13:43:00,17599.1,17604.2,17598.2,17603.5,1052,119855
2024-01-12 13:44:00,17603.5,17608.3,17602.9,17604.7,1119,119074
2024-01-12 13:45:00,17604.7,17607.5,17597.2,17598.9,1535,119947
2024-01-15 08:45:00,17592.2,17593.2,17591.1,17592.4,1125,120075
2024-01-15 08:46:00,17592.4,17594.8,17591.2,17593.5,1438,119763
2024-01-15 08:47:00,17593.5,17599.4,17592.3,17597.8,1331,120223
2024-01-15 08:48:00,17597.8,17604.2,17594.7,17602.6,1473,119483
2024-01-15 08:49:00,17602.6,17607.6,17600.9,17605.8,1215,121023
2024-01-15 08:50:00,17605.8,17606.0,17597.9,17599.7,1260,119308
2024-01-15 08:51:00,17599.7,17601.1,17597.3,17599.7,973,120558
2024-01-15 08:52:00,17599.7,17601.5,17592.8,17595.3,1667,120115
2024-01-15 08:53:00,17595.3,17599.5,17594.5,17598.2,1245,120350
2024-01-15 08:54:00,17598.2,17599.6,17590.4,17595.1,1406,120028
2024-01-15 08:55:00,17595.1,17603.9,17594.0,17600.5,1088,120295
2024-01-15 08:56:00,17600.5,17602.1,17596.8,17597.5,651,120324
2024-01-15 08:57:00,17597.5,17599.2,17595.6,17598.9,1642,119989
2024-01-15 08:58:00,17598.9,17605.7,17597.3,17602.3,979,120356
2024-01-15 08:59:00,17602.3,17604.2,17595.7,17596.0,1308,119783
2024-01-15 09:00:00,17596.0,17597.8,17595.8,17597.3,1209,121018
2024-01-15 09:01:00,17597.3,17602.8,17596.8,17601.2,1452,119686
2024-01-15 09:02:00,17601.2,17604.1,17600.3,17603.4,1636,120025
2024-01-15 09:03:00,17603.4,17607.7,17602.4,17604.9,1458,118788
2024-01-15 09:04:00,17604.9,17607.4,17600.4,17606.9,1087,120289
2024-01-15 09:05:00,17606.9,17607.4,17604.1,17605.4,1273,119818
2024-01-15 09:06:00,17605.4,17612.7,17604.9,17610.6,1439,119177
2024-01-15 09:07:00,17610.6,17612.1,17609.4,17611.9,1505,119844
2024-01-15 09:08:00,17611.9,17619.0,17611.7,17618.8,941,120587
2024-01-15 09:09:00,17618.8,17620.4,17618.4,17619.3,1466,120087
2024-01-15 09:10:00,17619.3,17627.0,17618.0,17624.0,961,119931
2024-01-15 09:11:00,17624.0,17627.1,17623.2,17626.6,1304,120714
2024-01-15 09:12:00,17626.6,17627.4,17626.6,17626.7,1307,119131
2024-01-15 09:13:00,17626.7,17629.1,17624.9,17628.2,1005,119868
2024-01-15 09:14:00,17628.2,17629.0,17617.6,17619.3,1202,119372
2024-01-15 09:15:00,17619.3,17619.4,17612.6,17615.9,996,119924
2024-01-15 09:16:00,17615.9,17616.0,17611.3,17611.8,1107,119612
2024-01-15 09:17:00,17611.8,17612.6,17607.2,17609.8,1051,120253
2024-01-15 09:18:00,17609.8,17611.1,17607.6,17607.7,1351,119344
2024-01-15 09:19:00,17607.7,17612.1,17604.5,17609.7,1425,119195
2024-01-15 09:20:00,17609.7,17611.0,17607.9,17607.9,1354,120077
2024-01-15 09:21:00,17607.9,17613.9,17607.7,17611.6,694,120224
2024-01-15 09:22:00,17611.6,17612.1,17603.5,17608.1,1531,120902
2024-01-15 09:23:00,17608.1,17608.3,17602.7,17603.3,1010,120107
2024-01-15 09:24:00,17603.3,17605.1,17599.7,17601.2,1137,119432
2024-01-15 09:25:00,17601.2,17604.9,17599.3,17600.9,1022,120059
2024-01-15 09:26:00,17600.9,17607.9,17597.7,17603.6,2106,120479
2024-01-15 09:27:00,17603.6,17608.1,17603.2,17608.0,1371,120595
2024-01-15 09:28:00,17608.0,17611.8,17607.3,17611.5,982,119704
2024-01-15 09:29:00,17611.5,17613.8,17608.8,17609.5,1530,120375
2024-01-15 09:30:00,17609.5,17609.8,17600.2,17603.6,1417,119913
2024-01-15 09:31:00,17603.6,17608.4,17597.0,17599.1,1566,119800
2024-01-15 09:32:00,17599.1,17601.0,17596.9,17597.1,1067,120695
2024-01-15 09:33:00,17597.1,17604.8,17596.0,17603.2,1230,120090
2024-01-15 09:34:00,17603.2,17607.9,17599.5,17600.3,1665,119187
2024-01-15 09:35:00,17600.3,17605.0,17598.3,17603.6,1278,121112
2024-01-15 09:36:00,17603.6,17604.9,17602.6,17604.9,1117,119816
2024-01-15 09:37:00,17604.9,17610.6,17603.8,17605.0,1611,119734
2024-01-15 09:38:00,17605.0,17609.5,17602.8,17608.4,1054,120966
2024-01-15 09:39:00,17608.4,17609.9,17607.1,17607.5,712,119622
2024-01-15 09:40:00,17607.5,17610.4,17606.3,17608.8,984,119530
2024-01-15 09:41:00,17608.8,17611.3,17601.4,17603.0,1480,119185
2024-01-15 09:42:00,17603.0,17606.9,17601.5,17603.2,1396,120393
2024-01-15 09:43:00,17603.2,17609.3,17601.1,17602.1,1680,120211
2024-01-15 09:44:00,17602.1,17604.4,17601.0,17603.0,958,120196
2024-01-15 09:45:00,17603.0,17605.1,17600.3,17600.9,1378,120187
2024-01-15 09:46:00,17600.9,17601.4,17597.6,17597.7,987,119899
2024-01-15 09:47:00,17597.7,17600.2,17595.8,17599.0,1400,119919
2024-01-15 09:48:00,17599.0,17602.8,17592.7,17596.1,1516,120320
2024-01-15 09:49:00,17596.1,17604.0,17595.2,17599.4,1462,120247
2024-01-15 09:50:00,17599.4,17603.9,17596.8,17602.3,1196,119194
2024-01-15 09:51:00,17602.3,17606.8,17599.6,17606.1,1390,120253
2024-01-15 09:52:00,17606.1,17607.9,17603.8,17604.5,1361,120018
2024-01-15 09:53:00,17604.5,17606.8,17603.5,17604.1,1964,120725
2024-01-15 09:54:00,17604.1,17608.6,17604.0,17605.9,1299,120117
2024-01-15 09:55:00,17605.9,17609.5,17605.7,17607.6,1079,119139
2024-01-15 09:56:00,17607.6,17609.6,17600.7,17604.8,1459,119931
2024-01-15 09:57:00,17604.8,17610.8,17601.8,17605.6,880,119389
2024-01-15 09:58:00,17605.6,17607.5,17600.7,17606.4,1902,120523
2024-01-15 09:59:00,17606.4,17611.1,17604.8,17609.3,1420,119643
2024-01-15 10:00:00,17609.3,17614.8,17609.1,17613.7,1730,119930
2024-01-15 10:01:00,17613.7,17616.1,17610.3,17612.2,1874,120195
2024-01-15 10:02:00,17612.2,17614.9,17608.8,17609.5,1037,119583
2024-01-15 10:03:00,17609.5,17610.0,17607.3,17609.3,1376,119657
2024-01-15 10:04:00,17609.3,17612.5,17608.6,17612.3,1497,120172
2024-01-15 10:05:00,17612.3,17616.3,17611.0,17613.9,1405,120160
2024-01-15 10:06:00,17613.9,17614.3,17609.0,17612.0,1529,119749
2024-01-15 10:07:00,17612.0,17612.5,17605.7,17607.8,1609,120500
2024-01-15 10:08:00,17607.8,17612.8,17603.8,17611.9,930,120141
2024-01-15 10:09:00,17611.9,17616.9,17611.7,17615.8,1339,120172
2024-01-15 10:10:00,17615.8,17623.3,17615.8,17622.5,1492,119267
2024-01-15 10:11:00,17622.5,17625.1,17620.6,17622.6,1228,120238
2024-01-15 10:12:00,17622.6,17627.2,17616.8,17618.3,1422,120557
2024-01-15 10:13:00,17618.3,17618.4,17615.8,17616.0,1454,118784
2024-01-15 10:14:00,17616.0,17617.2,17611.4,17612.5,1287,120276
2024-01-15 10:15:00,17612.5,17616.5,17607.8,17610.8,1700,119560
2024-01-15 10:16:00,17610.8,17612.5,17603.5,17605.6,952,120149
2024-01-15 10:17:00,17605.6,17607.9,17602.3,17602.4,1459,119473
2024-01-15 10:18:00,17602.4,17604.9,17600.6,17603.1,888,119385
2024-01-15 10:19:00,17603.1,17608.0,17598.9,17603.0,985,119553
2024-01-15 10:20:00,17603.0,17604.9,17594.5,17595.1,985,119878
2024-01-15 10:21:00,17595.1,17598.4,17590.0,17590.8,1559,120124
2024-01-15 10:22:00,17590.8,17592.4,17586.1,17586.7,971,120829
2024-01-15 10:23:00,17586.7,17589.1,17579.7,17581.1,1331,120431
2024-01-15 10:24:00,17581.1,17582.3,17577.0,17577.9,1714,120350
2024-01-15 10:25:00,17577.9,17579.8,17577.1,17578.5,1264,120612
2024-01-15 10:26:00,17578.5,17588.1,17576.6,17586.9,1394,118858
2024-01-15 10:27:00,17586.9,17591.2,17585.4,17590.6,1448,119421
2024-01-15 10:28:00,17590.6,17591.8,17583.7,17587.1,1143,119727
2024-01-15 10:29:00,17587.1,17587.6,17584.4,17584.8,1507,119975
2024-01-15 10:30:00,17584.8,17586.2,17582.1,17583.2,1446,120639
2024-01-15 10:31:00,17583.2,17584.4,17580.7,17582.9,1440,120723
2024-01-15 10:32:00,17582.9,17588.7,17582.5,17587.4,1279,120569
2024-01-15 10:33:00,17587.4,17591.8,17584.4,17591.6,1153,119543
2024-01-15 10:34:00,17591.6,17594.3,17591.1,17593.6,1416,120391
2024-01-15 10:35:00,17593.6,17596.0,17591.7,17592.3,2077,120595
2024-01-15 10:36:00,17592.3,17599.9,17590.8,17597.1,1304,120159
2024-01-15 10:37:00,17597.1,17602.0,17589.2,17591.0,1548,120358
2024-01-15 10:38:00,17591.0,17597.6,17590.6,17595.3,970,120534
2024-01-15 10:39:00,17595.3,17599.0,17594.5,17598.9,1367,119547
2024-01-15 10:40:00,17598.9,17599.7,17594.1,17597.2,1136,120589
2024-01-15 10:41:00,17597.2,17600.5,17593.9,17594.6,1478,119985
2024-01-15 10:42:00,17594.6,17596.6,17591.8,17592.3,1116,120840
2024-01-15 10:43:00,17592.3,17593.3,17590.5,17591.9,912,120538
2024-01-15 10:44:00,17591.9,17596.7,17591.4,17595.3,1108,120261
2024-01-15 10:45:00,17595.3,17600.4,17592.0,17599.9,2163,120642
2024-01-15 10:46:00,17599.9,17603.5,17597.9,17600.7,1117,120064
2024-01-15 10:47:00,17600.7,17601.5,17596.2,17597.2,1618,120143
2024-01-15 10:48:00,17597.2,17600.5,17592.6,17600.5,1245,119692
2024-01-15 10:49:00,17600.5,17603.3,17593.1,17597.6,1381,119839
2024-01-15 10:50:00,17597.6,17602.4,17596.7,17600.2,1243,120384
2024-01-15 10:51:00,17600.2,17606.5,17600.1,17603.3,1073,120589
2024-01-15 10:52:00,17603.3,17610.5,17602.5,17609.8,1536,120182
2024-01-15 10:53:00,17609.8,17610.2,17606.6,17607.1,1059,121226
2024-01-15 10:54:00,17607.1,17610.1,17606.3,17608.9,1418,119724
2024-01-15 10:55:00,17608.9,17614.1,17607.8,17612.0,1529,120195
2024-01-15 10:56:00,17612.0,17612.4,17610.0,17611.7,1268,119760
2024-01-15 10:57:00,17611.7,17614.2,17603.7,17604.9,1469,119618
2024-01-15 10:58:00,17604.9,17608.0,17602.8,17607.1,1843,120141
2024-01-15 10:59:00,17607.1,17609.8,17605.7,17609.3,1204,120946
2024-01-15 11:00:00,17609.3,17610.1,17602.9,17605.2,876,119374
2024-01-15 11:01:00,17605.2,17605.8,17602.2,17603.8,1061,119864
2024-01-15 11:02:00,17603.8,17610.5,17599.4,17608.4,1470,119357
2024-01-15 11:03:00,17608.4,17611.0,17607.8,17610.9,1964,120510
2024-01-15 11:04:00,17610.9,17611.4,17607.2,17609.5,1348,119598
2024-01-15 11:05:00,17609.5,17613.1,17606.8,17612.8,805,119666
2024-01-15 11:06:00,17612.8,17615.3,17611.3,17614.7,987,120472
2024-01-15 11:07:00,17614.7,17616.1,17610.8,17611.0,1252,119705
2024-01-15 11:08:00,17611.0,17618.8,17605.0,17617.7,1244,120608
2024-01-15 11:09:00,17617.7,17618.4,17614.2,17617.9,1331,119682
2024-01-15 11:10:00,17617.9,17618.1,17616.0,17616.7,1731,120216
2024-01-15 11:11:00,17616.7,17621.8,17615.0,17620.7,744,119406
2024-01-15 11:12:00,17620.7,17622.2,17619.5,17620.1,1178,119366
2024-01-15 11:13:00,17620.1,17628.0,17620.0,17622.5,1137,120182
2024-01-15 11:14:00,17622.5,17623.6,17621.3,17622.5,1693,120543
2024-01-15 11:15:00,17622.5,17626.4,17622.1,17626.1,1795,119990
2024-01-15 11:16:00,17626.1,17629.1,17624.5,17625.4,1456,120632
2024-01-15 11:17:00,17625.4,17627.3,17621.7,17624.3,1324,119927
2024-01-15 11:18:00,17624.3,17627.0,17622.3,17626.1,1679,120223
2024-01-15 11:19:00,17626.1,17627.1,17617.4,17619.3,1056,119363
2024-01-15 11:20:00,17619.3,17619.7,17616.2,17617.1,1146,119390
2024-01-15 11:21:00,17617.1,17624.6,17614.8,17622.7,569,120077
2024-01-15 11:22:00,17622.7,17623.3,17619.2,17620.2,1371,120185
2024-01-15 11:23:00,17620.2,17620.3,17611.3,17613.7,1341,120231
2024-01-15 11:24:00,17613.7,17615.3,17611.6,17613.1,1760,119163
2024-01-15 11:25:00,17613.1,17616.1,17612.2,17614.1,1229,120336
2024-01-15 11:26:00,17614.1,17620.0,17611.3,17616.2,646,119929
2024-01-15 11:27:00,17616.2,17621.2,17615.8,17620.2,1383,119293
2024-01-15 11:28:00,17620.2,17624.1,17609.8,17612.5,1162,120242
2024-01-15 11:29:00,17612.5,17615.7,17611.4,17614.7,1785,120579
2024-01-15 11:30:00,17614.7,17614.8,17611.1,17611.7,1361,120229
2024-01-15 11:31:00,17611.7,17612.9,17610.3,17611.2,1327,121256
2024-01-15 11:32:00,17611.2,17619.1,17607.2,17617.5,992,120619
2024-01-15 11:33:00,17617.5,17617.6,17615.1,17615.2,1558,119885
2024-01-15 11:34:00,17615.2,17617.5,17613.4,17613.5,1293,120083
2024-01-15 11:35:00,17613.5,17616.3,17610.3,17615.1,1296,120903
2024-01-15 11:36:00,17615.1,17616.5,17608.4,17610.9,631,119569
2024-01-15 11:37:00,17610.9,17612.9,17607.6,17609.5,1505,119718
2024-01-15 11:38:00,17609.5,17613.1,17609.4,17611.6,930,119469
2024-01-15 11:39:00,17611.6,17614.6,17610.4,17611.8,1808,120642
2024-01-15 11:40:00,17611.8,17616.6,17611.2,17612.6,1597,120194
2024-01-15 11:41:00,17612.6,17614.9,17607.6,17612.6,1148,120097
2024-01-15 11:42:00,17612.6,17614.0,17611.1,17612.4,1432,120446
2024-01-15 11:43:00,17612.4,17615.2,17610.4,17610.6,1788,119325
2024-01-15 11:44:00,17610.6,17619.7,17609.9,17617.2,1214,119998
2024-01-15 11:45:00,17617.2,17622.0,17612.5,17621.9,1318,120567
2024-01-15 11:46:00,17621.9,17623.1,17621.4,17621.6,815,120518
2024-01-15 11:47:00,17621.6,17625.1,17619.6,17619.8,1404,119850
2024-01-15 11:48:00,17619.8,17619.8,17617.2,17617.2,1298,119613
2024-01-15 11:49:00,17617.2,17617.3,17607.0,17609.5,1552,120703
2024-01-15 11:50:00,17609.5,17614.4,17608.9,17614.0,1129,120160
2024-01-15 11:51:00,17614.0,17615.3,17611.4,17611.7,1392,119706
2024-01-15 11:52:00,17611.7,17612.4,17608.8,17611.4,1430,120788
2024-01-15 11:53:00,17611.4,17612.8,17609.5,17612.5,1321,119154
2024-01-15 11:54:00,17612.5,17616.2,17611.1,17614.4,774,120263
2024-01-15 11:55:00,17614.4,17617.5,17613.9,17617.3,1561,120857
2024-01-15 11:56:00,17617.3,17617.7,17615.5,17616.0,1397,119540
2024-01-15 11:57:00,17616.0,17618.3,17614.8,17617.9,1192,119229
2024-01-15 11:58:00,17617.9,17622.7,17615.7,17621.1,1065,120644
2024-01-15 11:59:00,17621.1,17622.1,17618.1,17620.0,1491,119409
2024-01-15 12:00:00,17620.0,17621.2,17617.5,17618.7,1358,120281
2024-01-15 12:01:00,17618.7,17619.8,17612.9,17615.4,1780,119599
2024-01-15 12:02:00,17615.4,17617.8,17614.5,17616.6,1795,119786
2024-01-15 12:03:00,17616.6,17620.1,17614.9,17617.0,1369,120118
2024-01-15 12:04:00,17617.0,17619.4,17615.0,17616.6,999,119428
2024-01-15 12:05:00,17616.6,17620.6,17613.0,17619.7,1478,120102
2024-01-15 12:06:00,17619.7,17626.7,17619.7,17624.2,1396,120394
2024-01-15 12:07:00,17624.2,17626.4,17619.6,17620.8,1616,120305
2024-01-15 12:08:00,17620.8,17623.9,17617.2,17623.0,1129,120558
2024-01-15 12:09:00,17623.0,17624.7,17622.1,17624.1,1415,119249
2024-01-15 12:10:00,17624.1,17626.4,17622.2,17625.8,1411,119863
2024-01-15 12:11:00,17625.8,17626.0,17622.5,17624.8,906,118574
2024-01-15 12:12:00,17624.8,17625.2,17623.8,17624.3,1305,119943
2024-01-15 12:13:00,17624.3,17624.5,17623.1,17623.6,1077,120755
2024-01-15 12:14:00,17623.6,17627.7,17622.5,17625.3,1396,120217
2024-01-15 12:15:00,17625.3,17625.8,17622.4,17624.8,934,120635
2024-01-15 12:16:00,17624.8,17627.5,17623.6,17624.8,421,119712
2024-01-15 12:17:00,17624.8,17630.2,17622.5,17629.6,1238,120402
2024-01-15 12:18:00,17629.6,17634.1,17627.8,17632.0,1657,119601
2024-01-15 12:19:00,17632.0,17635.3,17630.8,17631.2,1627,120756
2024-01-15 12:20:00,17631.2,17633.9,17628.2,17630.1,1377,120516
2024-01-15 12:21:00,17630.1,17633.7,17629.6,17631.0,1533,120006
2024-01-15 12:22:00,17631.0,17632.9,17630.0,17631.1,1538,119388
2024-01-15 12:23:00,17631.1,17633.2,17629.2,17630.7,1315,120283
2024-01-15 12:24:00,17630.7,17632.1,17629.1,17630.3,1697,119380
2024-01-15 12:25:00,17630.3,17635.6,17628.5,17635.2,1758,120205
2024-01-15 12:26:00,17635.2,17635.7,17633.8,17634.4,1597,120394
2024-01-15 12:27:00,17634.4,17637.0,17628.5,17630.9,1717,120074
2024-01-15 12:28:00,17630.9,17634.4,17624.3,17625.4,1212,120362
2024-01-15 12:29:00,17625.4,17627.5,17625.1,17626.5,857,120597
2024-01-15 12:30:00,17626.5,17631.5,17626.3,17629.7,1294,119727
2024-01-15 12:31:00,17629.7,17630.5,17626.8,17627.8,1634,119813
2024-01-15 12:32:00,17627.8,17632.6,17625.3,17631.6,1653,119820
2024-01-15 12:33:00,17631.6,17631.7,17630.2,17631.4,1724,120309
2024-01-15 12:34:00,17631.4,17632.5,17628.0,17629.2,1643,119607
2024-01-15 12:35:00,17629.2,17630.2,17623.6,17624.3,1314,120521
2024-01-15 12:36:00,17624.3,17626.1,17623.2,17623.6,936,120096
2024-01-15 12:37:00,17623.6,17626.7,17622.8,17626.5,1690,119336
2024-01-15 12:38:00,17626.5,17632.0,17622.5,17623.9,1479,120001
2024-01-15 12:39:00,17623.9,17624.3,17617.6,17618.0,1122,120205
2024-01-15 12:40:00,17618.0,17619.7,17615.9,17616.6,1071,121064
2024-01-15 12:41:00,17616.6,17617.4,17614.5,17614.7,1078,120358
2024-01-15 12:42:00,17614.7,17616.3,17610.9,17614.1,1047,118882
2024-01-15 12:43:00,17614.1,17614.6,17610.7,17613.9,1041,120468
2024-01-15 12:44:00,17613.9,17613.9,17609.9,17611.7,1270,120551
2024-01-15 12:45:00,17611.7,17612.0,17610.4,17611.0,1268,119871
2024-01-15 12:46:00,17611.0,17611.6,17609.6,17610.5,1123,120296
2024-01-15 12:47:00,17610.5,17610.7,17607.5,17609.3,1409,119660
2024-01-15 12:48:00,17609.3,17612.2,17606.0,17607.1,1430,120146
2024-01-15 12:49:00,17607.1,17610.6,17605.6,17608.4,826,119868
2024-01-15 12:50:00,17608.4,17611.9,17607.4,17609.4,1176,119411
2024-01-15 12:51:00,17609.4,17609.9,17605.4,17606.7,1080,120248
2024-01-15 12:52:00,17606.7,17611.9,17604.7,17607.8,919,121076
2024-01-15 12:53:00,17607.8,17609.6,17604.1,17605.7,1314,119555
2024-01-15 12:54:00,17605.7,17607.1,17600.6,17602.7,1298,119055
2024-01-15 12:55:00,17602.7,17602.9,17600.2,17600.4,1521,120849
2024-01-15 12:56:00,17600.4,17601.3,17597.7,17601.3,1623,120199
2024-01-15 12:57:00,17601.3,17606.2,17598.7,17602.4,1310,120486
2024-01-15 12:58:00,17602.4,17603.0,17596.9,17597.1,1544,120250
2024-01-15 12:59:00,17597.1,17597.4,17594.8,17596.8,1717,120013
2024-01-15 13:00:00,17596.8,17599.5,17596.6,17597.6,1144,120403
2024-01-15 13:01:00,17597.6,17599.6,17597.2,17598.7,791,119860
2024-01-15 13:02:00,17598.7,17601.1,17597.4,17597.7,1598,119055
2024-01-15 13:03:00,17597.7,17601.5,17595.9,17598.6,1146,120168
2024-01-15 13:04:00,17598.6,17603.3,17595.4,17597.2,1078,120490
2024-01-15 13:05:00,17597.2,17600.0,17595.4,17598.9,1884,120637
2024-01-15 13:06:00,17598.9,17602.6,17595.9,17596.6,1649,119307
2024-01-15 13:07:00,17596.6,17601.1,17594.1,17599.8,1347,119553
2024-01-15 13:08:00,17599.8,17599.9,17593.0,17596.3,1509,120736
2024-01-15 13:09:00,17596.3,17598.6,17595.6,17597.8,1310,119906
2024-01-15 13:10:00,17597.8,17600.4,17595.4,17600.0,1277,120144
2024-01-15 13:11:00,17600.0,17604.0,17599.5,17603.4,1348,119914
2024-01-15 13:12:00,17603.4,17607.4,17602.0,17605.6,1748,120251
2024-01-15 13:13:00,17605.6,17607.7,17601.4,17606.8,958,120725
2024-01-15 13:14:00,17606.8,17606.9,17602.5,17604.6,1148,120302
2024-01-15 13:15:00,17604.6,17608.6,17600.0,17601.6,675,119008
2024-01-15 13:16:00,17601.6,17604.5,17600.6,17603.0,1265,119788
2024-01-15 13:17:00,17603.0,17608.8,17597.4,17607.2,1351,119550
2024-01-15 13:18:00,17607.2,17611.8,17604.4,17607.8,1044,119496
2024-01-15 13:19:00,17607.8,17608.5,17604.3,17607.1,1183,119830
2024-01-15 13:20:00,17607.1,17611.0,17607.0,17609.8,1246,120260
2024-01-15 13:21:00,17609.8,17612.5,17606.0,17606.1,1527,120163
2024-01-15 13:22:00,17606.1,17608.2,17598.3,17598.8,978,119970
2024-01-15 13:23:00,17598.8,17607.3,17597.2,17605.1,656,119472
2024-01-15 13:24:00,17605.1,17606.5,17599.4,17600.8,734,119479
2024-01-15 13:25:00,17600.8,17602.9,17592.7,17595.3,1288,119249
2024-01-15 13:26:00,17595.3,17599.7,17593.3,17595.8,1494,120535
2024-01-15 13:27:00,17595.8,17603.1,17594.4,17600.6,1146,119881
2024-01-15 13:28:00,17600.6,17601.3,17597.4,17598.0,679,119196
2024-01-15 13:29:00,17598.0,17601.0,17591.5,17595.3,1411,119847
2024-01-15 13:30:00,17595.3,17601.8,17594.8,17598.7,1814,120087
2024-01-15 13:31:00,17598.7,17603.4,17593.1,17595.1,1694,120235
2024-01-15 13:32:00,17595.1,17599.9,17593.5,17599.5,1654,119498
2024-01-15 13:33:00,17599.5,17602.7,17597.7,17600.5,1396,120309
2024-01-15 13:34:00,17600.5,17602.9,17589.6,17590.0,1705,119662
2024-01-15 13:35:00,17590.0,17597.0,17588.4,17594.5,1592,119639
2024-01-15 13:36:00,17594.5,17596.7,17588.4,17592.1,1360,119991
2024-01-15 13:37:00,17592.1,17593.5,17590.4,17592.3,861,118789
2024-01-15 13:38:00,17592.3,17597.5,17591.9,17596.0,1329,120294
2024-01-15 13:39:00,17596.0,17598.9,17588.4,17590.3,1137,119922
2024-01-15 13:40:00,17590.3,17591.0,17587.0,17589.4,1177,119604
2024-01-15 13:41:00,17589.4,17594.8,17588.8,17593.5,794,119655
2024-01-15 13:42:00,17593.5,17601.1,17591.0,17598.9,955,120152
2024-01-15 13:43:00,17598.9,17601.3,17592.2,17596.1,1720,120659
2024-01-15 13:44:00,17596.1,17598.7,17594.5,17596.7,1621,120141
2024-01-15 13:45:00,17596.7,17597.3,17585.7,17589.9,1646,119251
2024-01-16 08:45:00,17602.8,17610.8,17602.8,17607.8,895,119940
2024-01-16 08:46:00,17607.8,17611.8,17606.8,17610.7,1298,120490
2024-01-16 08:47:00,17610.7,17611.0,17609.5,17610.3,1443,120644
2024-01-16 08:48:00,17610.3,17616.5,17605.5,17613.2,1415,119879
2024-01-16 08:49:00,17613.2,17614.5,17612.5,17614.0,1219,119858
2024-01-16 08:50:00,17614.0,17614.7,17612.9,17613.9,1402,119773
2024-01-16 08:51:00,17613.9,17615.8,17611.2,17612.2,1158,120147
2024-01-16 08:52:00,17612.2,17613.6,17611.9,17611.9,1354,119459
2024-01-16 08:53:00,17611.9,17612.3,17610.8,17612.0,1227,119467
2024-01-16 08:54:00,17612.0,17615.9,17610.1,17614.3,960,119622
2024-01-16 08:55:00,17614.3,17615.1,17612.2,17612.5,1635,119422
2024-01-16 08:56:00,17612.5,17620.1,17607.5,17616.1,904,118935
2024-01-16 08:57:00,17616.1,17619.3,17611.5,17612.9,1997,120167
2024-01-16 08:58:00,17612.9,17614.3,17610.3,17611.6,1262,119792
2024-01-16 08:59:00,17611.6,17615.2,17608.2,17612.1,865,120899
2024-01-16 09:00:00,17612.1,17618.6,17610.2,17614.4,1495,120501
2024-01-16 09:01:00,17614.4,17616.2,17606.2,17612.6,1677,119587
2024-01-16 09:02:00,17612.6,17615.0,17611.6,17614.5,1444,119176
2024-01-16 09:03:00,17614.5,17619.3,17614.2,17617.5,930,120126
2024-01-16 09:04:00,17617.5,17621.2,17616.7,17620.9,1604,120487
2024-01-16 09:05:00,17620.9,17621.8,17615.6,17618.1,1272,119699
2024-01-16 09:06:00,17618.1,17618.4,17616.1,17617.2,1111,120888
2024-01-16 09:07:00,17617.2,17620.4,17616.5,17618.9,1610,120178
2024-01-16 09:08:00,17618.9,17622.3,17614.2,17616.2,1521,120974
2024-01-16 09:09:00,17616.2,17616.3,17610.5,17612.8,635,119906
2024-01-16 09:10:00,17612.8,17620.5,17610.2,17618.7,828,120524
2024-01-16 09:11:00,17618.7,17619.2,17615.0,17615.9,1426,120567
2024-01-16 09:12:00,17615.9,17618.2,17612.7,17618.0,1160,119190
2024-01-16 09:13:00,17618.0,17619.4,17617.1,17618.3,798,120419
2024-01-16 09:14:00,17618.3,17623.1,17615.5,17621.4,892,120333
2024-01-16 09:15:00,17621.4,17626.3,17620.9,17626.1,1366,120825
2024-01-16 09:16:00,17626.1,17626.9,17625.5,17626.8,910,119898
2024-01-16 09:17:00,17626.8,17629.6,17617.4,17623.2,854,120223
2024-01-16 09:18:00,17623.2,17625.9,17616.3,17616.4,1604,120052
2024-01-16 09:19:00,17616.4,17616.9,17612.7,17614.5,1674,120008
2024-01-16 09:20:00,17614.5,17622.2,17613.3,17620.3,1682,119861
2024-01-16 09:21:00,17620.3,17625.1,17620.1,17622.1,1272,119927
2024-01-16 09:22:00,17622.1,17627.3,17614.0,17616.8,1123,119764
2024-01-16 09:23:00,17616.8,17620.5,17615.5,17617.9,1407,119925
2024-01-16 09:24:00,17617.9,17618.7,17613.3,17615.1,1498,119882
2024-01-16 09:25:00,17615.1,17618.0,17612.7,17614.5,1263,120526
2024-01-16 09:26:00,17614.5,17615.6,17611.9,17612.3,1284,120574
2024-01-16 09:27:00,17612.3,17620.2,17611.9,17618.5,1699,120144
2024-01-16 09:28:00,17618.5,17621.4,17612.6,17617.8,1086,119374
2024-01-16 09:29:00,17617.8,17619.5,17614.6,17614.7,1725,120754
2024-01-16 09:30:00,17614.7,17617.5,17608.9,17611.7,1267,119754
2024-01-16 09:31:00,17611.7,17614.1,17608.7,17609.4,772,120238
2024-01-16 09:32:00,17609.4,17615.7,17607.7,17614.1,1401,120457
2024-01-16 09:33:00,17614.1,17622.4,17612.9,17620.8,1470,120807
2024-01-16 09:34:00,17620.8,17621.1,17619.1,17620.3,1140,120243
2024-01-16 09:35:00,17620.3,17622.9,17610.4,17611.5,1645,119902
2024-01-16 09:36:00,17611.5,17611.9,17606.4,17608.1,1639,120511
2024-01-16 09:37:00,17608.1,17608.3,17604.8,17606.0,1432,119620
2024-01-16 09:38:00,17606.0,17607.1,17602.4,17602.4,769,119258
2024-01-16 09:39:00,17602.4,17605.2,17601.3,17601.3,1080,119192
2024-01-16 09:40:00,17601.3,17603.6,17595.4,17597.6,1003,120565
2024-01-16 09:41:00,17597.6,17600.1,17591.2,17593.3,1136,120480
2024-01-16 09:42:00,17593.3,17599.1,17591.2,17598.4,1859,120371
2024-01-16 09:43:00,17598.4,17604.5,17597.1,17603.6,1450,120555
2024-01-16 09:44:00,17603.6,17604.1,17597.8,17600.2,1733,119754
2024-01-16 09:45:00,17600.2,17600.3,17593.8,17598.7,1100,119250
2024-01-16 09:46:00,17598.7,17605.2,17598.0,17602.3,1113,120585
2024-01-16 09:47:00,17602.3,17604.4,17599.1,17600.6,1543,120307
2024-01-16 09:48:00,17600.6,17603.7,17599.2,17600.3,1202,120057
2024-01-16 09:49:00,17600.3,17601.4,17594.2,17594.7,1580,119831
2024-01-16 09:50:00,17594.7,17597.0,17593.4,17596.8,1229,119843
2024-01-16 09:51:00,17596.8,17599.2,17591.9,17593.8,1776,120594
2024-01-16 09:52:00,17593.8,17595.7,17593.3,17595.3,1020,120711
2024-01-16 09:53:00,17595.3,17601.1,17594.7,17596.1,1664,119800
2024-01-16 09:54:00,17596.1,17599.4,17593.1,17599.2,1334,120161
2024-01-16 09:55:00,17599.2,17600.2,17594.3,17597.0,1628,120513
2024-01-16 09:56:00,17597.0,17597.2,17591.5,17592.4,1234,119428
2024-01-16 09:57:00,17592.4,17595.2,17591.7,17592.9,1188,119366
2024-01-16 09:58:00,17592.9,17593.4,17592.0,17592.8,1125,119843
2024-01-16 09:59:00,17592.8,17597.4,17592.2,17595.7,1232,120210
2024-01-16 10:00:00,17595.7,17597.6,17592.4,17595.2,936,119044
2024-01-16 10:01:00,17595.2,17597.7,17595.0,17596.2,775,120436
2024-01-16 10:02:00,17596.2,17606.2,17595.9,17604.8,1878,119765
2024-01-16 10:03:00,17604.8,17608.5,17596.9,17600.0,1321,119870
2024-01-16 10:04:00,17600.0,17601.8,17594.0,17597.7,815,120482
2024-01-16 10:05:00,17597.7,17601.6,17597.5,17600.9,1282,119735
2024-01-16 10:06:00,17600.9,17601.1,17595.5,17598.1,1721,119028
2024-01-16 10:07:00,17598.1,17598.8,17596.0,17597.0,1475,120339
2024-01-16 10:08:00,17597.0,17602.7,17596.4,17599.3,1345,119611
2024-01-16 10:09:00,17599.3,17608.2,17599.2,17604.7,991,120167
2024-01-16 10:10:00,17604.7,17605.8,17602.2,17604.0,1312,119571
2024-01-16 10:11:00,17604.0,17610.2,17601.9,17609.0,1086,120563
2024-01-16 10:12:00,17609.0,17615.8,17607.7,17615.0,1732,119763
2024-01-16 10:13:00,17615.0,17618.5,17610.0,17613.6,1964,119301
2024-01-16 10:14:00,17613.6,17617.0,17613.1,17615.0,1441,120613
2024-01-16 10:15:00,17615.0,17618.5,17608.2,17609.2,1149,120259
2024-01-16 10:16:00,17609.2,17610.4,17606.6,17607.7,1258,120743
2024-01-16 10:17:00,17607.7,17609.3,17599.4,17602.6,1377,119860
2024-01-16 10:18:00,17602.6,17605.9,17601.3,17605.8,1342,119572
2024-01-16 10:19:00,17605.8,17606.2,17601.7,17602.5,1107,120921
2024-01-16 10:20:00,17602.5,17602.8,17593.5,17599.1,794,119412
2024-01-16 10:21:00,17599.1,17602.9,17594.2,17599.3,1357,120537
2024-01-16 10:22:00,17599.3,17601.0,17594.2,17596.9,1165,120033
2024-01-16 10:23:00,17596.9,17598.8,17595.1,17597.2,1287,119697
2024-01-16 10:24:00,17597.2,17598.2,17593.2,17595.6,1205,120105
2024-01-16 10:25:00,17595.6,17599.1,17592.6,17593.5,1284,119676
2024-01-16 10:26:00,17593.5,17596.2,17591.2,17595.7,1750,120425
2024-01-16 10:27:00,17595.7,17597.5,17594.6,17595.8,1430,120011
2024-01-16 10:28:00,17595.8,17597.5,17594.1,17595.9,1703,119892
2024-01-16 10:29:00,17595.9,17597.3,17594.0,17596.1,1172,119975
2024-01-16 10:30:00,17596.1,17597.1,17588.3,17590.2,1098,119643
2024-01-16 10:31:00,17590.2,17597.3,17588.1,17595.4,1008,120049
2024-01-16 10:32:00,17595.4,17604.5,17594.2,17600.9,1670,119137
2024-01-16 10:33:00,17600.9,17601.9,17598.5,17600.4,1607,119625
2024-01-16 10:34:00,17600.4,17602.4,17598.8,17600.0,1242,119764
2024-01-16 10:35:00,17600.0,17601.4,17599.9,17600.7,1223,119692
2024-01-16 10:36:00,17600.7,17605.1,17598.0,17602.0,1103,121225
2024-01-16 10:37:00,17602.0,17603.6,17599.3,17600.1,1483,120579
2024-01-16 10:38:00,17600.1,17601.3,17595.5,17595.7,681,120780
2024-01-16 10:39:00,17595.7,17596.6,17591.4,17594.1,930,119635
2024-01-16 10:40:00,17594.1,17597.0,17594.0,17594.5,1480,119555
2024-01-16 10:41:00,17594.5,17594.6,17587.4,17590.1,1459,119792
2024-01-16 10:42:00,17590.1,17590.6,17585.2,17587.2,1471,119497
2024-01-16 10:43:00,17587.2,17588.3,17581.8,17582.7,1388,119613
2024-01-16 10:44:00,17582.7,17587.9,17582.6,17587.0,1529,120321
2024-01-16 10:45:00,17587.0,17589.4,17579.3,17581.4,1438,120492
2024-01-16 10:46:00,17581.4,17588.1,17580.2,17584.5,1372,120087
2024-01-16 10:47:00,17584.5,17587.1,17584.0,17585.7,1574,119672
2024-01-16 10:48:00,17585.7,17586.1,17579.9,17581.7,1526,120352
2024-01-16 10:49:00,17581.7,17583.9,17578.5,17579.7,1492,119810
2024-01-16 10:50:00,17579.7,17586.5,17579.7,17583.5,1163,120134
2024-01-16 10:51:00,17583.5,17584.5,17576.3,17580.1,1123,119908
2024-01-16 10:52:00,17580.1,17583.2,17577.6,17582.2,1163,120965
2024-01-16 10:53:00,17582.2,17584.5,17579.2,17579.5,1047,119805
2024-01-16 10:54:00,17579.5,17584.1,17579.0,17580.9,1022,119681
2024-01-16 10:55:00,17580.9,17582.2,17579.2,17580.7,1830,120356
2024-01-16 10:56:00,17580.7,17587.7,17580.5,17580.8,1099,119925
2024-01-16 10:57:00,17580.8,17586.2,17579.4,17583.7,1533,119097
2024-01-16 10:58:00,17583.7,17584.1,17578.7,17582.2,1530,120178
2024-01-16 10:59:00,17582.2,17584.8,17577.9,17584.2,1343,119920
2024-01-16 11:00:00,17584.2,17589.1,17583.6,17586.9,822,119604
2024-01-16 11:01:00,17586.9,17588.6,17585.0,17585.3,867,120100
2024-01-16 11:02:00,17585.3,17586.6,17584.0,17585.0,1171,120517
2024-01-16 11:03:00,17585.0,17586.5,17584.8,17585.2,1189,119877
2024-01-16 11:04:00,17585.2,17587.3,17584.1,17587.1,1351,120197
2024-01-16 11:05:00,17587.1,17591.3,17585.0,17589.0,1197,119471
2024-01-16 11:06:00,17589.0,17589.6,17581.4,17584.0,1435,119994
2024-01-16 11:07:00,17584.0,17585.5,17581.2,17582.5,1430,120229
2024-01-16 11:08:00,17582.5,17588.7,17579.4,17586.5,1458,119399
2024-01-16 11:09:00,17586.5,17586.8,17575.1,17579.7,1434,120661
2024-01-16 11:10:00,17579.7,17580.3,17577.7,17579.6,1160,119676
2024-01-16 11:11:00,17579.6,17584.5,17577.8,17583.3,1691,119362
2024-01-16 11:12:00,17583.3,17584.5,17583.2,17583.6,1056,120330
2024-01-16 11:13:00,17583.6,17586.0,17580.7,17585.3,1183,119804
2024-01-16 11:14:00,17585.3,17585.5,17582.2,17585.1,568,120241
2024-01-16 11:15:00,17585.1,17590.0,17582.3,17587.4,908,119578
2024-01-16 11:16:00,17587.4,17591.3,17580.6,17581.2,735,120753
2024-01-16 11:17:00,17581.2,17585.6,17578.2,17583.6,1398,120723
2024-01-16 11:18:00,17583.6,17584.2,17581.3,17582.1,969,120224
2024-01-16 11:19:00,17582.1,17583.2,17581.9,17582.2,1249,120518
2024-01-16 11:20:00,17582.2,17583.6,17579.1,17580.3,1490,120306
2024-01-16 11:21:00,17580.3,17585.0,17578.3,17579.1,1697,119438
2024-01-16 11:22:00,17579.1,17590.6,17577.2,17589.6,1166,119807
2024-01-16 11:23:00,17589.6,17591.5,17587.3,17591.2,1676,120250
2024-01-16 11:24:00,17591.2,17597.6,17589.2,17596.4,1228,120068
2024-01-16 11:25:00,17596.4,17596.5,17594.8,17595.8,1214,120710
2024-01-16 11:26:00,17595.8,17599.5,17595.5,17598.4,1897,120356
2024-01-16 11:27:00,17598.4,17599.3,17592.6,17593.7,1239,119602
2024-01-16 11:28:00,17593.7,17594.8,17590.5,17593.7,863,119514
2024-01-16 11:29:00,17593.7,17598.5,17592.3,17596.0,869,120777
2024-01-16 11:30:00,17596.0,17596.7,17592.8,17595.6,1458,120482
2024-01-16 11:31:00,17595.6,17596.7,17595.0,17595.5,1308,120571
2024-01-16 11:32:00,17595.5,17603.1,17595.5,17600.8,1620,120488
2024-01-16 11:33:00,17600.8,17604.0,17597.2,17603.6,1216,119987
2024-01-16 11:34:00,17603.6,17611.9,17602.9,17611.2,932,120407
2024-01-16 11:35:00,17611.2,17613.4,17610.3,17613.3,1490,120512
2024-01-16 11:36:00,17613.3,17614.0,17608.1,17609.2,886,119731
2024-01-16 11:37:00,17609.2,17613.0,17608.6,17609.9,1762,119874
2024-01-16 11:38:00,17609.9,17610.2,17605.5,17607.6,1386,120012
2024-01-16 11:39:00,17607.6,17611.6,17606.8,17611.5,1879,120298
2024-01-16 11:40:00,17611.5,17613.4,17608.5,17608.8,1550,120097
2024-01-16 11:41:00,17608.8,17608.9,17606.3,17606.7,1125,119873
2024-01-16 11:42:00,17606.7,17607.2,17601.2,17602.5,1549,119654
2024-01-16 11:43:00,17602.5,17604.6,17602.3,17603.6,1499,120011
2024-01-16 11:44:00,17603.6,17607.2,17599.6,17600.3,1589,120494
2024-01-16 11:45:00,17600.3,17601.7,17592.6,17593.2,1022,120191
2024-01-16 11:46:00,17593.2,17594.6,17591.1,17593.8,1113,120376
2024-01-16 11:47:00,17593.8,17594.3,17589.0,17589.1,1602,119935
2024-01-16 11:48:00,17589.1,17589.9,17585.1,17586.4,1650,120028
2024-01-16 11:49:00,17586.4,17588.9,17579.3,17580.2,1222,119776
2024-01-16 11:50:00,17580.2,17580.6,17578.7,17580.2,970,118853
2024-01-16 11:51:00,17580.2,17583.0,17576.6,17577.9,1327,119013
2024-01-16 11:52:00,17577.9,17579.0,17574.5,17576.0,1304,120184
2024-01-16 11:53:00,17576.0,17576.1,17575.4,17576.0,1027,119622
2024-01-16 11:54:00,17576.0,17578.6,17574.2,17577.0,812,120452
2024-01-16 11:55:00,17577.0,17581.8,17571.8,17575.5,1021,119446
2024-01-16 11:56:00,17575.5,17579.5,17574.1,17577.0,795,119529
2024-01-16 11:57:00,17577.0,17580.6,17575.0,17580.0,1198,120154
2024-01-16 11:58:00,17580.0,17582.2,17577.8,17580.6,1404,119963
2024-01-16 11:59:00,17580.6,17584.0,17579.0,17583.2,1500,120745
2024-01-16 12:00:00,17583.2,17588.9,17581.0,17588.3,1076,121403
2024-01-16 12:01:00,17588.3,17588.6,17582.1,17582.2,1141,118932
2024-01-16 12:02:00,17582.2,17585.9,17579.3,17584.1,1266,120553
2024-01-16 12:03:00,17584.1,17588.4,17583.7,17584.7,1121,119922
2024-01-16 12:04:00,17584.7,17586.1,17583.1,17585.7,1672,120888
2024-01-16 12:05:00,17585.7,17587.4,17585.1,17586.8,1939,119506
2024-01-16 12:06:00,17586.8,17593.9,17586.5,17592.7,1753,120003
2024-01-16 12:07:00,17592.7,17596.1,17585.8,17588.1,1361,119464
2024-01-16 12:08:00,17588.1,17589.9,17583.1,17589.2,1184,119925
2024-01-16 12:09:00,17589.2,17592.8,17581.2,17584.8,1621,119738
2024-01-16 12:10:00,17584.8,17591.1,17580.3,17587.6,1173,120335
2024-01-16 12:11:00,17587.6,17589.7,17583.2,17585.7,710,120310
2024-01-16 12:12:00,17585.7,17587.6,17580.8,17583.1,1127,119446
2024-01-16 12:13:00,17583.1,17584.9,17583.0,17584.7,1556,120807
2024-01-16 12:14:00,17584.7,17585.3,17582.4,17584.6,1354,120799
2024-01-16 12:15:00,17584.6,17589.4,17583.0,17588.3,1647,120342
2024-01-16 12:16:00,17588.3,17594.1,17587.3,17592.6,1388,120580
2024-01-16 12:17:00,17592.6,17595.6,17587.4,17589.3,1045,119691
2024-01-16 12:18:00,17589.3,17591.6,17589.0,17590.9,1004,120697
2024-01-16 12:19:00,17590.9,17592.6,17586.7,17589.1,1384,120045
2024-01-16 12:20:00,17589.1,17591.6,17585.5,17585.7,1829,120130
2024-01-16 12:21:00,17585.7,17586.1,17581.7,17582.1,1647,119577
2024-01-16 12:22:00,17582.1,17584.9,17579.7,17583.4,1015,119579
2024-01-16 12:23:00,17583.4,17584.1,17581.6,17582.3,1659,119722
2024-01-16 12:24:00,17582.3,17587.8,17581.5,17585.5,1152,119337
2024-01-16 12:25:00,17585.5,17588.3,17578.5,17579.9,1215,120671
2024-01-16 12:26:00,17579.9,17580.9,17577.7,17578.0,1710,120542
2024-01-16 12:27:00,17578.0,17578.8,17577.3,17578.6,1683,120046
2024-01-16 12:28:00,17578.6,17580.8,17576.7,17580.1,1266,120058
2024-01-16 12:29:00,17580.1,17582.2,17572.2,17573.6,1550,120417
2024-01-16 12:30:00,17573.6,17575.2,17567.6,17568.1,1665,119422
2024-01-16 12:31:00,17568.1,17571.2,17564.5,17567.2,1450,120294
2024-01-16 12:32:00,17567.2,17568.0,17556.6,17556.6,974,119532
2024-01-16 12:33:00,17556.6,17557.1,17554.4,17554.9,1235,120330
2024-01-16 12:34:00,17554.9,17559.5,17554.8,17557.2,818,119474
2024-01-16 12:35:00,17557.2,17564.7,17555.0,17561.7,1909,119990
2024-01-16 12:36:00,17561.7,17562.7,17560.7,17561.4,1765,120360
2024-01-16 12:37:00,17561.4,17562.0,17559.3,17559.4,1289,120637
2024-01-16 12:38:00,17559.4,17563.0,17559.2,17562.0,1244,120550
2024-01-16 12:39:00,17562.0,17568.9,17560.4,17568.6,1395,120203
2024-01-16 12:40:00,17568.6,17572.1,17567.3,17571.1,1338,119970
2024-01-16 12:41:00,17571.1,17573.8,17570.3,17571.9,1764,120324
2024-01-16 12:42:00,17571.9,17572.3,17564.2,17564.2,783,120270
2024-01-16 12:43:00,17564.2,17569.4,17563.4,17566.2,1042,119540
2024-01-16 12:44:00,17566.2,17572.5,17564.7,17571.6,1051,119785
2024-01-16 12:45:00,17571.6,17573.0,17570.4,17571.1,323,119825
2024-01-16 12:46:00,17571.1,17576.4,17567.9,17572.7,831,119151
2024-01-16 12:47:00,17572.7,17575.3,17565.8,17566.6,773,119784
2024-01-16 12:48:00,17566.6,17572.1,17564.4,17566.7,1553,118926
2024-01-16 12:49:00,17566.7,17570.9,17565.5,17569.6,1401,119864
2024-01-16 12:50:00,17569.6,17570.9,17567.0,17568.2,1705,120529
2024-01-16 12:51:00,17568.2,17571.8,17565.2,17571.3,1726,120274
2024-01-16 12:52:00,17571.3,17571.5,17567.3,17568.0,1022,119841
2024-01-16 12:53:00,17568.0,17568.7,17564.6,17564.9,1256,119837
2024-01-16 12:54:00,17564.9,17569.2,17564.4,17567.1,760,120115
2024-01-16 12:55:00,17567.1,17572.7,17565.4,17570.0,1553,120427
2024-01-16 12:56:00,17570.0,17571.9,17567.6,17569.8,1418,120639
2024-01-16 12:57:00,17569.8,17572.2,17568.4,17571.2,1542,120463
2024-01-16 12:58:00,17571.2,17571.8,17568.8,17569.3,1580,119292
2024-01-16 12:59:00,17569.3,17575.0,17566.1,17574.3,999,119813
2024-01-16 13:00:00,17574.3,17574.3,17572.8,17573.1,1073,120880
2024-01-16 13:01:00,17573.1,17574.5,17571.2,17573.7,968,120633
2024-01-16 13:02:00,17573.7,17577.3,17566.6,17569.7,1073,119842
2024-01-16 13:03:00,17569.7,17573.2,17566.3,17572.6,1324,119886
2024-01-16 13:04:00,17572.6,17580.2,17570.2,17577.3,1692,120621
2024-01-16 13:05:00,17577.3,17578.1,17572.0,17573.0,893,120379
2024-01-16 13:06:00,17573.0,17577.0,17571.6,17576.3,1654,120021
2024-01-16 13:07:00,17576.3,17578.5,17573.5,17577.5,1403,120271
2024-01-16 13:08:00,17577.5,17580.3,17574.0,17578.8,1177,119070
2024-01-16 13:09:00,17578.8,17582.7,17576.7,17581.9,885,120493
2024-01-16 13:10:00,17581.9,17583.2,17578.3,17579.3,1413,119941
2024-01-16 13:11:00,17579.3,17583.0,17573.9,17577.8,548,119973
2024-01-16 13:12:00,17577.8,17578.3,17573.1,17573.6,1368,120091
2024-01-16 13:13:00,17573.6,17575.9,17563.7,17563.9,1000,119948
2024-01-16 13:14:00,17563.9,17569.9,17558.4,17561.3,1739,120313
2024-01-16 13:15:00,17561.3,17567.4,17560.5,17565.4,1311,119919
2024-01-16 13:16:00,17565.4,17568.7,17563.4,17566.6,1288,119975
2024-01-16 13:17:00,17566.6,17569.0,17565.9,17568.7,1217,118886
2024-01-16 13:18:00,17568.7,17573.6,17568.3,17572.8,1802,119643
2024-01-16 13:19:00,17572.8,17574.6,17570.6,17573.1,922,120549
2024-01-16 13:20:00,17573.1,17578.1,17570.3,17577.4,1229,119734
2024-01-16 13:21:00,17577.4,17581.1,17577.2,17579.4,1573,120446
2024-01-16 13:22:00,17579.4,17581.8,17578.0,17579.4,1103,120018
2024-01-16 13:23:00,17579.4,17582.3,17570.0,17570.9,1068,120183
2024-01-16 13:24:00,17570.9,17573.0,17566.8,17567.4,1442,120337
2024-01-16 13:25:00,17567.4,17577.9,17564.3,17574.2,1568,120651
2024-01-16 13:26:00,17574.2,17575.4,17566.1,17568.6,976,120749
2024-01-16 13:27:00,17568.6,17571.2,17565.3,17567.8,1577,120273
2024-01-16 13:28:00,17567.8,17572.0,17567.7,17568.7,1549,119481
2024-01-16 13:29:00,17568.7,17569.2,17564.2,17564.2,1557,119529
2024-01-16 13:30:00,17564.2,17565.0,17560.6,17562.7,1450,119837
2024-01-16 13:31:00,17562.7,17566.3,17556.2,17557.7,1067,119692
2024-01-16 13:32:00,17557.7,17558.3,17556.3,17557.7,1674,120670
2024-01-16 13:33:00,17557.7,17559.1,17556.3,17558.7,1231,119419
2024-01-16 13:34:00,17558.7,17563.9,17558.2,17561.7,1877,120056
2024-01-16 13:35:00,17561.7,17564.2,17558.2,17561.3,1416,119202
2024-01-16 13:36:00,17561.3,17561.6,17554.0,17555.8,1506,119752
2024-01-16 13:37:00,17555.8,17564.2,17554.3,17563.2,1407,120338
2024-01-16 13:38:00,17563.2,17573.3,17563.0,17570.8,1615,120157
2024-01-16 13:39:00,17570.8,17572.6,17568.2,17568.6,1673,120273
2024-01-16 13:40:00,17568.6,17572.8,17568.3,17569.7,1282,119672
2024-01-16 13:41:00,17569.7,17570.7,17561.5,17564.3,1323,120671
2024-01-16 13:42:00,17564.3,17568.4,17561.4,17566.7,1293,120573
2024-01-16 13:43:00,17566.7,17567.5,17560.2,17562.6,944,120299
2024-01-16 13:44:00,17562.6,17562.7,17558.3,17560.6,999,121465
2024-01-16 13:45:00,17560.6,17565.7,17558.2,17564.7,1530,120423
2024-01-17 08:45:00,17562.2,17567.3,17560.7,17566.0,1426,120049
2024-01-17 08:46:00,17566.0,17568.7,17565.3,17565.4,1006,119993
2024-01-17 08:47:00,17565.4,17571.3,17563.2,17568.1,1061,119461
2024-01-17 08:48:00,17568.1,17570.7,17567.3,17569.5,1241,121436
2024-01-17 08:49:00,17569.5,17570.7,17566.0,17567.9,869,120578
2024-01-17 08:50:00,17567.9,17573.1,17565.5,17572.2,1262,119841
2024-01-17 08:51:00,17572.2,17576.2,17569.9,17572.1,1375,120220
2024-01-17 08:52:00,17572.1,17572.6,17571.6,17572.3,1924,120762
2024-01-17 08:53:00,17572.3,17574.5,17570.9,17572.9,1794,120723
2024-01-17 08:54:00,17572.9,17573.0,17566.7,17567.9,962,120183
2024-01-17 08:55:00,17567.9,17568.2,17563.9,17564.1,1517,120209
2024-01-17 08:56:00,17564.1,17566.7,17558.7,17559.8,1950,120058
2024-01-17 08:57:00,17559.8,17566.8,17558.5,17564.2,1220,119836
2024-01-17 08:58:00,17564.2,17564.2,17561.0,17563.1,1334,120006
2024-01-17 08:59:00,17563.1,17563.9,17555.2,17556.2,1080,120934
2024-01-17 09:00:00,17556.2,17558.2,17550.5,17550.6,1222,120273
2024-01-17 09:01:00,17550.6,17560.1,17550.2,17556.3,1143,120179
2024-01-17 09:02:00,17556.3,17559.0,17547.3,17551.9,1042,119544
2024-01-17 09:03:00,17551.9,17552.3,17549.8,17549.9,1180,119503
2024-01-17 09:04:00,17549.9,17555.6,17549.2,17555.1,1361,120719
2024-01-17 09:05:00,17555.1,17556.9,17554.2,17555.5,1411,120112
2024-01-17 09:06:00,17555.5,17566.8,17555.2,17561.4,1541,120221
2024-01-17 09:07:00,17561.4,17563.7,17555.7,17557.4,1654,119686
2024-01-17 09:08:00,17557.4,17560.1,17557.0,17557.9,1292,120121
2024-01-17 09:09:00,17557.9,17560.2,17551.0,17552.1,1254,120264
2024-01-17 09:10:00,17552.1,17552.6,17546.8,17547.6,1177,119313
2024-01-17 09:11:00,17547.6,17550.1,17543.4,17543.8,960,119783
2024-01-17 09:12:00,17543.8,17544.6,17539.7,17542.6,1217,119447
2024-01-17 09:13:00,17542.6,17543.1,17537.7,17537.9,1403,119499
2024-01-17 09:14:00,17537.9,17540.8,17529.7,17533.5,1030,120664
2024-01-17 09:15:00,17533.5,17537.6,17530.1,17534.2,1716,120764
2024-01-17 09:16:00,17534.2,17536.4,17532.6,17534.5,956,119166
2024-01-17 09:17:00,17534.5,17534.6,17531.1,17531.4,1677,119911
2024-01-17 09:18:00,17531.4,17540.0,17529.9,17539.8,1127,120124
2024-01-17 09:19:00,17539.8,17542.6,17539.4,17540.9,1003,121154
2024-01-17 09:20:00,17540.9,17541.4,17536.3,17537.1,869,120271
2024-01-17 09:21:00,17537.1,17542.2,17535.0,17539.3,1668,120426
2024-01-17 09:22:00,17539.3,17543.8,17538.8,17541.6,1703,119007
2024-01-17 09:23:00,17541.6,17542.7,17536.6,17537.1,1754,120926
2024-01-17 09:24:00,17537.1,17539.3,17531.2,17534.7,1471,120814
2024-01-17 09:25:00,17534.7,17535.0,17526.2,17529.5,1283,120264
2024-01-17 09:26:00,17529.5,17532.5,17528.8,17530.9,1633,120223
2024-01-17 09:27:00,17530.9,17531.1,17527.2,17528.3,1393,119771
2024-01-17 09:28:00,17528.3,17531.7,17526.7,17530.1,886,120808
2024-01-17 09:29:00,17530.1,17532.6,17529.3,17530.8,1872,119516
2024-01-17 09:30:00,17530.8,17533.4,17522.2,17523.5,1352,120636
2024-01-17 09:31:00,17523.5,17529.9,17523.3,17528.6,1499,120547
2024-01-17 09:32:00,17528.6,17531.5,17526.0,17526.0,1270,120513
2024-01-17 09:33:00,17526.0,17531.7,17524.8,17528.3,1487,120696
2024-01-17 09:34:00,17528.3,17529.7,17526.4,17527.7,1536,119104
2024-01-17 09:35:00,17527.7,17536.1,17526.1,17532.9,1059,120409
2024-01-17 09:36:00,17532.9,17536.7,17530.1,17536.0,1122,120207
2024-01-17 09:37:00,17536.0,17540.8,17533.1,17535.5,855,119383
2024-01-17 09:38:00,17535.5,17537.4,17535.2,17536.8,1183,120080
2024-01-17 09:39:00,17536.8,17540.5,17534.5,17538.1,1378,120912
2024-01-17 09:40:00,17538.1,17539.0,17536.9,17538.4,1215,120187
2024-01-17 09:41:00,17538.4,17540.3,17537.7,17538.7,2049,120115
2024-01-17 09:42:00,17538.7,17541.8,17537.6,17538.5,1290,119123
2024-01-17 09:43:00,17538.5,17540.1,17537.6,17538.3,1153,120879
2024-01-17 09:44:00,17538.3,17543.2,17535.7,17541.2,1379,119102
2024-01-17 09:45:00,17541.2,17542.1,17537.5,17538.1,1266,121250
2024-01-17 09:46:00,17538.1,17540.5,17537.5,17538.4,545,120160
2024-01-17 09:47:00,17538.4,17539.9,17532.6,17534.4,1484,119140
2024-01-17 09:48:00,17534.4,17543.1,17534.3,17540.9,1186,119992
2024-01-17 09:49:00,17540.9,17543.5,17538.9,17542.0,1136,119772
2024-01-17 09:50:00,17542.0,17545.6,17540.4,17543.6,2063,120169
2024-01-17 09:51:00,17543.6,17545.8,17537.1,17538.1,1464,119747
2024-01-17 09:52:00,17538.1,17540.3,17536.1,17539.4,1242,119909
2024-01-17 09:53:00,17539.4,17545.8,17538.9,17543.8,1430,120591
2024-01-17 09:54:00,17543.8,17556.0,17540.2,17555.5,861,119370
2024-01-17 09:55:00,17555.5,17557.2,17555.1,17555.4,1393,121116
2024-01-17 09:56:00,17555.4,17559.6,17554.2,17556.9,1052,120100
2024-01-17 09:57:00,17556.9,17558.8,17555.0,17557.7,1073,120137
2024-01-17 09:58:00,17557.7,17561.5,17556.4,17560.9,1108,119669
2024-01-17 09:59:00,17560.9,17563.9,17559.6,17563.5,1482,119401
2024-01-17 10:00:00,17563.5,17564.0,17560.4,17560.5,1157,119224
2024-01-17 10:01:00,17560.5,17561.1,17557.5,17560.7,790,119382
2024-01-17 10:02:00,17560.7,17562.4,17557.9,17561.9,1606,120208
2024-01-17 10:03:00,17561.9,17562.3,17561.3,17561.3,1181,120368
2024-01-17 10:04:00,17561.3,17567.3,17558.4,17566.3,1455,120053
2024-01-17 10:05:00,17566.3,17567.3,17564.4,17566.9,1356,120917
2024-01-17 10:06:00,17566.9,17573.2,17565.9,17571.9,1393,120207
2024-01-17 10:07:00,17571.9,17573.3,17570.3,17571.9,1092,120818
2024-01-17 10:08:00,17571.9,17573.5,17564.3,17565.4,1364,119204
2024-01-17 10:09:00,17565.4,17569.3,17565.0,17568.6,1459,120223
2024-01-17 10:10:00,17568.6,17569.8,17564.4,17568.1,759,119570
2024-01-17 10:11:00,17568.1,17568.3,17560.9,17563.7,1243,119914
2024-01-17 10:12:00,17563.7,17568.6,17558.6,17562.0,1324,119726
2024-01-17 10:13:00,17562.0,17564.4,17554.9,17555.5,1727,119669
2024-01-17 10:14:00,17555.5,17556.5,17551.2,17552.7,1338,120001
2024-01-17 10:15:00,17552.7,17554.7,17551.2,17551.4,1703,119815
2024-01-17 10:16:00,17551.4,17557.9,17548.3,17557.3,1335,119965
2024-01-17 10:17:00,17557.3,17560.0,17553.3,17557.2,1528,119633
2024-01-17 10:18:00,17557.2,17557.3,17551.7,17551.7,1190,119323
2024-01-17 10:19:00,17551.7,17555.9,17547.8,17550.4,1571,119972
2024-01-17 10:20:00,17550.4,17553.2,17543.1,17544.9,1229,120023
2024-01-17 10:21:00,17544.9,17546.7,17540.5,17542.3,1471,120376
2024-01-17 10:22:00,17542.3,17543.7,17539.8,17543.4,1212,119365
2024-01-17 10:23:00,17543.4,17545.1,17539.8,17541.0,1779,119520
2024-01-17 10:24:00,17541.0,17546.1,17540.6,17545.2,965,120741
2024-01-17 10:25:00,17545.2,17546.7,17542.9,17546.6,1251,120750
2024-01-17 10:26:00,17546.6,17551.5,17543.4,17544.8,967,119840
2024-01-17 10:27:00,17544.8,17551.2,17544.4,17549.3,1303,120036
2024-01-17 10:28:00,17549.3,17549.4,17545.2,17545.9,1156,119834
2024-01-17 10:29:00,17545.9,17550.6,17543.1,17548.1,1486,120152
2024-01-17 10:30:00,17548.1,17549.1,17545.1,17546.1,1186,120488
2024-01-17 10:31:00,17546.1,17549.1,17545.4,17548.8,1581,121117
2024-01-17 10:32:00,17548.8,17549.9,17547.8,17548.2,1050,120117
2024-01-17 10:33:00,17548.2,17548.2,17546.6,17547.1,1917,120262
2024-01-17 10:34:00,17547.1,17548.6,17542.4,17542.5,1325,120056
2024-01-17 10:35:00,17542.5,17544.6,17536.9,17538.2,1307,120286
2024-01-17 10:36:00,17538.2,17539.9,17537.1,17539.4,1432,120751
2024-01-17 10:37:00,17539.4,17546.0,17536.4,17545.4,1956,119702
2024-01-17 10:38:00,17545.4,17546.3,17537.2,17539.8,1290,120544
2024-01-17 10:39:00,17539.8,17542.3,17536.3,17539.4,1642,120351
2024-01-17 10:40:00,17539.4,17540.5,17536.0,17536.3,1380,120354
2024-01-17 10:41:00,17536.3,17538.3,17531.9,17535.6,1482,119006
2024-01-17 10:42:00,17535.6,17539.2,17534.8,17537.7,1284,119458
2024-01-17 10:43:00,17537.7,17541.3,17537.3,17538.6,1625,120003
2024-01-17 10:44:00,17538.6,17542.3,17536.9,17541.3,1703,119700
2024-01-17 10:45:00,17541.3,17545.9,17538.5,17540.6,1734,120518
2024-01-17 10:46:00,17540.6,17541.8,17537.6,17540.3,1826,120135
2024-01-17 10:47:00,17540.3,17543.0,17534.4,17536.1,1149,119405
2024-01-17 10:48:00,17536.1,17537.5,17529.2,17530.6,1295,119563
2024-01-17 10:49:00,17530.6,17536.1,17529.3,17533.8,1107,120767
2024-01-17 10:50:00,17533.8,17535.9,17532.1,17532.4,1172,119858
2024-01-17 10:51:00,17532.4,17538.3,17530.1,17532.0,1182,120310
2024-01-17 10:52:00,17532.0,17532.8,17524.7,17525.8,1172,119536
2024-01-17 10:53:00,17525.8,17528.0,17524.0,17524.8,740,119472
2024-01-17 10:54:00,17524.8,17527.3,17523.1,17525.7,1237,120212
2024-01-17 10:55:00,17525.7,17527.5,17525.6,17526.3,1304,119702
2024-01-17 10:56:00,17526.3,17531.3,17524.4,17530.4,1053,119325
2024-01-17 10:57:00,17530.4,17530.8,17522.8,17525.7,1427,120315
2024-01-17 10:58:00,17525.7,17528.0,17524.8,17525.0,1503,120562
2024-01-17 10:59:00,17525.0,17530.2,17524.9,17529.3,645,120586
2024-01-17 11:00:00,17529.3,17531.4,17526.2,17526.3,1340,120491
2024-01-17 11:01:00,17526.3,17530.3,17526.2,17529.8,1325,120155
2024-01-17 11:02:00,17529.8,17535.9,17529.6,17534.8,1456,119878
2024-01-17 11:03:00,17534.8,17535.4,17529.9,17530.7,1459,119737
2024-01-17 11:04:00,17530.7,17531.3,17530.4,17530.5,1143,120376
2024-01-17 11:05:00,17530.5,17533.8,17530.1,17532.3,1448,120715
2024-01-17 11:06:00,17532.3,17535.4,17531.9,17533.7,1090,120260
2024-01-17 11:07:00,17533.7,17536.4,17526.9,17530.3,1606,120351
2024-01-17 11:08:00,17530.3,17531.8,17529.2,17531.2,1325,119577
2024-01-17 11:09:00,17531.2,17533.5,17527.1,17529.1,1283,119437
2024-01-17 11:10:00,17529.1,17531.0,17524.9,17525.7,1164,119996
2024-01-17 11:11:00,17525.7,17528.3,17519.0,17521.4,1250,120957
2024-01-17 11:12:00,17521.4,17525.1,17519.2,17521.1,1421,120339
2024-01-17 11:13:00,17521.1,17525.3,17519.8,17524.9,1554,120391
2024-01-17 11:14:00,17524.9,17524.9,17519.8,17521.6,1198,120520
2024-01-17 11:15:00,17521.6,17523.4,17514.7,17515.9,1312,118947
2024-01-17 11:16:00,17515.9,17518.0,17511.1,17511.9,1246,119501
2024-01-17 11:17:00,17511.9,17513.0,17510.3,17511.6,1182,120825
2024-01-17 11:18:00,17511.6,17514.5,17509.5,17511.5,1415,120753
2024-01-17 11:19:00,17511.5,17512.5,17510.0,17510.8,1349,120512
2024-01-17 11:20:00,17510.8,17516.0,17509.2,17515.8,1530,120208
2024-01-17 11:21:00,17515.8,17520.1,17512.7,17517.4,1485,120281
2024-01-17 11:22:00,17517.4,17520.0,17516.5,17518.9,1386,120217
2024-01-17 11:23:00,17518.9,17520.6,17513.5,17516.0,1282,120284
2024-01-17 11:24:00,17516.0,17519.6,17509.8,17513.1,735,119430
2024-01-17 11:25:00,17513.1,17518.0,17511.8,17512.2,936,119446
2024-01-17 11:26:00,17512.2,17514.5,17512.1,17514.0,1558,120090
2024-01-17 11:27:00,17514.0,17516.5,17510.9,17512.7,1282,120333
2024-01-17 11:28:00,17512.7,17514.0,17507.9,17511.3,1881,121210
2024-01-17 11:29:00,17511.3,17512.6,17510.6,17510.8,1231,120128
2024-01-17 11:30:00,17510.8,17511.0,17508.2,17508.3,1501,120362
2024-01-17 11:31:00,17508.3,17508.4,17501.7,17502.5,1594,119162
2024-01-17 11:32:00,17502.5,17502.8,17496.7,17499.0,1640,119616
2024-01-17 11:33:00,17499.0,17502.4,17494.6,17501.8,1081,119845
2024-01-17 11:34:00,17501.8,17503.7,17496.3,17500.0,969,120116
2024-01-17 11:35:00,17500.0,17500.5,17493.0,17497.3,821,119087
2024-01-17 11:36:00,17497.3,17498.4,17494.1,17495.7,1546,120311
2024-01-17 11:37:00,17495.7,17498.1,17491.8,17492.9,532,119977
2024-01-17 11:38:00,17492.9,17495.7,17492.8,17495.1,1419,119734
2024-01-17 11:39:00,17495.1,17502.2,17494.2,17497.9,686,119497
2024-01-17 11:40:00,17497.9,17506.9,17497.6,17505.1,1420,119539
2024-01-17 11:41:00,17505.1,17511.5,17504.1,17510.1,1665,119758
2024-01-17 11:42:00,17510.1,17512.4,17503.1,17504.7,1834,120036
2024-01-17 11:43:00,17504.7,17509.6,17504.6,17508.5,978,120586
2024-01-17 11:44:00,17508.5,17511.4,17505.1,17511.3,1762,119610
2024-01-17 11:45:00,17511.3,17526.0,17510.5,17523.2,1104,119810
2024-01-17 11:46:00,17523.2,17532.7,17522.5,17529.8,1068,119824
2024-01-17 11:47:00,17529.8,17532.7,17529.2,17532.6,1106,119856
2024-01-17 11:48:00,17532.6,17534.3,17529.6,17532.9,1190,120614
2024-01-17 11:49:00,17532.9,17533.8,17532.0,17533.4,1818,119658
2024-01-17 11:50:00,17533.4,17535.6,17532.0,17535.1,1497,119790
2024-01-17 11:51:00,17535.1,17536.6,17533.9,17534.6,1457,120394
2024-01-17 11:52:00,17534.6,17537.7,17532.9,17537.4,1106,120741
2024-01-17 11:53:00,17537.4,17537.6,17530.1,17533.9,1035,119389
2024-01-17 11:54:00,17533.9,17538.5,17533.2,17537.8,1159,119450
2024-01-17 11:55:00,17537.8,17540.2,17532.3,17532.7,1476,119023
2024-01-17 11:56:00,17532.7,17535.0,17530.6,17533.7,1412,119552
2024-01-17 11:57:00,17533.7,17534.3,17530.9,17532.1,1157,120048
2024-01-17 11:58:00,17532.1,17537.9,17528.8,17536.3,1447,119717
2024-01-17 11:59:00,17536.3,17538.1,17525.9,17530.2,1934,120440
2024-01-17 12:00:00,17530.2,17532.4,17526.5,17526.8,1223,120283
2024-01-17 12:01:00,17526.8,17527.9,17525.8,17527.1,1478,120309
2024-01-17 12:02:00,17527.1,17529.8,17524.0,17524.9,1248,120417
2024-01-17 12:03:00,17524.9,17528.4,17524.3,17525.4,1779,120783
2024-01-17 12:04:00,17525.4,17528.2,17524.8,17525.8,1208,121092
2024-01-17 12:05:00,17525.8,17526.2,17524.2,17525.5,1099,119676
2024-01-17 12:06:00,17525.5,17531.7,17524.0,17528.9,1728,119741
2024-01-17 12:07:00,17528.9,17529.5,17523.7,17527.6,1358,119551
2024-01-17 12:08:00,17527.6,17532.7,17523.3,17525.8,1808,119813
2024-01-17 12:09:00,17525.8,17525.9,17522.6,17523.8,971,119338
2024-01-17 12:10:00,17523.8,17524.9,17517.8,17518.7,1639,119979
2024-01-17 12:11:00,17518.7,17520.2,17516.9,17518.6,1078,119005
2024-01-17 12:12:00,17518.6,17524.6,17518.3,17521.6,1512,119466
2024-01-17 12:13:00,17521.6,17525.6,17521.2,17523.4,1379,120086
2024-01-17 12:14:00,17523.4,17524.6,17522.4,17524.5,1678,120059
2024-01-17 12:15:00,17524.5,17525.6,17522.7,17522.7,1477,119610
2024-01-17 12:16:00,17522.7,17527.4,17522.2,17526.1,1414,119243
2024-01-17 12:17:00,17526.1,17527.5,17519.1,17519.2,1739,119825
2024-01-17 12:18:00,17519.2,17520.2,17514.4,17517.7,1617,119517
2024-01-17 12:19:00,17517.7,17520.6,17510.7,17511.9,1254,120987
2024-01-17 12:20:00,17511.9,17514.9,17510.4,17512.7,1748,120233
2024-01-17 12:21:00,17512.7,17515.8,17512.4,17514.4,1237,119731
2024-01-17 12:22:00,17514.4,17523.3,17511.6,17521.9,1277,120011
2024-01-17 12:23:00,17521.9,17523.8,17519.0,17519.0,1891,119940
2024-01-17 12:24:00,17519.0,17520.3,17512.4,17513.9,907,120200
2024-01-17 12:25:00,17513.9,17515.9,17511.7,17512.2,901,120647
2024-01-17 12:26:00,17512.2,17516.5,17503.4,17504.1,1725,120301
2024-01-17 12:27:00,17504.1,17506.9,17500.4,17502.6,767,120118
2024-01-17 12:28:00,17502.6,17508.4,17501.0,17507.2,1252,119764
2024-01-17 12:29:00,17507.2,17508.4,17502.6,17503.5,1039,120039
2024-01-17 12:30:00,17503.5,17512.6,17503.1,17508.8,867,119962
2024-01-17 12:31:00,17508.8,17510.1,17507.6,17509.3,1071,120334
2024-01-17 12:32:00,17509.3,17516.3,17508.6,17515.0,1114,120267
2024-01-17 12:33:00,17515.0,17515.5,17511.0,17511.5,1235,119122
2024-01-17 12:34:00,17511.5,17515.0,17508.3,17514.5,1075,120676
2024-01-17 12:35:00,17514.5,17515.9,17510.9,17512.5,1278,119810
2024-01-17 12:36:00,17512.5,17514.3,17504.2,17505.3,1565,121157
2024-01-17 12:37:00,17505.3,17508.9,17503.6,17506.2,1127,119810
2024-01-17 12:38:00,17506.2,17508.5,17503.5,17504.3,1449,119983
2024-01-17 12:39:00,17504.3,17505.3,17503.1,17504.3,1138,120117
2024-01-17 12:40:00,17504.3,17509.4,17503.8,17509.2,1189,119971
2024-01-17 12:41:00,17509.2,17510.9,17503.2,17507.7,848,119637
2024-01-17 12:42:00,17507.7,17509.7,17498.0,17500.0,1510,119692
2024-01-17 12:43:00,17500.0,17502.2,17496.2,17497.2,1338,120293
2024-01-17 12:44:00,17497.2,17497.3,17490.8,17493.1,1495,120034
2024-01-17 12:45:00,17493.1,17494.9,17488.8,17491.3,2046,120223
2024-01-17 12:46:00,17491.3,17496.1,17486.0,17488.3,1226,119552
2024-01-17 12:47:00,17488.3,17490.8,17483.4,17487.4,1724,119723
2024-01-17 12:48:00,17487.4,17493.6,17487.0,17491.7,1438,120718
2024-01-17 12:49:00,17491.7,17495.6,17490.6,17495.0,1729,119786
2024-01-17 12:50:00,17495.0,17498.9,17494.6,17496.1,1440,120243
2024-01-17 12:51:00,17496.1,17500.1,17494.5,17496.6,1353,119429
2024-01-17 12:52:00,17496.6,17501.0,17486.6,17488.7,1172,120503
2024-01-17 12:53:00,17488.7,17488.7,17486.7,17486.8,961,120306
2024-01-17 12:54:00,17486.8,17487.8,17483.3,17484.4,1023,119470
2024-01-17 12:55:00,17484.4,17490.8,17481.9,17487.0,1397,119857
2024-01-17 12:56:00,17487.0,17490.2,17485.3,17488.4,1675,120965
2024-01-17 12:57:00,17488.4,17491.9,17488.0,17489.9,1019,120618
2024-01-17 12:58:00,17489.9,17490.0,17488.6,17488.9,486,119364
2024-01-17 12:59:00,17488.9,17491.0,17486.5,17487.0,1628,120452
2024-01-17 13:00:00,17487.0,17487.9,17485.4,17485.9,1099,120210
2024-01-17 13:01:00,17485.9,17493.7,17484.1,17491.1,1419,120418
2024-01-17 13:02:00,17491.1,17493.2,17489.9,17492.2,1405,119545
2024-01-17 13:03:00,17492.2,17503.7,17490.0,17502.0,1661,119649
2024-01-17 13:04:00,17502.0,17503.0,17496.8,17497.8,1557,120456
2024-01-17 13:05:00,17497.8,17499.3,17495.4,17496.1,1186,120340
2024-01-17 13:06:00,17496.1,17505.2,17496.1,17502.6,1042,119990
2024-01-17 13:07:00,17502.6,17506.1,17500.9,17503.9,754,120700
2024-01-17 13:08:00,17503.9,17505.7,17498.8,17499.0,1768,120251
2024-01-17 13:09:00,17499.0,17500.3,17496.3,17496.8,1750,119303
2024-01-17 13:10:00,17496.8,17499.2,17495.1,17496.4,907,119739
2024-01-17 13:11:00,17496.4,17498.1,17495.1,17495.7,941,120328
2024-01-17 13:12:00,17495.7,17496.3,17484.6,17487.6,1267,119160
2024-01-17 13:13:00,17487.6,17491.5,17485.8,17486.3,1272,120375
2024-01-17 13:14:00,17486.3,17486.8,17484.3,17486.7,1059,120527
2024-01-17 13:15:00,17486.7,17492.3,17485.2,17490.6,1557,120119
2024-01-17 13:16:00,17490.6,17495.4,17489.6,17494.0,1696,120103
2024-01-17 13:17:00,17494.0,17496.6,17490.2,17490.7,1398,119799
2024-01-17 13:18:00,17490.7,17491.3,17490.3,17490.7,1614,119614
2024-01-17 13:19:00,17490.7,17499.9,17488.5,17498.3,789,119622
2024-01-17 13:20:00,17498.3,17504.4,17497.6,17501.9,1427,120610
2024-01-17 13:21:00,17501.9,17509.5,17501.0,17505.7,1542,119538
2024-01-17 13:22:00,17505.7,17506.4,17501.3,17503.8,1091,120687
2024-01-17 13:23:00,17503.8,17505.8,17495.4,17496.2,1534,118938
2024-01-17 13:24:00,17496.2,17499.2,17489.5,17489.7,1582,119884
2024-01-17 13:25:00,17489.7,17493.2,17487.9,17492.2,1483,120180
2024-01-17 13:26:00,17492.2,17492.7,17487.7,17489.0,1133,120380
2024-01-17 13:27:00,17489.0,17496.6,17486.5,17495.0,1689,120744
2024-01-17 13:28:00,17495.0,17498.4,17494.2,17496.3,1579,119945
2024-01-17 13:29:00,17496.3,17496.6,17493.6,17495.7,987,119716
2024-01-17 13:30:00,17495.7,17499.1,17490.6,17493.5,1637,120062
2024-01-17 13:31:00,17493.5,17495.1,17487.0,17492.8,1024,119359
2024-01-17 13:32:00,17492.8,17498.0,17492.1,17496.4,1792,120278
2024-01-17 13:33:00,17496.4,17496.7,17495.1,17495.9,1119,119506
2024-01-17 13:34:00,17495.9,17497.3,17495.3,17496.9,2249,119691
2024-01-17 13:35:00,17496.9,17504.6,17496.3,17503.2,1455,119087
2024-01-17 13:36:00,17503.2,17505.6,17502.1,17505.2,922,119905
2024-01-17 13:37:00,17505.2,17510.0,17502.2,17508.6,1236,119169
2024-01-17 13:38:00,17508.6,17510.1,17504.3,17508.7,2013,119739
2024-01-17 13:39:00,17508.7,17509.5,17506.1,17507.0,546,120897
2024-01-17 13:40:00,17507.0,17512.5,17506.8,17508.5,1509,119987
2024-01-17 13:41:00,17508.5,17515.2,17507.2,17512.4,1147,119536
2024-01-17 13:42:00,17512.4,17513.7,17500.7,17504.6,1339,120358
2024-01-17 13:43:00,17504.6,17510.3,17502.5,17507.7,1044,120981
2024-01-17 13:44:00,17507.7,17510.9,17507.2,17510.4,1374,120287
2024-01-17 13:45:00,17510.4,17510.7,17507.0,17509.6,1367,119086
2024-01-18 08:45:00,17511.3,17512.7,17506.9,17512.1,1324,119850
2024-01-18 08:46:00,17512.1,17512.6,17504.9,17508.3,1122,120326
2024-01-18 08:47:00,17508.3,17508.6,17502.3,17502.5,1128,120084
2024-01-18 08:48:00,17502.5,17508.8,17501.4,17505.7,1896,120856
2024-01-18 08:49:00,17505.7,17508.8,17501.3,17508.0,1265,121034
2024-01-18 08:50:00,17508.0,17508.8,17498.6,17502.2,1699,119519
2024-01-18 08:51:00,17502.2,17502.8,17496.6,17498.0,1714,120542
2024-01-18 08:52:00,17498.0,17500.3,17491.8,17492.4,1256,119602
2024-01-18 08:53:00,17492.4,17500.1,17491.3,17495.7,1555,120619
2024-01-18 08:54:00,17495.7,17497.0,17493.0,17493.5,1221,120377
2024-01-18 08:55:00,17493.5,17498.3,17491.0,17497.5,1187,119543
2024-01-18 08:56:00,17497.5,17499.2,17497.4,17497.6,1656,119920
2024-01-18 08:57:00,17497.6,17500.4,17488.9,17489.1,809,120257
2024-01-18 08:58:00,17489.1,17491.7,17488.5,17491.1,1392,120588
2024-01-18 08:59:00,17491.1,17493.0,17491.0,17492.4,1020,118656
2024-01-18 09:00:00,17492.4,17493.6,17486.3,17486.4,1204,121181
2024-01-18 09:01:00,17486.4,17489.9,17479.8,17481.6,1525,119563
2024-01-18 09:02:00,17481.6,17484.9,17476.9,17479.4,1133,119600
2024-01-18 09:03:00,17479.4,17484.2,17478.4,17483.1,1051,120533
2024-01-18 09:04:00,17483.1,17487.4,17481.7,17482.4,1388,120489
2024-01-18 09:05:00,17482.4,17492.3,17481.3,17489.2,1300,120638
2024-01-18 09:06:00,17489.2,17489.9,17488.5,17489.5,1166,120236
2024-01-18 09:07:00,17489.5,17492.3,17486.8,17490.9,1258,121025
2024-01-18 09:08:00,17490.9,17494.3,17481.7,17484.4,1032,120622
2024-01-18 09:09:00,17484.4,17486.3,17479.3,17484.5,1210,120519
2024-01-18 09:10:00,17484.5,17485.2,17482.0,17485.0,1294,119342
2024-01-18 09:11:00,17485.0,17485.8,17483.4,17484.8,1479,120039
2024-01-18 09:12:00,17484.8,17490.0,17483.1,17487.9,1548,119597
2024-01-18 09:13:00,17487.9,17492.7,17486.9,17491.8,1154,119466
2024-01-18 09:14:00,17491.8,17494.8,17484.1,17486.4,1556,120307
2024-01-18 09:15:00,17486.4,17496.0,17485.4,17494.6,1320,120318
2024-01-18 09:16:00,17494.6,17499.2,17494.3,17498.1,1129,119817
2024-01-18 09:17:00,17498.1,17503.3,17496.0,17499.7,1226,120169
2024-01-18 09:18:00,17499.7,17501.3,17498.2,17500.3,977,120256
2024-01-18 09:19:00,17500.3,17500.5,17498.7,17499.5,1963,119428
2024-01-18 09:20:00,17499.5,17501.1,17498.4,17499.7,1513,120036
2024-01-18 09:21:00,17499.7,17501.5,17493.1,17494.3,833,120182
2024-01-18 09:22:00,17494.3,17498.0,17492.8,17496.3,874,119362
2024-01-18 09:23:00,17496.3,17498.2,17488.4,17488.9,1181,120333
2024-01-18 09:24:00,17488.9,17489.2,17483.0,17483.9,1257,120066
2024-01-18 09:25:00,17483.9,17487.4,17481.1,17485.5,1531,120100
2024-01-18 09:26:00,17485.5,17486.3,17478.5,17478.8,1131,120087
2024-01-18 09:27:00,17478.8,17479.3,17476.8,17477.5,1548,119232
2024-01-18 09:28:00,17477.5,17478.7,17473.3,17475.4,769,119850
2024-01-18 09:29:00,17475.4,17477.1,17469.4,17471.2,397,119656
2024-01-18 09:30:00,17471.2,17471.5,17471.0,17471.1,1155,119704
2024-01-18 09:31:00,17471.1,17476.6,17470.5,17475.0,1245,120251
2024-01-18 09:32:00,17475.0,17475.2,17474.7,17475.1,1119,121000
2024-01-18 09:33:00,17475.1,17478.0,17471.7,17471.7,737,120115
2024-01-18 09:34:00,17471.7,17472.2,17462.9,17465.7,1193,119799
2024-01-18 09:35:00,17465.7,17472.7,17462.3,17472.6,1535,120362
2024-01-18 09:36:00,17472.6,17475.9,17471.5,17474.7,1673,119882
2024-01-18 09:37:00,17474.7,17475.1,17470.4,17471.0,1404,120389
2024-01-18 09:38:00,17471.0,17474.3,17469.1,17473.6,1061,120069
2024-01-18 09:39:00,17473.6,17474.1,17467.3,17472.0,1637,119677
2024-01-18 09:40:00,17472.0,17479.6,17468.6,17476.5,1620,119118
2024-01-18 09:41:00,17476.5,17481.0,17475.0,17478.7,1539,119941
2024-01-18 09:42:00,17478.7,17479.5,17476.5,17478.1,1693,120484
2024-01-18 09:43:00,17478.1,17484.8,17476.7,17480.9,1245,120048
2024-01-18 09:44:00,17480.9,17482.1,17479.9,17480.1,1300,120764
2024-01-18 09:45:00,17480.1,17481.4,17477.6,17477.9,816,120617
2024-01-18 09:46:00,17477.9,17482.9,17477.3,17482.8,1467,120022
2024-01-18 09:47:00,17482.8,17487.4,17479.7,17487.1,1649,119749
2024-01-18 09:48:00,17487.1,17490.8,17486.7,17489.0,1129,120151
2024-01-18 09:49:00,17489.0,17491.1,17482.3,17483.2,988,119887
2024-01-18 09:50:00,17483.2,17488.8,17479.5,17485.7,1059,120280
2024-01-18 09:51:00,17485.7,17492.9,17483.1,17489.7,665,119989
2024-01-18 09:52:00,17489.7,17493.4,17485.3,17486.4,1827,119307
2024-01-18 09:53:00,17486.4,17492.4,17486.3,17489.6,1873,119138
2024-01-18 09:54:00,17489.6,17496.3,17489.4,17494.5,1113,119637
2024-01-18 09:55:00,17494.5,17500.2,17492.9,17495.3,1926,120848
2024-01-18 09:56:00,17495.3,17499.9,17494.9,17497.2,1105,120104
2024-01-18 09:57:00,17497.2,17504.0,17495.7,17501.9,503,119932
2024-01-18 09:58:00,17501.9,17503.0,17500.4,17500.6,817,120524
2024-01-18 09:59:00,17500.6,17503.0,17497.3,17502.2,1355,119963
2024-01-18 10:00:00,17502.2,17506.7,17500.0,17506.0,1586,119377
2024-01-18 10:01:00,17506.0,17510.1,17504.1,17508.3,1941,120042
2024-01-18 10:02:00,17508.3,17508.5,17505.9,17506.7,1105,120088
2024-01-18 10:03:00,17506.7,17508.9,17501.5,17501.9,1018,120298
2024-01-18 10:04:00,17501.9,17501.9,17498.2,17500.2,1241,120433
2024-01-18 10:05:00,17500.2,17501.8,17495.8,17496.2,1200,119734
2024-01-18 10:06:00,17496.2,17501.7,17490.9,17491.4,1145,119629
2024-01-18 10:07:00,17491.4,17495.4,17490.8,17493.5,1162,120203
2024-01-18 10:08:00,17493.5,17498.5,17492.0,17496.6,1448,120196
2024-01-18 10:09:00,17496.6,17504.8,17494.3,17501.3,1439,120378
2024-01-18 10:10:00,17501.3,17503.1,17496.9,17497.1,1270,119604
2024-01-18 10:11:00,17497.1,17500.7,17494.1,17498.1,1534,120055
2024-01-18 10:12:00,17498.1,17498.6,17490.0,17492.2,1510,120180
2024-01-18 10:13:00,17492.2,17494.8,17491.2,17492.2,916,120062
2024-01-18 10:14:00,17492.2,17493.1,17486.7,17487.8,1723,119985
2024-01-18 10:15:00,17487.8,17492.9,17486.0,17491.0,1201,120110
2024-01-18 10:16:00,17491.0,17491.2,17483.5,17484.7,749,120423
2024-01-18 10:17:00,17484.7,17487.8,17482.6,17487.3,1558,119841
2024-01-18 10:18:00,17487.3,17488.8,17483.2,17483.5,1166,119366
2024-01-18 10:19:00,17483.5,17489.2,17483.2,17487.7,1085,120811
2024-01-18 10:20:00,17487.7,17492.6,17486.3,17490.2,725,119858
2024-01-18 10:21:00,17490.2,17495.1,17485.1,17492.1,1384,120235
2024-01-18 10:22:00,17492.1,17492.6,17488.0,17488.7,1694,120887
2024-01-18 10:23:00,17488.7,17492.2,17486.4,17491.2,1293,120605
2024-01-18 10:24:00,17491.2,17491.3,17489.3,17491.2,1027,120272
2024-01-18 10:25:00,17491.2,17498.2,17490.6,17496.0,1113,119459
2024-01-18 10:26:00,17496.0,17499.1,17492.3,17496.4,1393,119990
2024-01-18 10:27:00,17496.4,17499.7,17490.0,17494.7,1314,120283
2024-01-18 10:28:00,17494.7,17501.6,17494.2,17500.7,1252,120174
2024-01-18 10:29:00,17500.7,17506.5,17497.4,17505.9,970,120382
2024-01-18 10:30:00,17505.9,17511.0,17505.6,17509.1,1255,120460
2024-01-18 10:31:00,17509.1,17509.7,17506.0,17508.4,1321,119675
2024-01-18 10:32:00,17508.4,17509.4,17501.0,17504.4,541,119409
2024-01-18 10:33:00,17504.4,17508.5,17504.3,17506.3,1289,119902
2024-01-18 10:34:00,17506.3,17510.7,17503.8,17509.2,1520,120238
2024-01-18 10:35:00,17509.2,17509.5,17507.1,17509.5,1417,119835
2024-01-18 10:36:00,17509.5,17514.9,17507.8,17510.5,2047,120455
2024-01-18 10:37:00,17510.5,17516.2,17509.9,17513.9,921,118928
2024-01-18 10:38:00,17513.9,17515.6,17505.6,17506.4,1036,119955
2024-01-18 10:39:00,17506.4,17509.5,17503.7,17507.4,1788,120735
2024-01-18 10:40:00,17507.4,17508.7,17502.8,17504.5,1336,119720
2024-01-18 10:41:00,17504.5,17506.7,17504.0,17505.5,1091,119716
2024-01-18 10:42:00,17505.5,17509.3,17504.3,17506.6,1027,120577
2024-01-18 10:43:00,17506.6,17509.3,17506.3,17507.3,859,119805
2024-01-18 10:44:00,17507.3,17509.7,17503.7,17505.1,1142,120766
2024-01-18 10:45:00,17505.1,17509.0,17503.7,17508.9,1864,120036
2024-01-18 10:46:00,17508.9,17512.0,17508.7,17511.7,1091,120472
2024-01-18 10:47:00,17511.7,17517.9,17511.3,17517.4,1283,119500
2024-01-18 10:48:00,17517.4,17521.4,17512.1,17512.8,1252,119884
2024-01-18 10:49:00,17512.8,17515.3,17507.6,17508.9,1076,119585
2024-01-18 10:50:00,17508.9,17515.1,17506.4,17512.2,1215,120010
2024-01-18 10:51:00,17512.2,17516.7,17509.5,17515.4,1126,119897
2024-01-18 10:52:00,17515.4,17516.3,17512.1,17512.9,1048,119899
2024-01-18 10:53:00,17512.9,17517.4,17506.9,17509.9,1165,120423
2024-01-18 10:54:00,17509.9,17511.4,17509.6,17511.0,1384,120092
2024-01-18 10:55:00,17511.0,17511.4,17509.3,17510.2,1056,120136
2024-01-18 10:56:00,17510.2,17510.8,17503.1,17504.3,1084,120339
2024-01-18 10:57:00,17504.3,17510.5,17503.7,17507.2,1283,119757
2024-01-18 10:58:00,17507.2,17510.3,17506.2,17508.2,1498,120223
2024-01-18 10:59:00,17508.2,17508.7,17502.3,17503.9,1464,119804
2024-01-18 11:00:00,17503.9,17505.9,17500.5,17501.9,1254,120248
2024-01-18 11:01:00,17501.9,17506.7,17500.1,17503.6,1216,119657
2024-01-18 11:02:00,17503.6,17507.1,17496.7,17498.8,1261,120551
2024-01-18 11:03:00,17498.8,17500.9,17498.5,17499.7,1396,119902
2024-01-18 11:04:00,17499.7,17503.0,17499.4,17500.8,1306,120249
2024-01-18 11:05:00,17500.8,17501.1,17496.8,17497.5,1435,120493
2024-01-18 11:06:00,17497.5,17499.2,17494.0,17496.4,719,119924
2024-01-18 11:07:00,17496.4,17497.3,17490.2,17492.4,1610,120383
2024-01-18 11:08:00,17492.4,17496.6,17490.8,17495.3,1333,120399
2024-01-18 11:09:00,17495.3,17495.5,17490.2,17492.3,1170,120205
2024-01-18 11:10:00,17492.3,17496.5,17490.7,17494.0,1403,120125
2024-01-18 11:11:00,17494.0,17499.6,17492.6,17497.4,1623,119546
2024-01-18 11:12:00,17497.4,17499.7,17487.5,17489.0,1645,119212
2024-01-18 11:13:00,17489.0,17489.3,17485.2,17486.1,926,119872
2024-01-18 11:14:00,17486.1,17486.5,17480.2,17481.6,1257,120713
2024-01-18 11:15:00,17481.6,17483.2,17476.6,17479.3,1001,119871
2024-01-18 11:16:00,17479.3,17479.9,17471.0,17471.8,1519,119801
2024-01-18 11:17:00,17471.8,17480.2,17470.1,17479.9,1304,118924
2024-01-18 11:18:00,17479.9,17482.7,17475.3,17477.2,1139,119051
2024-01-18 11:19:00,17477.2,17479.1,17470.8,17474.5,1076,120692
2024-01-18 11:20:00,17474.5,17476.5,17469.0,17472.1,1134,120089
2024-01-18 11:21:00,17472.1,17473.4,17469.4,17471.1,879,119592
2024-01-18 11:22:00,17471.1,17473.8,17463.2,17465.3,827,120179
2024-01-18 11:23:00,17465.3,17468.1,17461.9,17462.7,1574,119698
2024-01-18 11:24:00,17462.7,17463.3,17461.4,17463.2,1648,119604
2024-01-18 11:25:00,17463.2,17475.1,17461.5,17471.8,1432,119137
2024-01-18 11:26:00,17471.8,17475.2,17470.1,17472.9,1040,119528
2024-01-18 11:27:00,17472.9,17478.4,17471.3,17475.6,1166,119738
2024-01-18 11:28:00,17475.6,17475.7,17469.2,17469.8,1179,120326
2024-01-18 11:29:00,17469.8,17473.4,17469.6,17471.1,1066,119903
2024-01-18 11:30:00,17471.1,17476.4,17470.8,17475.1,1258,120203
2024-01-18 11:31:00,17475.1,17477.6,17467.3,17470.1,779,119572
2024-01-18 11:32:00,17470.1,17473.9,17468.4,17472.0,1165,120595
2024-01-18 11:33:00,17472.0,17480.0,17470.8,17477.6,1395,120867
2024-01-18 11:34:00,17477.6,17485.2,17476.7,17483.2,1628,120004
2024-01-18 11:35:00,17483.2,17486.4,17476.6,17477.3,1352,119261
2024-01-18 11:36:00,17477.3,17481.9,17474.0,17479.1,1362,120267
2024-01-18 11:37:00,17479.1,17481.1,17478.9,17480.9,1657,119841
2024-01-18 11:38:00,17480.9,17491.6,17479.9,17487.0,1704,119898
2024-01-18 11:39:00,17487.0,17488.7,17486.4,17488.6,1644,120223
2024-01-18 11:40:00,17488.6,17494.7,17486.7,17491.5,924,120429
2024-01-18 11:41:00,17491.5,17493.6,17490.3,17492.3,1255,119668
2024-01-18 11:42:00,17492.3,17496.0,17491.2,17495.2,801,119511
2024-01-18 11:43:00,17495.2,17498.9,17492.7,17495.3,1704,120363
2024-01-18 11:44:00,17495.3,17495.5,17489.3,17490.6,1214,120034
2024-01-18 11:45:00,17490.6,17496.2,17487.9,17495.4,515,119623
2024-01-18 11:46:00,17495.4,17502.7,17493.7,17502.1,1421,120525
2024-01-18 11:47:00,17502.1,17502.2,17498.1,17501.0,1656,119288
2024-01-18 11:48:00,17501.0,17503.6,17500.3,17501.3,1554,120165
2024-01-18 11:49:00,17501.3,17501.8,17498.2,17500.2,1261,119866
2024-01-18 11:50:00,17500.2,17504.7,17500.0,17503.0,1645,119052
2024-01-18 11:51:00,17503.0,17506.8,17502.4,17504.8,1328,119514
2024-01-18 11:52:00,17504.8,17512.7,17504.1,17512.5,1649,119724
2024-01-18 11:53:00,17512.5,17517.3,17511.2,17514.4,1231,120069
2024-01-18 11:54:00,17514.4,17529.5,17509.7,17524.8,1473,119775
2024-01-18 11:55:00,17524.8,17528.4,17522.3,17523.1,1568,119750
2024-01-18 11:56:00,17523.1,17528.5,17521.6,17522.1,1281,119694
2024-01-18 11:57:00,17522.1,17525.8,17514.1,17518.3,1466,120014
2024-01-18 11:58:00,17518.3,17519.3,17512.9,17515.1,1155,120566
2024-01-18 11:59:00,17515.1,17519.0,17513.1,17518.1,911,119881
2024-01-18 12:00:00,17518.1,17520.0,17510.5,17512.8,1125,119865
2024-01-18 12:01:00,17512.8,17514.4,17512.3,17512.4,1325,118884
2024-01-18 12:02:00,17512.4,17517.7,17512.3,17515.5,1276,120273
2024-01-18 12:03:00,17515.5,17519.3,17513.9,17519.2,1050,119639
2024-01-18 12:04:00,17519.2,17520.9,17517.9,17518.8,1264,119747
2024-01-18 12:05:00,17518.8,17519.1,17510.0,17512.4,1426,119831
2024-01-18 12:06:00,17512.4,17512.6,17508.3,17508.6,1259,120887
2024-01-18 12:07:00,17508.6,17514.2,17505.9,17507.3,1422,119183
2024-01-18 12:08:00,17507.3,17513.9,17506.8,17510.8,795,120416
2024-01-18 12:09:00,17510.8,17512.0,17508.5,17511.4,1191,119973
2024-01-18 12:10:00,17511.4,17511.5,17503.9,17507.0,1473,120344
2024-01-18 12:11:00,17507.0,17507.2,17504.4,17506.4,1322,119454
2024-01-18 12:12:00,17506.4,17508.0,17505.9,17507.2,899,119824
2024-01-18 12:13:00,17507.2,17508.4,17505.6,17506.0,1579,119096
2024-01-18 12:14:00,17506.0,17508.4,17505.2,17508.2,1415,119972
2024-01-18 12:15:00,17508.2,17511.8,17507.8,17510.3,1197,119747
2024-01-18 12:16:00,17510.3,17518.5,17507.8,17515.4,990,119655
2024-01-18 12:17:00,17515.4,17521.8,17515.2,17518.4,1393,120069
2024-01-18 12:18:00,17518.4,17521.3,17515.6,17516.5,1097,119729
2024-01-18 12:19:00,17516.5,17518.9,17513.1,17515.7,1531,119394
2024-01-18 12:20:00,17515.7,17520.2,17515.0,17519.4,1208,119814
2024-01-18 12:21:00,17519.4,17519.4,17515.4,17517.9,910,120142
2024-01-18 12:22:00,17517.9,17520.2,17517.4,17517.6,444,120433
2024-01-18 12:23:00,17517.6,17517.9,17512.9,17514.1,1609,120275
2024-01-18 12:24:00,17514.1,17515.2,17513.2,17513.6,1528,120555
2024-01-18 12:25:00,17513.6,17514.0,17508.3,17510.3,1738,120588
2024-01-18 12:26:00,17510.3,17512.9,17508.8,17512.5,1514,119866
2024-01-18 12:27:00,17512.5,17513.6,17510.1,17510.3,927,120455
2024-01-18 12:28:00,17510.3,17518.3,17510.0,17514.2,1365,119279
2024-01-18 12:29:00,17514.2,17514.6,17506.6,17510.8,1161,120138
2024-01-18 12:30:00,17510.8,17511.4,17506.2,17508.7,1197,120558
2024-01-18 12:31:00,17508.7,17509.3,17508.4,17509.0,1484,120211
2024-01-18 12:32:00,17509.0,17512.1,17505.4,17505.8,1285,119329
2024-01-18 12:33:00,17505.8,17509.8,17504.0,17507.0,1621,120118
2024-01-18 12:34:00,17507.0,17508.7,17505.1,17507.9,1226,120576
2024-01-18 12:35:00,17507.9,17511.1,17505.9,17509.0,1107,120008
2024-01-18 12:36:00,17509.0,17516.0,17507.1,17515.4,1919,120121
2024-01-18 12:37:00,17515.4,17517.3,17502.6,17509.7,1439,120194
2024-01-18 12:38:00,17509.7,17517.7,17509.5,17512.9,1305,119983
2024-01-18 12:39:00,17512.9,17520.7,17511.1,17515.5,1530,119247
2024-01-18 12:40:00,17515.5,17518.9,17512.8,17513.9,1189,120445
2024-01-18 12:41:00,17513.9,17519.7,17513.7,17517.8,1387,120649
2024-01-18 12:42:00,17517.8,17519.0,17517.3,17517.9,599,119918
2024-01-18 12:43:00,17517.9,17519.2,17509.8,17513.3,1400,119458
2024-01-18 12:44:00,17513.3,17517.9,17513.0,17515.4,1484,119706
2024-01-18 12:45:00,17515.4,17519.1,17510.3,17512.8,1180,120037
2024-01-18 12:46:00,17512.8,17513.6,17506.4,17506.5,1234,120263
2024-01-18 12:47:00,17506.5,17510.1,17505.0,17506.2,1063,120482
2024-01-18 12:48:00,17506.2,17507.3,17504.1,17506.9,1542,120957
2024-01-18 12:49:00,17506.9,17516.9,17505.9,17512.5,1756,120489
2024-01-18 12:50:00,17512.5,17513.0,17509.0,17509.0,1054,119514
2024-01-18 12:51:00,17509.0,17511.0,17505.2,17506.3,745,120449
2024-01-18 12:52:00,17506.3,17511.9,17504.8,17511.5,1539,121091
2024-01-18 12:53:00,17511.5,17513.1,17511.5,17511.5,1236,120029
2024-01-18 12:54:00,17511.5,17513.7,17508.5,17511.5,613,120238
2024-01-18 12:55:00,17511.5,17513.1,17510.9,17511.2,1390,119782
2024-01-18 12:56:00,17511.2,17511.5,17507.6,17510.3,1578,120102
2024-01-18 12:57:00,17510.3,17510.8,17497.4,17502.2,1422,120652
2024-01-18 12:58:00,17502.2,17503.2,17501.4,17501.9,1552,120076
2024-01-18 12:59:00,17501.9,17507.9,17501.8,17506.3,1379,119951
2024-01-18 13:00:00,17506.3,17508.8,17504.3,17507.6,1233,119950
2024-01-18 13:01:00,17507.6,17509.9,17507.4,17509.9,1465,120121
2024-01-18 13:02:00,17509.9,17512.2,17508.6,17509.7,1236,121074
2024-01-18 13:03:00,17509.7,17511.8,17509.7,17510.4,1321,120173
2024-01-18 13:04:00,17510.4,17514.9,17510.4,17514.6,1549,119887
2024-01-18 13:05:00,17514.6,17514.7,17510.2,17511.1,1661,120018
2024-01-18 13:06:00,17511.1,17512.6,17504.6,17505.7,1299,120655
2024-01-18 13:07:00,17505.7,17514.8,17504.9,17509.9,1474,119602
2024-01-18 13:08:00,17509.9,17512.8,17509.5,17510.0,1151,118835
2024-01-18 13:09:00,17510.0,17510.4,17507.4,17510.3,793,119828
2024-01-18 13:10:00,17510.3,17513.5,17508.0,17509.5,1099,119215
2024-01-18 13:11:00,17509.5,17511.3,17502.3,17508.0,1983,119637
2024-01-18 13:12:00,17508.0,17512.8,17506.5,17510.9,1329,120005
2024-01-18 13:13:00,17510.9,17515.3,17509.2,17512.1,1655,119896
2024-01-18 13:14:00,17512.1,17513.4,17510.3,17511.0,1391,120629
2024-01-18 13:15:00,17511.0,17511.8,17503.1,17503.5,1494,119705
2024-01-18 13:16:00,17503.5,17505.7,17500.2,17501.2,1469,119156
2024-01-18 13:17:00,17501.2,17502.9,17500.8,17501.2,1491,119944
2024-01-18 13:18:00,17501.2,17505.0,17498.9,17500.7,1321,119834
2024-01-18 13:19:00,17500.7,17503.5,17500.5,17503.1,987,121079
2024-01-18 13:20:00,17503.1,17504.0,17498.3,17501.0,1069,120347
2024-01-18 13:21:00,17501.0,17501.4,17497.6,17498.2,1452,120097
2024-01-18 13:22:00,17498.2,17504.4,17497.0,17502.3,863,119787
2024-01-18 13:23:00,17502.3,17506.8,17501.7,17501.9,1093,119508
2024-01-18 13:24:00,17501.9,17503.8,17495.9,17497.0,1266,120212
2024-01-18 13:25:00,17497.0,17499.3,17495.3,17495.8,1511,120166
2024-01-18 13:26:00,17495.8,17496.7,17494.3,17494.9,1955,119787
2024-01-18 13:27:00,17494.9,17496.8,17488.6,17493.2,1471,121627
2024-01-18 13:28:00,17493.2,17496.3,17492.7,17496.1,1412,120165
2024-01-18 13:29:00,17496.1,17497.8,17487.0,17487.6,864,119769
2024-01-18 13:30:00,17487.6,17493.2,17486.4,17492.1,508,119946
2024-01-18 13:31:00,17492.1,17494.8,17488.5,17492.7,1357,120083
2024-01-18 13:32:00,17492.7,17493.0,17488.6,17490.6,1407,120208
2024-01-18 13:33:00,17490.6,17493.1,17489.7,17490.8,1228,120031
2024-01-18 13:34:00,17490.8,17494.1,17487.3,17489.8,2068,120568
2024-01-18 13:35:00,17489.8,17495.8,17488.9,17493.9,1208,120208
2024-01-18 13:36:00,17493.9,17495.2,17490.5,17492.4,1241,119470
2024-01-18 13:37:00,17492.4,17492.4,17491.0,17492.4,1550,119033
2024-01-18 13:38:00,17492.4,17499.2,17491.2,17497.4,1746,120419
2024-01-18 13:39:00,17497.4,17497.9,17495.9,17496.9,474,120546
2024-01-18 13:40:00,17496.9,17500.0,17496.7,17498.7,1239,119676
2024-01-18 13:41:00,17498.7,17501.0,17496.4,17496.5,1282,119299
2024-01-18 13:42:00,17496.5,17501.2,17495.3,17498.1,1308,120060
2024-01-18 13:43:00,17498.1,17504.6,17497.0,17502.5,1145,120163
2024-01-18 13:44:00,17502.5,17509.2,17502.5,17508.0,1144,118805
2024-01-18 13:45:00,17508.0,17514.8,17504.4,17510.2,719,119942
2024-01-19 08:45:00,17505.9,17507.8,17500.1,17502.6,1160,120168
2024-01-19 08:46:00,17502.6,17513.7,17499.9,17509.5,1186,118366
2024-01-19 08:47:00,17509.5,17515.2,17507.8,17513.9,1447,119688
2024-01-19 08:48:00,17513.9,17515.4,17509.6,17511.0,912,119370
2024-01-19 08:49:00,17511.0,17511.4,17508.3,17508.7,1442,119962
2024-01-19 08:50:00,17508.7,17508.8,17502.9,17504.6,1326,120223
2024-01-19 08:51:00,17504.6,17509.0,17501.8,17506.6,1208,120400
2024-01-19 08:52:00,17506.6,17508.2,17500.7,17501.6,1419,120163
2024-01-19 08:53:00,17501.6,17503.1,17499.5,17502.5,1291,120818
2024-01-19 08:54:00,17502.5,17504.0,17499.4,17500.5,1216,120721
2024-01-19 08:55:00,17500.5,17500.8,17497.9,17499.5,1513,119224
2024-01-19 08:56:00,17499.5,17505.8,17498.2,17504.0,1308,119415
2024-01-19 08:57:00,17504.0,17504.1,17502.6,17502.6,1193,119681
2024-01-19 08:58:00,17502.6,17506.4,17502.0,17503.4,957,120594
2024-01-19 08:59:00,17503.4,17503.8,17496.2,17498.6,1208,120885
2024-01-19 09:00:00,17498.6,17500.1,17484.6,17487.9,1637,120962
2024-01-19 09:01:00,17487.9,17491.2,17482.1,17488.7,1373,120269
2024-01-19 09:02:00,17488.7,17492.1,17487.8,17490.9,1098,120103
2024-01-19 09:03:00,17490.9,17491.5,17488.0,17488.7,1089,120250
2024-01-19 09:04:00,17488.7,17491.2,17483.7,17488.6,1319,119769
2024-01-19 09:05:00,17488.6,17489.1,17484.5,17488.6,633,120978
2024-01-19 09:06:00,17488.6,17489.7,17488.3,17489.0,1165,119113
2024-01-19 09:07:00,17489.0,17494.3,17485.9,17491.1,1423,120066
2024-01-19 09:08:00,17491.1,17495.8,17488.7,17489.8,1951,119753
2024-01-19 09:09:00,17489.8,17492.5,17487.9,17490.1,1293,119332
2024-01-19 09:10:00,17490.1,17490.7,17482.1,17485.1,1566,120557
2024-01-19 09:11:00,17485.1,17491.6,17482.1,17488.1,1347,118816
2024-01-19 09:12:00,17488.1,17490.6,17486.1,17486.1,1203,119772
2024-01-19 09:13:00,17486.1,17488.5,17483.0,17486.1,934,119299
2024-01-19 09:14:00,17486.1,17487.7,17483.5,17484.5,1308,120146
2024-01-19 09:15:00,17484.5,17488.5,17482.1,17488.1,1282,119897
2024-01-19 09:16:00,17488.1,17493.3,17486.4,17492.1,789,119958
2024-01-19 09:17:00,17492.1,17493.5,17490.3,17492.0,1331,119209
2024-01-19 09:18:00,17492.0,17493.0,17483.4,17483.7,1343,119911
2024-01-19 09:19:00,17483.7,17487.8,17478.5,17482.2,1658,120874
2024-01-19 09:20:00,17482.2,17485.8,17473.9,17479.0,831,119995
2024-01-19 09:21:00,17479.0,17484.0,17478.1,17483.0,1186,120304
2024-01-19 09:22:00,17483.0,17483.7,17476.8,17479.6,812,120893
2024-01-19 09:23:00,17479.6,17482.7,17478.7,17479.9,1239,119533
2024-01-19 09:24:00,17479.9,17483.1,17475.3,17475.7,1299,119567
2024-01-19 09:25:00,17475.7,17476.6,17468.0,17471.4,1705,120766
2024-01-19 09:26:00,17471.4,17473.7,17470.5,17473.5,1033,121537
2024-01-19 09:27:00,17473.5,17478.8,17471.4,17476.1,748,119692
2024-01-19 09:28:00,17476.1,17479.0,17472.2,17475.8,1367,119806
2024-01-19 09:29:00,17475.8,17478.6,17471.6,17472.8,1315,120973
2024-01-19 09:30:00,17472.8,17476.6,17472.7,17475.6,685,120276
2024-01-19 09:31:00,17475.6,17478.4,17471.8,17478.0,1740,119427
2024-01-19 09:32:00,17478.0,17478.2,17476.5,17477.8,1207,119086
2024-01-19 09:33:00,17477.8,17487.9,17477.0,17485.1,1366,118949
2024-01-19 09:34:00,17485.1,17492.1,17484.2,17488.9,857,119269
2024-01-19 09:35:00,17488.9,17490.4,17483.3,17484.1,1518,119533
2024-01-19 09:36:00,17484.1,17484.5,17481.3,17484.2,1044,119265
2024-01-19 09:37:00,17484.2,17484.9,17478.8,17480.4,1322,120279
2024-01-19 09:38:00,17480.4,17481.0,17477.6,17479.5,1342,120223
2024-01-19 09:39:00,17479.5,17480.8,17474.3,17475.4,1248,119635
2024-01-19 09:40:00,17475.4,17479.4,17470.4,17471.3,1133,119789
2024-01-19 09:41:00,17471.3,17473.0,17467.6,17470.8,1476,119725
2024-01-19 09:42:00,17470.8,17470.9,17465.8,17468.1,1286,120283
2024-01-19 09:43:00,17468.1,17472.6,17461.6,17463.9,1203,120340
2024-01-19 09:44:00,17463.9,17466.8,17460.1,17460.9,1225,119808
2024-01-19 09:45:00,17460.9,17463.1,17459.8,17460.5,1356,119748
2024-01-19 09:46:00,17460.5,17462.4,17454.6,17455.5,1301,119811
2024-01-19 09:47:00,17455.5,17458.8,17453.3,17457.1,1342,119088
2024-01-19 09:48:00,17457.1,17457.4,17453.8,17454.7,1415,120122
2024-01-19 09:49:00,17454.7,17455.1,17444.9,17451.0,1342,119480
2024-01-19 09:50:00,17451.0,17451.3,17447.8,17449.1,1551,120332
2024-01-19 09:51:00,17449.1,17450.6,17447.2,17449.5,949,120691
2024-01-19 09:52:00,17449.5,17451.9,17446.2,17449.7,1283,119204
2024-01-19 09:53:00,17449.7,17450.8,17447.4,17450.3,1224,120337
2024-01-19 09:54:00,17450.3,17452.7,17446.8,17452.5,1497,120318
2024-01-19 09:55:00,17452.5,17453.5,17447.1,17449.1,1340,120145
2024-01-19 09:56:00,17449.1,17449.7,17445.9,17446.2,1002,118611
2024-01-19 09:57:00,17446.2,17447.2,17443.6,17444.4,1047,119957
2024-01-19 09:58:00,17444.4,17448.5,17444.4,17447.9,1343,119720
2024-01-19 09:59:00,17447.9,17448.5,17442.9,17445.1,1818,120391
2024-01-19 10:00:00,17445.1,17447.7,17444.4,17446.0,525,119577
2024-01-19 10:01:00,17446.0,17449.9,17443.9,17448.1,1373,120601
2024-01-19 10:02:00,17448.1,17451.8,17445.3,17446.9,1108,119941
2024-01-19 10:03:00,17446.9,17447.3,17441.7,17446.2,1003,119927
2024-01-19 10:04:00,17446.2,17447.3,17444.0,17445.2,809,120066
2024-01-19 10:05:00,17445.2,17445.5,17442.2,17442.6,738,119852
2024-01-19 10:06:00,17442.6,17445.4,17439.7,17443.1,1068,120429
2024-01-19 10:07:00,17443.1,17444.4,17440.6,17442.3,1298,120066
2024-01-19 10:08:00,17442.3,17446.8,17441.3,17444.1,1595,119951
2024-01-19 10:09:00,17444.1,17445.8,17438.4,17440.0,1177,120324
2024-01-19 10:10:00,17440.0,17440.3,17438.6,17438.7,1231,120298
2024-01-19 10:11:00,17438.7,17439.5,17434.0,17435.0,1375,120491
2024-01-19 10:12:00,17435.0,17438.9,17434.8,17437.0,1401,120537
2024-01-19 10:13:00,17437.0,17445.0,17436.2,17444.5,1341,119051
2024-01-19 10:14:00,17444.5,17449.5,17441.8,17446.9,1325,120232
2024-01-19 10:15:00,17446.9,17448.7,17443.6,17446.6,1640,120866
2024-01-19 10:16:00,17446.6,17447.8,17443.5,17444.6,1039,119878
2024-01-19 10:17:00,17444.6,17445.0,17443.5,17444.3,948,120299
2024-01-19 10:18:00,17444.3,17449.9,17444.1,17446.1,1366,120219
2024-01-19 10:19:00,17446.1,17451.9,17445.5,17449.4,1171,119931
2024-01-19 10:20:00,17449.4,17452.3,17448.7,17452.1,1086,120083
2024-01-19 10:21:00,17452.1,17456.0,17449.9,17451.1,707,120316
2024-01-19 10:22:00,17451.1,17456.0,17450.8,17451.5,1184,120482
2024-01-19 10:23:00,17451.5,17452.3,17445.7,17449.8,1017,118906
2024-01-19 10:24:00,17449.8,17451.1,17447.7,17449.2,1822,120452
2024-01-19 10:25:00,17449.2,17457.3,17448.2,17456.3,1713,120592
2024-01-19 10:26:00,17456.3,17459.2,17451.1,17457.8,1589,120044
2024-01-19 10:27:00,17457.8,17458.3,17455.1,17457.6,1272,119161
2024-01-19 10:28:00,17457.6,17458.3,17455.1,17457.1,1017,118884
2024-01-19 10:29:00,17457.1,17458.5,17447.6,17450.4,1379,120668
2024-01-19 10:30:00,17450.4,17456.4,17448.1,17454.2,1280,119793
2024-01-19 10:31:00,17454.2,17455.0,17453.2,17453.8,1088,120300
2024-01-19 10:32:00,17453.8,17464.5,17451.8,17462.9,1177,120374
2024-01-19 10:33:00,17462.9,17467.3,17461.9,17465.5,1210,120267
2024-01-19 10:34:00,17465.5,17470.3,17463.7,17468.4,2078,119666
2024-01-19 10:35:00,17468.4,17468.4,17464.3,17467.0,1775,120117
2024-01-19 10:36:00,17467.0,17467.1,17462.5,17462.6,1321,119981
2024-01-19 10:37:00,17462.6,17462.7,17447.6,17451.4,1389,120020
2024-01-19 10:38:00,17451.4,17457.2,17447.4,17457.0,1759,120375
2024-01-19 10:39:00,17457.0,17458.7,17450.1,17453.1,1727,119509
2024-01-19 10:40:00,17453.1,17461.3,17453.0,17459.9,1376,119962
2024-01-19 10:41:00,17459.9,17465.8,17459.5,17464.4,1523,119725
2024-01-19 10:42:00,17464.4,17466.5,17463.2,17465.3,1307,119909
2024-01-19 10:43:00,17465.3,17467.6,17461.2,17466.0,1393,119568
2024-01-19 10:44:00,17466.0,17467.9,17465.0,17467.7,1157,119766
2024-01-19 10:45:00,17467.7,17471.3,17463.6,17470.4,1345,120503
2024-01-19 10:46:00,17470.4,17470.5,17463.1,17465.9,1129,120085
2024-01-19 10:47:00,17465.9,17468.4,17464.7,17468.2,1606,120829
2024-01-19 10:48:00,17468.2,17468.9,17466.3,17466.5,1316,119551
2024-01-19 10:49:00,17466.5,17466.6,17463.3,17465.8,1206,119797
2024-01-19 10:50:00,17465.8,17471.9,17465.8,17468.8,1169,120125
2024-01-19 10:51:00,17468.8,17469.4,17464.7,17468.0,788,120680
2024-01-19 10:52:00,17468.0,17469.8,17463.3,17464.3,1254,120026
2024-01-19 10:53:00,17464.3,17469.1,17462.1,17468.4,1195,120449
2024-01-19 10:54:00,17468.4,17476.1,17466.4,17472.5,1568,120479
2024-01-19 10:55:00,17472.5,17476.4,17467.0,17468.7,821,121223
2024-01-19 10:56:00,17468.7,17470.9,17468.1,17470.3,1372,120075
2024-01-19 10:57:00,17470.3,17474.5,17468.3,17474.2,1853,119662
2024-01-19 10:58:00,17474.2,17476.0,17472.6,17473.8,989,120331
2024-01-19 10:59:00,17473.8,17477.3,17469.8,17472.5,1109,118997
2024-01-19 11:00:00,17472.5,17473.4,17469.0,17469.1,1230,119735
2024-01-19 11:01:00,17469.1,17469.2,17465.7,17468.2,1228,121011
2024-01-19 11:02:00,17468.2,17469.5,17467.7,17467.9,1196,119641
2024-01-19 11:03:00,17467.9,17468.9,17460.0,17461.4,1237,120790
2024-01-19 11:04:00,17461.4,17466.4,17460.2,17464.4,1435,120327
2024-01-19 11:05:00,17464.4,17468.5,17459.2,17460.8,1140,120066
2024-01-19 11:06:00,17460.8,17462.0,17449.3,17451.6,1650,120183
2024-01-19 11:07:00,17451.6,17453.7,17448.6,17450.0,1240,119630
2024-01-19 11:08:00,17450.0,17452.6,17446.8,17450.9,1079,119312
2024-01-19 11:09:00,17450.9,17452.6,17447.5,17447.9,963,119845
2024-01-19 11:10:00,17447.9,17449.0,17442.7,17443.3,1124,120093
2024-01-19 11:11:00,17443.3,17447.1,17441.0,17445.8,1037,119832
2024-01-19 11:12:00,17445.8,17448.0,17441.1,17442.8,1396,119844
2024-01-19 11:13:00,17442.8,17444.3,17437.3,17437.7,1500,119698
2024-01-19 11:14:00,17437.7,17437.8,17431.3,17431.6,932,120299
2024-01-19 11:15:00,17431.6,17433.3,17427.4,17427.7,807,120341
2024-01-19 11:16:00,17427.7,17434.5,17425.4,17431.8,1340,119792
2024-01-19 11:17:00,17431.8,17434.0,17431.2,17432.9,1228,120328
2024-01-19 11:18:00,17432.9,17438.3,17432.8,17434.2,1177,119738
2024-01-19 11:19:00,17434.2,17434.9,17432.1,17433.2,1003,120677
2024-01-19 11:20:00,17433.2,17433.5,17428.6,17430.0,629,119302
2024-01-19 11:21:00,17430.0,17435.4,17429.8,17433.3,1116,119895
2024-01-19 11:22:00,17433.3,17437.8,17432.7,17433.7,1196,120836
2024-01-19 11:23:00,17433.7,17433.8,17430.1,17431.7,1208,120634
2024-01-19 11:24:00,17431.7,17433.6,17424.2,17426.5,1030,119256
2024-01-19 11:25:00,17426.5,17431.6,17426.2,17430.6,1111,120232
2024-01-19 11:26:00,17430.6,17433.8,17427.9,17432.2,647,119788
2024-01-19 11:27:00,17432.2,17437.4,17430.6,17433.9,1264,119922
2024-01-19 11:28:00,17433.9,17434.9,17433.9,17434.1,1174,120091
2024-01-19 11:29:00,17434.1,17438.2,17431.4,17437.4,1467,120314
2024-01-19 11:30:00,17437.4,17437.6,17434.3,17435.9,1139,120154
2024-01-19 11:31:00,17435.9,17440.5,17434.9,17436.0,1514,120452
2024-01-19 11:32:00,17436.0,17439.9,17432.3,17439.4,1698,119990
2024-01-19 11:33:00,17439.4,17444.5,17431.0,17432.8,1504,119637
2024-01-19 11:34:00,17432.8,17436.1,17432.5,17433.7,1283,119676
2024-01-19 11:35:00,17433.7,17434.4,17431.1,17432.6,1773,120501
2024-01-19 11:36:00,17432.6,17435.9,17428.2,17428.8,1119,120223
2024-01-19 11:37:00,17428.8,17429.1,17426.9,17427.1,1683,119732
2024-01-19 11:38:00,17427.1,17428.0,17425.8,17426.8,1364,120070
2024-01-19 11:39:00,17426.8,17430.8,17423.3,17428.3,1143,121080
2024-01-19 11:40:00,17428.3,17430.2,17424.1,17429.0,1419,119437
2024-01-19 11:41:00,17429.0,17432.9,17426.3,17428.4,1881,120195
2024-01-19 11:42:00,17428.4,17430.6,17427.7,17429.1,1704,120387
2024-01-19 11:43:00,17429.1,17430.6,17428.8,17429.9,1171,120402
2024-01-19 11:44:00,17429.9,17430.1,17422.3,17426.1,1292,119309
2024-01-19 11:45:00,17426.1,17426.9,17424.6,17426.3,1554,120943
2024-01-19 11:46:00,17426.3,17427.7,17424.5,17425.7,1782,120516
2024-01-19 11:47:00,17425.7,17428.0,17423.9,17427.7,1403,119125
2024-01-19 11:48:00,17427.7,17427.7,17424.1,17424.2,1689,120300
2024-01-19 11:49:00,17424.2,17426.6,17421.7,17424.2,1153,120260
2024-01-19 11:50:00,17424.2,17426.1,17423.6,17425.2,1268,119883
2024-01-19 11:51:00,17425.2,17428.4,17422.9,17423.2,1255,120723
2024-01-19 11:52:00,17423.2,17423.5,17422.0,17423.5,1599,119457
2024-01-19 11:53:00,17423.5,17434.5,17422.9,17429.7,1436,120442
2024-01-19 11:54:00,17429.7,17431.4,17428.9,17429.2,1271,120196
2024-01-19 11:55:00,17429.2,17429.6,17422.3,17424.7,1276,120526
2024-01-19 11:56:00,17424.7,17428.4,17420.3,17422.5,932,119850
2024-01-19 11:57:00,17422.5,17428.5,17421.8,17426.2,1246,120545
2024-01-19 11:58:00,17426.2,17427.4,17421.4,17423.5,1213,119430
2024-01-19 11:59:00,17423.5,17424.6,17416.8,17417.9,1011,120288
2024-01-19 12:00:00,17417.9,17419.6,17416.1,17416.4,1678,120469
2024-01-19 12:01:00,17416.4,17419.0,17406.7,17407.9,1394,119856
2024-01-19 12:02:00,17407.9,17409.7,17404.6,17405.0,1250,120510
2024-01-19 12:03:00,17405.0,17407.5,17404.4,17406.4,1324,119937
2024-01-19 12:04:00,17406.4,17406.6,17402.3,17403.3,888,120257
2024-01-19 12:05:00,17403.3,17403.6,17398.9,17400.3,772,120543
2024-01-19 12:06:00,17400.3,17408.5,17400.1,17407.7,1524,119943
2024-01-19 12:07:00,17407.7,17412.7,17407.6,17411.3,956,120435
2024-01-19 12:08:00,17411.3,17411.7,17408.4,17410.9,1563,120192
2024-01-19 12:09:00,17410.9,17412.1,17409.3,17409.8,1425,120469
2024-01-19 12:10:00,17409.8,17418.0,17407.6,17414.6,895,119353
2024-01-19 12:11:00,17414.6,17417.4,17409.8,17410.7,1109,120147
2024-01-19 12:12:00,17410.7,17414.0,17410.4,17411.0,1213,119666
2024-01-19 12:13:00,17411.0,17412.9,17410.1,17411.4,1479,119288
2024-01-19 12:14:00,17411.4,17415.2,17406.7,17409.0,1291,119334
2024-01-19 12:15:00,17409.0,17414.9,17403.1,17412.4,1272,120094
2024-01-19 12:16:00,17412.4,17413.9,17408.5,17410.9,1729,119940
2024-01-19 12:17:00,17410.9,17412.5,17407.7,17409.8,1348,119153
2024-01-19 12:18:00,17409.8,17410.4,17406.3,17406.4,1227,119751
2024-01-19 12:19:00,17406.4,17408.5,17406.1,17407.8,1332,119345
2024-01-19 12:20:00,17407.8,17416.1,17406.5,17415.1,1318,120241
2024-01-19 12:21:00,17415.1,17415.3,17408.4,17410.8,964,119503
2024-01-19 12:22:00,17410.8,17411.8,17406.3,17406.8,1427,120441
2024-01-19 12:23:00,17406.8,17414.6,17406.1,17411.3,1330,119639
2024-01-19 12:24:00,17411.3,17417.9,17409.1,17416.1,1125,120188
2024-01-19 12:25:00,17416.1,17416.3,17411.4,17413.4,1280,120119
2024-01-19 12:26:00,17413.4,17416.0,17411.3,17412.5,890,120210
2024-01-19 12:27:00,17412.5,17413.1,17407.2,17412.2,1006,121429
2024-01-19 12:28:00,17412.2,17412.5,17411.0,17411.7,1807,119599
2024-01-19 12:29:00,17411.7,17413.6,17409.0,17409.3,1477,120626
2024-01-19 12:30:00,17409.3,17412.9,17407.8,17410.9,1302,119767
2024-01-19 12:31:00,17410.9,17412.4,17409.6,17409.6,1721,119569
2024-01-19 12:32:00,17409.6,17413.1,17407.4,17408.6,870,120157
2024-01-19 12:33:00,17408.6,17408.9,17402.6,17403.3,1276,119759
2024-01-19 12:34:00,17403.3,17404.0,17393.6,17396.5,1314,120381
2024-01-19 12:35:00,17396.5,17396.6,17394.7,17395.7,1572,119589
2024-01-19 12:36:00,17395.7,17402.1,17394.8,17399.5,1233,119776
2024-01-19 12:37:00,17399.5,17400.2,17392.9,17397.4,947,119098
2024-01-19 12:38:00,17397.4,17398.1,17391.7,17396.5,1306,120038
2024-01-19 12:39:00,17396.5,17399.0,17393.9,17394.8,1535,120586
2024-01-19 12:40:00,17394.8,17402.8,17394.1,17401.7,1644,119414
2024-01-19 12:41:00,17401.7,17405.8,17397.6,17400.7,1461,120117
2024-01-19 12:42:00,17400.7,17402.9,17398.3,17401.9,1173,119501
2024-01-19 12:43:00,17401.9,17403.8,17393.7,17397.0,965,121073
2024-01-19 12:44:00,17397.0,17397.4,17395.2,17396.7,1585,119600
2024-01-19 12:45:00,17396.7,17399.3,17394.0,17395.1,1064,120082
2024-01-19 12:46:00,17395.1,17400.2,17392.8,17399.0,1486,120515
2024-01-19 12:47:00,17399.0,17405.2,17396.6,17402.1,1460,120497
2024-01-19 12:48:00,17402.1,17402.3,17400.6,17401.6,1333,120696
2024-01-19 12:49:00,17401.6,17404.9,17400.8,17402.1,1623,118486
2024-01-19 12:50:00,17402.1,17403.6,17396.3,17397.5,1135,120178
2024-01-19 12:51:00,17397.5,17405.8,17395.6,17403.7,1130,119649
2024-01-19 12:52:00,17403.7,17404.2,17397.1,17397.3,1303,120353
2024-01-19 12:53:00,17397.3,17403.3,17394.5,17402.4,1161,119647
2024-01-19 12:54:00,17402.4,17404.0,17400.2,17400.6,1331,120963
2024-01-19 12:55:00,17400.6,17407.0,17400.0,17404.9,1301,120317
2024-01-19 12:56:00,17404.9,17410.1,17401.8,17408.7,1610,119892
2024-01-19 12:57:00,17408.7,17411.1,17403.8,17406.1,1971,120005
2024-01-19 12:58:00,17406.1,17408.0,17402.9,17405.2,1678,119945
2024-01-19 12:59:00,17405.2,17407.1,17401.8,17404.3,984,120268
2024-01-19 13:00:00,17404.3,17409.2,17402.5,17408.1,1406,120704
2024-01-19 13:01:00,17408.1,17412.1,17405.4,17406.2,1411,119647
2024-01-19 13:02:00,17406.2,17410.8,17405.0,17409.2,1522,119886
2024-01-19 13:03:00,17409.2,17411.6,17405.4,17405.4,1221,120778
2024-01-19 13:04:00,17405.4,17409.4,17392.9,17394.3,1246,120493
2024-01-19 13:05:00,17394.3,17398.5,17393.5,17395.2,1601,119904
2024-01-19 13:06:00,17395.2,17395.7,17391.3,17393.6,1109,118904
2024-01-19 13:07:00,17393.6,17397.6,17390.8,17394.3,1363,120120
2024-01-19 13:08:00,17394.3,17397.1,17393.2,17394.1,1417,119411
2024-01-19 13:09:00,17394.1,17398.8,17394.0,17396.7,1596,120242
2024-01-19 13:10:00,17396.7,17402.0,17394.9,17400.9,1868,118960
2024-01-19 13:11:00,17400.9,17412.1,17398.3,17408.0,1204,119758
2024-01-19 13:12:00,17408.0,17413.5,17405.6,17412.1,1186,120180
2024-01-19 13:13:00,17412.1,17418.2,17408.1,17417.8,1008,120353
2024-01-19 13:14:00,17417.8,17420.0,17415.2,17416.9,1917,119612
2024-01-19 13:15:00,17416.9,17418.1,17414.4,17418.1,1994,120366
2024-01-19 13:16:00,17418.1,17424.7,17417.7,17420.7,1175,120188
2024-01-19 13:17:00,17420.7,17426.0,17417.5,17424.8,2094,120778
2024-01-19 13:18:00,17424.8,17425.1,17422.8,17424.1,1150,121321
2024-01-19 13:19:00,17424.1,17428.5,17419.7,17427.1,1551,120552
2024-01-19 13:20:00,17427.1,17427.8,17426.2,17427.0,824,119482
2024-01-19 13:21:00,17427.0,17429.3,17418.9,17421.2,1106,119862
2024-01-19 13:22:00,17421.2,17423.9,17420.3,17423.0,974,120409
2024-01-19 13:23:00,17423.0,17428.1,17422.7,17427.0,986,119661
2024-01-19 13:24:00,17427.0,17430.0,17422.1,17423.0,1418,120265
2024-01-19 13:25:00,17423.0,17425.8,17411.6,17414.9,920,121160
2024-01-19 13:26:00,17414.9,17415.4,17413.4,17414.2,1547,120072
2024-01-19 13:27:00,17414.2,17420.8,17414.0,17418.7,882,119433
2024-01-19 13:28:00,17418.7,17419.8,17415.1,17416.7,1130,120558
2024-01-19 13:29:00,17416.7,17420.2,17413.9,17414.4,2033,119339
2024-01-19 13:30:00,17414.4,17425.8,17412.7,17424.6,1570,120153
2024-01-19 13:31:00,17424.6,17425.4,17422.3,17423.6,1600,119784
2024-01-19 13:32:00,17423.6,17424.1,17419.6,17422.2,1235,120285
2024-01-19 13:33:00,17422.2,17422.6,17417.5,17421.9,976,119331
2024-01-19 13:34:00,17421.9,17422.4,17421.9,17422.2,2010,119747
2024-01-19 13:35:00,17422.2,17423.0,17421.0,17422.3,1477,120144
2024-01-19 13:36:00,17422.3,17423.8,17420.4,17420.7,1327,119414
2024-01-19 13:37:00,17420.7,17421.2,17420.0,17420.8,1577,119972
2024-01-19 13:38:00,17420.8,17421.8,17418.1,17421.0,1097,120275
2024-01-19 13:39:00,17421.0,17422.4,17418.1,17420.6,1507,119421
2024-01-19 13:40:00,17420.6,17423.2,17419.2,17422.7,1320,120407
2024-01-19 13:41:00,17422.7,17424.1,17421.1,17423.4,1540,119990
2024-01-19 13:42:00,17423.4,17424.2,17417.6,17419.2,1300,119508
2024-01-19 13:43:00,17419.2,17422.8,17418.7,17420.8,1448,120258
2024-01-19 13:44:00,17420.8,17429.1,17418.5,17428.7,995,119567
2024-01-19 13:45:00,17428.7,17429.7,17426.0,17429.3,1395,119313
2024-01-22 08:45:00,17451.9,17455.2,17446.8,17451.2,1690,120412
2024-01-22 08:46:00,17451.2,17453.5,17449.4,17453.2,1234,119944
2024-01-22 08:47:00,17453.2,17457.2,17453.1,17456.6,1449,119411
2024-01-22 08:48:00,17456.6,17456.7,17454.7,17456.5,1706,119880
2024-01-22 08:49:00,17456.5,17458.2,17446.8,17450.2,1268,120794
2024-01-22 08:50:00,17450.2,17452.2,17446.4,17446.4,1744,120136
2024-01-22 08:51:00,17446.4,17448.7,17445.8,17445.9,1342,120023
2024-01-22 08:52:00,17445.9,17449.8,17444.2,17446.1,1320,120195
2024-01-22 08:53:00,17446.1,17446.1,17444.6,17445.0,1328,119320
2024-01-22 08:54:00,17445.0,17448.5,17443.4,17446.0,1787,120338
2024-01-22 08:55:00,17446.0,17448.9,17443.7,17446.4,1352,119185
2024-01-22 08:56:00,17446.4,17451.1,17444.2,17450.5,1109,119017
2024-01-22 08:57:00,17450.5,17457.6,17448.2,17455.5,1622,120071
2024-01-22 08:58:00,17455.5,17455.8,17452.4,17453.6,1669,119302
2024-01-22 08:59:00,17453.6,17463.7,17451.5,17461.5,1248,119670
2024-01-22 09:00:00,17461.5,17463.6,17461.3,17462.2,1142,120304
2024-01-22 09:01:00,17462.2,17464.7,17462.1,17463.0,1508,119521
2024-01-22 09:02:00,17463.0,17463.0,17461.6,17461.8,983,120769
2024-01-22 09:03:00,17461.8,17465.1,17460.4,17463.3,1696,119868
2024-01-22 09:04:00,17463.3,17469.2,17461.0,17468.4,1612,120798
2024-01-22 09:05:00,17468.4,17473.3,17465.9,17472.1,1895,119868
2024-01-22 09:06:00,17472.1,17474.8,17471.4,17474.2,1167,119823
2024-01-22 09:07:00,17474.2,17476.0,17472.8,17475.2,1250,120131
2024-01-22 09:08:00,17475.2,17478.7,17474.8,17477.0,1439,119577
2024-01-22 09:09:00,17477.0,17477.6,17472.9,17475.0,939,118642
2024-01-22 09:10:00,17475.0,17478.3,17473.2,17476.9,1100,120569
2024-01-22 09:11:00,17476.9,17477.5,17473.8,17477.0,1161,120771
2024-01-22 09:12:00,17477.0,17478.4,17472.9,17478.2,1174,120158
2024-01-22 09:13:00,17478.2,17478.8,17469.9,17470.4,1301,119586
2024-01-22 09:14:00,17470.4,17474.2,17467.4,17470.3,1087,119536
2024-01-22 09:15:00,17470.3,17471.2,17465.1,17468.6,1459,119996
2024-01-22 09:16:00,17468.6,17469.4,17465.6,17466.4,923,120420
2024-01-22 09:17:00,17466.4,17467.4,17464.7,17464.8,932,120545
2024-01-22 09:18:00,17464.8,17465.8,17461.7,17464.2,1333,119669
2024-01-22 09:19:00,17464.2,17466.6,17462.9,17465.0,1033,120800
2024-01-22 09:20:00,17465.0,17465.4,17462.5,17464.2,1494,120149
2024-01-22 09:21:00,17464.2,17464.8,17460.1,17464.3,1661,120370
2024-01-22 09:22:00,17464.3,17464.5,17463.3,17464.2,1257,120422
2024-01-22 09:23:00,17464.2,17469.2,17457.4,17460.6,1759,120296
2024-01-22 09:24:00,17460.6,17461.5,17457.6,17459.4,1608,119594
2024-01-22 09:25:00,17459.4,17464.2,17457.2,17463.9,1067,120406
2024-01-22 09:26:00,17463.9,17464.8,17459.6,17461.8,1581,120193
2024-01-22 09:27:00,17461.8,17468.1,17460.9,17465.1,1154,120113
2024-01-22 09:28:00,17465.1,17468.6,17464.1,17468.2,978,119876
2024-01-22 09:29:00,17468.2,17473.3,17463.0,17471.2,1162,119853
2024-01-22 09:30:00,17471.2,17474.2,17467.2,17468.8,1243,119901
2024-01-22 09:31:00,17468.8,17472.8,17468.7,17471.8,1682,120065
2024-01-22 09:32:00,17471.8,17474.4,17469.8,17470.9,1527,120250
2024-01-22 09:33:00,17470.9,17479.9,17468.1,17478.0,1054,120304
2024-01-22 09:34:00,17478.0,17483.1,17477.5,17481.1,1143,119416
2024-01-22 09:35:00,17481.1,17482.1,17479.3,17481.3,2090,120100
2024-01-22 09:36:00,17481.3,17483.3,17475.0,17475.9,1082,119517
2024-01-22 09:37:00,17475.9,17478.9,17472.1,17477.7,1477,120431
2024-01-22 09:38:00,17477.7,17478.4,17476.5,17478.3,1808,120546
2024-01-22 09:39:00,17478.3,17481.8,17477.9,17479.9,1308,120044
2024-01-22 09:40:00,17479.9,17481.0,17474.4,17474.9,1202,119778
2024-01-22 09:41:00,17474.9,17476.6,17474.1,17475.0,1200,120065
2024-01-22 09:42:00,17475.0,17477.9,17473.6,17476.8,1402,119750
2024-01-22 09:43:00,17476.8,17480.5,17473.7,17480.2,1777,119841
2024-01-22 09:44:00,17480.2,17480.9,17478.0,17479.1,872,120559
2024-01-22 09:45:00,17479.1,17482.1,17477.7,17478.8,1799,120813
2024-01-22 09:46:00,17478.8,17484.6,17476.2,17483.2,1239,118965
2024-01-22 09:47:00,17483.2,17492.2,17481.7,17488.6,1127,120196
2024-01-22 09:48:00,17488.6,17492.3,17483.9,17485.1,1234,119700
2024-01-22 09:49:00,17485.1,17489.7,17482.2,17489.4,934,120156
2024-01-22 09:50:00,17489.4,17494.9,17488.2,17494.8,1358,120036
2024-01-22 09:51:00,17494.8,17502.8,17494.4,17500.5,1255,119379
2024-01-22 09:52:00,17500.5,17500.8,17498.9,17500.6,998,120350
2024-01-22 09:53:00,17500.6,17506.0,17499.9,17504.6,1504,120856
2024-01-22 09:54:00,17504.6,17507.2,17499.4,17502.9,1369,120432
2024-01-22 09:55:00,17502.9,17507.3,17501.6,17506.2,1885,120250
2024-01-22 09:56:00,17506.2,17509.8,17505.9,17509.0,750,120975
2024-01-22 09:57:00,17509.0,17511.7,17505.3,17506.0,1139,119821
2024-01-22 09:58:00,17506.0,17510.0,17505.6,17508.0,1995,120430
2024-01-22 09:59:00,17508.0,17514.7,17505.9,17512.7,1511,120106
2024-01-22 10:00:00,17512.7,17517.0,17512.7,17514.6,2227,120635
2024-01-22 10:01:00,17514.6,17517.0,17511.1,17516.5,1051,119957
2024-01-22 10:02:00,17516.5,17518.9,17515.1,17517.2,955,118963
2024-01-22 10:03:00,17517.2,17520.2,17515.9,17516.1,1170,120383
2024-01-22 10:04:00,17516.1,17523.8,17515.7,17521.9,1154,119149
2024-01-22 10:05:00,17521.9,17528.9,17521.1,17526.9,1145,119351
2024-01-22 10:06:00,17526.9,17534.3,17526.7,17529.5,1318,120435
2024-01-22 10:07:00,17529.5,17530.9,17524.0,17524.2,1591,120711
2024-01-22 10:08:00,17524.2,17525.3,17518.9,17519.7,647,119439
2024-01-22 10:09:00,17519.7,17520.8,17515.0,17519.9,885,120413
2024-01-22 10:10:00,17519.9,17520.4,17515.9,17519.6,1710,119985
2024-01-22 10:11:00,17519.6,17519.6,17518.6,17518.7,1208,119941
2024-01-22 10:12:00,17518.7,17519.1,17517.2,17518.1,1179,119574
2024-01-22 10:13:00,17518.1,17518.7,17517.4,17518.0,1492,119361
2024-01-22 10:14:00,17518.0,17520.4,17514.0,17518.8,1511,119904
2024-01-22 10:15:00,17518.8,17525.5,17517.1,17524.0,1319,119406
2024-01-22 10:16:00,17524.0,17524.9,17517.5,17520.7,1795,120289
2024-01-22 10:17:00,17520.7,17522.7,17514.3,17517.6,1309,120509
2024-01-22 10:18:00,17517.6,17522.1,17515.2,17519.3,1755,120185
2024-01-22 10:19:00,17519.3,17520.8,17515.6,17516.0,1202,120101
2024-01-22 10:20:00,17516.0,17516.7,17511.2,17513.5,1057,120155
2024-01-22 10:21:00,17513.5,17518.2,17510.9,17517.7,1356,119251
2024-01-22 10:22:00,17517.7,17521.5,17516.6,17517.6,743,119836
2024-01-22 10:23:00,17517.6,17520.1,17515.0,17516.8,940,120294
2024-01-22 10:24:00,17516.8,17518.0,17513.0,17514.6,1854,119264
2024-01-22 10:25:00,17514.6,17515.5,17507.4,17511.0,1350,119471
2024-01-22 10:26:00,17511.0,17512.4,17510.5,17511.3,1694,120181
2024-01-22 10:27:00,17511.3,17513.9,17508.5,17510.3,698,119401
2024-01-22 10:28:00,17510.3,17510.9,17503.0,17505.4,742,119802
2024-01-22 10:29:00,17505.4,17509.2,17504.8,17507.9,1762,120079
2024-01-22 10:30:00,17507.9,17511.5,17507.6,17509.5,411,120193
2024-01-22 10:31:00,17509.5,17510.4,17505.6,17508.1,645,119784
2024-01-22 10:32:00,17508.1,17511.5,17506.0,17510.9,688,120265
2024-01-22 10:33:00,17510.9,17516.2,17510.3,17513.9,719,120050
2024-01-22 10:34:00,17513.9,17517.0,17513.0,17514.5,1214,119317
2024-01-22 10:35:00,17514.5,17516.5,17514.0,17516.1,857,118880
2024-01-22 10:36:00,17516.1,17518.0,17512.3,17515.2,1441,120332
2024-01-22 10:37:00,17515.2,17515.7,17512.4,17515.0,1124,120311
2024-01-22 10:38:00,17515.0,17517.6,17511.0,17515.0,1162,119985
2024-01-22 10:39:00,17515.0,17516.8,17512.8,17515.7,1137,119355
2024-01-22 10:40:00,17515.7,17517.2,17509.0,17510.0,1722,120002
2024-01-22 10:41:00,17510.0,17513.6,17507.0,17510.3,1470,120413
2024-01-22 10:42:00,17510.3,17517.8,17506.5,17515.2,1525,119572
2024-01-22 10:43:00,17515.2,17517.6,17514.6,17517.0,1015,120964
2024-01-22 10:44:00,17517.0,17520.0,17515.0,17516.4,1434,118856
2024-01-22 10:45:00,17516.4,17518.1,17515.8,17516.4,1302,119528
2024-01-22 10:46:00,17516.4,17516.4,17513.3,17514.8,1251,119951
2024-01-22 10:47:00,17514.8,17517.3,17514.0,17515.0,1024,120749
2024-01-22 10:48:00,17515.0,17516.2,17509.2,17511.3,1637,119676
2024-01-22 10:49:00,17511.3,17515.1,17509.8,17514.1,1659,120867
2024-01-22 10:50:00,17514.1,17517.0,17513.7,17515.8,903,119587
2024-01-22 10:51:00,17515.8,17518.7,17512.8,17516.3,1410,120585
2024-01-22 10:52:00,17516.3,17530.6,17512.9,17526.9,1355,120479
2024-01-22 10:53:00,17526.9,17529.1,17518.9,17521.3,576,120369
2024-01-22 10:54:00,17521.3,17521.7,17517.8,17520.4,920,119875
2024-01-22 10:55:00,17520.4,17530.2,17520.3,17528.2,1548,120791
2024-01-22 10:56:00,17528.2,17528.7,17525.8,17527.6,1060,120672
2024-01-22 10:57:00,17527.6,17530.9,17525.3,17528.6,1403,120722
2024-01-22 10:58:00,17528.6,17534.8,17526.1,17534.5,873,119430
2024-01-22 10:59:00,17534.5,17537.2,17531.5,17535.2,992,119734
2024-01-22 11:00:00,17535.2,17538.4,17534.2,17536.9,1494,120124
2024-01-22 11:01:00,17536.9,17540.3,17536.5,17540.2,1263,120133
2024-01-22 11:02:00,17540.2,17545.1,17538.0,17541.9,1619,119818
2024-01-22 11:03:00,17541.9,17548.5,17541.6,17545.9,871,120007
2024-01-22 11:04:00,17545.9,17547.8,17544.1,17546.3,1332,120400
2024-01-22 11:05:00,17546.3,17549.1,17540.3,17541.1,1133,120125
2024-01-22 11:06:00,17541.1,17542.2,17536.9,17539.0,857,120350
2024-01-22 11:07:00,17539.0,17543.4,17536.7,17539.7,889,119499
2024-01-22 11:08:00,17539.7,17541.1,17538.1,17538.3,1252,120156
2024-01-22 11:09:00,17538.3,17542.0,17538.1,17541.2,1283,119261
2024-01-22 11:10:00,17541.2,17541.6,17534.2,17536.9,1401,120236
2024-01-22 11:11:00,17536.9,17537.8,17534.2,17536.4,1088,120178
2024-01-22 11:12:00,17536.4,17541.3,17536.3,17540.0,1321,119205
2024-01-22 11:13:00,17540.0,17540.9,17537.8,17539.2,915,119210
2024-01-22 11:14:00,17539.2,17542.7,17536.7,17537.1,1684,120389
2024-01-22 11:15:00,17537.1,17542.4,17531.9,17541.4,857,120350
2024-01-22 11:16:00,17541.4,17543.3,17537.9,17538.6,806,120263
2024-01-22 11:17:00,17538.6,17546.3,17538.0,17541.7,1445,120941
2024-01-22 11:18:00,17541.7,17542.8,17535.7,17536.6,1426,119383
2024-01-22 11:19:00,17536.6,17538.5,17531.5,17533.9,713,121021
2024-01-22 11:20:00,17533.9,17534.7,17526.4,17526.6,963,119582
2024-01-22 11:21:00,17526.6,17527.8,17525.0,17526.6,1123,120347
2024-01-22 11:22:00,17526.6,17529.2,17524.4,17524.7,1263,119747
2024-01-22 11:23:00,17524.7,17527.8,17522.3,17525.7,1363,120556
2024-01-22 11:24:00,17525.7,17526.4,17516.8,17521.7,897,120268
2024-01-22 11:25:00,17521.7,17522.9,17517.7,17520.1,1835,120204
2024-01-22 11:26:00,17520.1,17522.5,17518.2,17520.4,755,119844
2024-01-22 11:27:00,17520.4,17523.2,17514.6,17515.6,782,119706
2024-01-22 11:28:00,17515.6,17520.4,17515.3,17520.2,1190,120133
2024-01-22 11:29:00,17520.2,17520.7,17515.4,17516.6,411,119767
2024-01-22 11:30:00,17516.6,17521.5,17516.2,17519.8,1239,119671
2024-01-22 11:31:00,17519.8,17522.4,17519.6,17520.5,1621,120231
2024-01-22 11:32:00,17520.5,17525.8,17516.5,17524.8,1949,120053
2024-01-22 11:33:00,17524.8,17526.7,17516.7,17519.9,1358,120378
2024-01-22 11:34:00,17519.9,17520.1,17512.4,17516.3,1206,120735
2024-01-22 11:35:00,17516.3,17517.2,17514.3,17515.0,922,119580
2024-01-22 11:36:00,17515.0,17522.7,17514.4,17518.5,903,119695
2024-01-22 11:37:00,17518.5,17521.9,17514.0,17516.1,1133,119915
2024-01-22 11:38:00,17516.1,17517.6,17508.5,17510.5,1257,119526
2024-01-22 11:39:00,17510.5,17511.6,17505.5,17505.6,1455,119324
2024-01-22 11:40:00,17505.6,17505.9,17495.2,17497.8,1628,120133
2024-01-22 11:41:00,17497.8,17499.4,17496.1,17497.6,1532,120422
2024-01-22 11:42:00,17497.6,17502.3,17495.5,17500.3,1565,120047
2024-01-22 11:43:00,17500.3,17503.9,17497.5,17503.1,1558,119403
2024-01-22 11:44:00,17503.1,17504.5,17497.1,17500.1,1435,120558
2024-01-22 11:45:00,17500.1,17503.9,17499.4,17501.2,1639,119334
2024-01-22 11:46:00,17501.2,17514.0,17500.5,17509.0,1561,119153
2024-01-22 11:47:00,17509.0,17514.1,17507.8,17511.1,1357,119047
2024-01-22 11:48:00,17511.1,17514.5,17505.7,17507.2,1457,119489
2024-01-22 11:49:00,17507.2,17507.4,17501.1,17503.2,1533,119735
2024-01-22 11:50:00,17503.2,17505.2,17498.4,17500.6,996,119958
2024-01-22 11:51:00,17500.6,17501.0,17494.8,17496.4,1575,120132
2024-01-22 11:52:00,17496.4,17496.5,17492.3,17494.0,1254,119793
2024-01-22 11:53:00,17494.0,17502.0,17492.6,17497.7,1438,120172
2024-01-22 11:54:00,17497.7,17501.3,17497.5,17498.5,1385,118762
2024-01-22 11:55:00,17498.5,17506.8,17496.6,17504.7,750,120723
2024-01-22 11:56:00,17504.7,17504.9,17500.6,17503.4,1399,120394
2024-01-22 11:57:00,17503.4,17504.0,17500.5,17500.7,1461,119755
2024-01-22 11:58:00,17500.7,17507.6,17499.4,17507.0,1097,119610
2024-01-22 11:59:00,17507.0,17509.5,17506.4,17506.8,1120,121069
2024-01-22 12:00:00,17506.8,17513.5,17503.3,17513.2,1573,120879
2024-01-22 12:01:00,17513.2,17514.5,17510.8,17511.4,1474,120328
2024-01-22 12:02:00,17511.4,17514.5,17509.3,17512.2,785,119261
2024-01-22 12:03:00,17512.2,17520.9,17509.8,17518.8,1652,120927
2024-01-22 12:04:00,17518.8,17521.4,17516.1,17516.3,1655,120837
2024-01-22 12:05:00,17516.3,17516.5,17514.4,17514.9,1181,119914
2024-01-22 12:06:00,17514.9,17516.5,17506.0,17507.5,933,120358
2024-01-22 12:07:00,17507.5,17507.9,17506.7,17507.5,1599,119353
2024-01-22 12:08:00,17507.5,17511.2,17507.3,17510.4,928,119225
2024-01-22 12:09:00,17510.4,17512.6,17506.9,17507.3,1366,120400
2024-01-22 12:10:00,17507.3,17508.8,17504.3,17504.3,1486,120592
2024-01-22 12:11:00,17504.3,17510.6,17503.2,17508.3,903,119086
2024-01-22 12:12:00,17508.3,17508.6,17500.2,17502.6,1109,119519
2024-01-22 12:13:00,17502.6,17506.9,17498.4,17504.3,1396,119879
2024-01-22 12:14:00,17504.3,17506.1,17499.8,17502.5,1161,120985
2024-01-22 12:15:00,17502.5,17505.4,17497.9,17499.9,1226,120380
2024-01-22 12:16:00,17499.9,17500.3,17492.0,17494.5,1444,120138
2024-01-22 12:17:00,17494.5,17496.7,17492.2,17492.4,2288,120269
2024-01-22 12:18:00,17492.4,17494.1,17486.3,17487.7,1516,119129
2024-01-22 12:19:00,17487.7,17491.1,17476.9,17477.5,1469,120051
2024-01-22 12:20:00,17477.5,17483.0,17474.2,17482.3,1204,119358
2024-01-22 12:21:00,17482.3,17485.1,17477.6,17480.0,1769,120703
2024-01-22 12:22:00,17480.0,17481.1,17474.3,17476.7,1647,120515
2024-01-22 12:23:00,17476.7,17476.8,17476.4,17476.5,1797,119986
2024-01-22 12:24:00,17476.5,17479.7,17474.8,17478.9,672,120645
2024-01-22 12:25:00,17478.9,17486.1,17476.7,17484.0,1535,119947
2024-01-22 12:26:00,17484.0,17484.3,17482.0,17483.1,1178,119514
2024-01-22 12:27:00,17483.1,17484.9,17481.1,17484.5,990,120638
2024-01-22 12:28:00,17484.5,17492.6,17483.2,17490.4,1124,119735
2024-01-22 12:29:00,17490.4,17491.7,17487.3,17488.2,1477,120050
2024-01-22 12:30:00,17488.2,17492.4,17486.7,17488.4,1397,119625
2024-01-22 12:31:00,17488.4,17491.3,17487.7,17490.5,1499,119145
2024-01-22 12:32:00,17490.5,17494.4,17489.4,17493.1,1310,120128
2024-01-22 12:33:00,17493.1,17497.9,17491.3,17497.6,1542,119723
2024-01-22 12:34:00,17497.6,17498.7,17494.1,17495.2,1212,120311
2024-01-22 12:35:00,17495.2,17502.9,17492.3,17500.0,1395,119610
2024-01-22 12:36:00,17500.0,17502.7,17497.8,17502.4,886,120173
2024-01-22 12:37:00,17502.4,17505.6,17499.0,17499.5,1244,120156
2024-01-22 12:38:00,17499.5,17500.9,17494.2,17499.1,994,120209
2024-01-22 12:39:00,17499.1,17499.2,17488.7,17491.3,1112,120037
2024-01-22 12:40:00,17491.3,17494.2,17489.0,17493.4,1301,120020
2024-01-22 12:41:00,17493.4,17496.0,17491.5,17495.9,945,120568
2024-01-22 12:42:00,17495.9,17502.1,17494.9,17500.6,1844,120131
2024-01-22 12:43:00,17500.6,17502.0,17497.1,17501.8,950,120157
2024-01-22 12:44:00,17501.8,17502.7,17495.5,17499.2,1537,120083
2024-01-22 12:45:00,17499.2,17499.9,17497.9,17499.2,979,120014
2024-01-22 12:46:00,17499.2,17501.9,17498.1,17501.1,786,119824
2024-01-22 12:47:00,17501.1,17501.6,17498.7,17501.1,1423,119953
2024-01-22 12:48:00,17501.1,17502.3,17500.5,17501.5,1360,120075
2024-01-22 12:49:00,17501.5,17507.9,17500.1,17505.5,1348,119970
2024-01-22 12:50:00,17505.5,17506.7,17504.9,17505.9,1324,119665
2024-01-22 12:51:00,17505.9,17506.6,17500.0,17501.6,1139,120481
2024-01-22 12:52:00,17501.6,17507.3,17501.5,17506.3,1283,120608
2024-01-22 12:53:00,17506.3,17507.1,17500.2,17501.4,1341,119819
2024-01-22 12:54:00,17501.4,17503.9,17501.4,17503.5,1252,120312
2024-01-22 12:55:00,17503.5,17508.7,17501.8,17503.9,1053,120187
2024-01-22 12:56:00,17503.9,17507.7,17498.6,17498.9,1268,119564
2024-01-22 12:57:00,17498.9,17506.4,17496.0,17504.7,1735,120499
2024-01-22 12:58:00,17504.7,17508.6,17503.0,17508.3,1359,119968
2024-01-22 12:59:00,17508.3,17514.4,17508.1,17514.0,1602,119946
2024-01-22 13:00:00,17514.0,17516.7,17513.9,17515.9,1135,120178
2024-01-22 13:01:00,17515.9,17523.3,17514.4,17517.3,1392,121367
2024-01-22 13:02:00,17517.3,17523.0,17515.4,17520.8,1385,119874
2024-01-22 13:03:00,17520.8,17522.3,17517.2,17519.5,1413,120056
2024-01-22 13:04:00,17519.5,17521.2,17519.0,17519.7,1500,120289
2024-01-22 13:05:00,17519.7,17521.7,17518.5,17521.2,716,120926
2024-01-22 13:06:00,17521.2,17522.9,17521.0,17521.7,1071,120254
2024-01-22 13:07:00,17521.7,17522.0,17517.6,17518.6,1181,120555
2024-01-22 13:08:00,17518.6,17522.1,17515.1,17516.7,1098,120391
2024-01-22 13:09:00,17516.7,17518.9,17516.6,17516.8,1245,120822
2024-01-22 13:10:00,17516.8,17519.4,17514.9,17516.2,1552,119286
2024-01-22 13:11:00,17516.2,17520.5,17513.4,17517.7,1320,120735
2024-01-22 13:12:00,17517.7,17518.6,17512.1,17513.0,1604,120057
2024-01-22 13:13:00,17513.0,17516.9,17511.3,17516.6,1429,120441
2024-01-22 13:14:00,17516.6,17520.3,17514.7,17519.9,1804,119906
2024-01-22 13:15:00,17519.9,17526.7,17519.1,17525.8,1442,119013
2024-01-22 13:16:00,17525.8,17526.0,17519.4,17520.9,1426,119909
2024-01-22 13:17:00,17520.9,17528.0,17519.8,17527.0,1570,119371
2024-01-22 13:18:00,17527.0,17534.3,17526.2,17530.9,579,120444
2024-01-22 13:19:00,17530.9,17531.4,17526.3,17529.3,1097,120545
2024-01-22 13:20:00,17529.3,17532.2,17524.7,17527.5,1578,120479
2024-01-22 13:21:00,17527.5,17530.1,17522.3,17524.4,1414,120277
2024-01-22 13:22:00,17524.4,17531.2,17520.9,17529.4,1739,120136
2024-01-22 13:23:00,17529.4,17531.9,17529.2,17530.7,883,120189
2024-01-22 13:24:00,17530.7,17540.6,17530.6,17538.6,922,120063
2024-01-22 13:25:00,17538.6,17542.9,17538.0,17541.3,962,119823
2024-01-22 13:26:00,17541.3,17542.6,17533.2,17536.6,1385,119512
2024-01-22 13:27:00,17536.6,17540.0,17534.5,17539.3,1033,119470
2024-01-22 13:28:00,17539.3,17542.8,17539.1,17539.4,1183,120816
2024-01-22 13:29:00,17539.4,17544.4,17537.3,17543.4,1813,120634
2024-01-22 13:30:00,17543.4,17543.5,17540.6,17541.0,1317,120896
2024-01-22 13:31:00,17541.0,17543.9,17540.7,17542.0,1122,120053
2024-01-22 13:32:00,17542.0,17542.3,17539.9,17542.1,1509,119491
2024-01-22 13:33:00,17542.1,17546.9,17541.1,17544.0,1145,119905
2024-01-22 13:34:00,17544.0,17546.6,17539.3,17543.5,1863,120499
2024-01-22 13:35:00,17543.5,17544.6,17539.8,17543.0,1366,119471
2024-01-22 13:36:00,17543.0,17547.6,17541.2,17545.0,876,120706
2024-01-22 13:37:00,17545.0,17547.4,17542.7,17544.8,1128,120422
2024-01-22 13:38:00,17544.8,17547.4,17543.9,17546.7,1403,120900
2024-01-22 13:39:00,17546.7,17550.4,17541.5,17543.8,1600,120035
2024-01-22 13:40:00,17543.8,17544.8,17536.8,17540.1,480,120552
2024-01-22 13:41:00,17540.1,17543.8,17538.2,17543.3,1212,120535
2024-01-22 13:42:00,17543.3,17544.8,17539.5,17540.5,1027,120273
2024-01-22 13:43:00,17540.5,17541.8,17536.5,17538.9,2033,120256
2024-01-22 13:44:00,17538.9,17542.6,17538.8,17541.4,1229,119352
2024-01-22 13:45:00,17541.4,17546.1,17540.8,17544.6,863,119568
2024-01-23 08:45:00,17554.0,17555.5,17552.4,17555.3,860,120110
2024-01-23 08:46:00,17555.3,17560.3,17554.4,17557.8,1738,119775
2024-01-23 08:47:00,17557.8,17560.3,17556.7,17557.5,1368,119624
2024-01-23 08:48:00,17557.5,17562.4,17554.7,17556.3,1037,120040
2024-01-23 08:49:00,17556.3,17557.6,17553.8,17557.6,1334,120043
2024-01-23 08:50:00,17557.6,17560.5,17554.1,17556.6,1063,120021
2024-01-23 08:51:00,17556.6,17558.2,17551.5,17555.5,1648,120936
2024-01-23 08:52:00,17555.5,17560.2,17552.6,17558.1,902,120454
2024-01-23 08:53:00,17558.1,17558.6,17556.4,17556.5,1898,119775
2024-01-23 08:54:00,17556.5,17557.4,17551.4,17554.4,1888,120047
2024-01-23 08:55:00,17554.4,17558.1,17548.9,17551.7,1224,120368
2024-01-23 08:56:00,17551.7,17553.0,17551.4,17552.4,1407,120528
2024-01-23 08:57:00,17552.4,17554.8,17552.3,17553.9,1659,119021
2024-01-23 08:58:00,17553.9,17563.0,17553.3,17560.3,1382,120052
2024-01-23 08:59:00,17560.3,17560.6,17557.9,17558.8,1097,120009
2024-01-23 09:00:00,17558.8,17564.7,17557.3,17562.4,1171,120052
2024-01-23 09:01:00,17562.4,17565.2,17558.6,17561.9,1286,119959
2024-01-23 09:02:00,17561.9,17566.5,17561.6,17566.0,1178,120223
2024-01-23 09:03:00,17566.0,17570.9,17565.2,17567.0,1250,120258
2024-01-23 09:04:00,17567.0,17567.3,17561.3,17561.7,893,120558
2024-01-23 09:05:00,17561.7,17564.0,17560.8,17560.9,1212,120508
2024-01-23 09:06:00,17560.9,17561.8,17558.7,17558.9,1181,120511
2024-01-23 09:07:00,17558.9,17559.6,17556.2,17556.8,1452,119977
2024-01-23 09:08:00,17556.8,17557.6,17554.3,17554.3,1472,119406
2024-01-23 09:09:00,17554.3,17561.4,17553.6,17560.1,1484,119831
2024-01-23 09:10:00,17560.1,17565.5,17557.4,17564.6,1479,119609
2024-01-23 09:11:00,17564.6,17567.0,17562.8,17566.9,1431,120383
2024-01-23 09:12:00,17566.9,17569.5,17566.6,17567.1,1409,120305
2024-01-23 09:13:00,17567.1,17573.3,17566.8,17569.7,1608,119774
2024-01-23 09:14:00,17569.7,17570.5,17564.0,17564.4,1661,120444
2024-01-23 09:15:00,17564.4,17566.3,17561.0,17562.4,1702,119923
2024-01-23 09:16:00,17562.4,17563.3,17557.6,17563.3,1864,119861
2024-01-23 09:17:00,17563.3,17567.8,17558.8,17560.2,1477,119829
2024-01-23 09:18:00,17560.2,17562.0,17554.6,17557.5,916,120286
2024-01-23 09:19:00,17557.5,17563.1,17556.9,17562.1,881,120478
2024-01-23 09:20:00,17562.1,17563.5,17559.7,17559.9,1909,119270
2024-01-23 09:21:00,17559.9,17564.1,17557.9,17560.7,1163,119670
2024-01-23 09:22:00,17560.7,17561.0,17559.7,17560.9,974,120502
2024-01-23 09:23:00,17560.9,17561.1,17559.3,17559.9,1200,119483
2024-01-23 09:24:00,17559.9,17566.2,17557.0,17562.4,1309,120196
2024-01-23 09:25:00,17562.4,17564.8,17557.4,17559.1,1840,119933
2024-01-23 09:26:00,17559.1,17561.3,17557.7,17560.6,1562,120289
2024-01-23 09:27:00,17560.6,17565.7,17559.4,17564.2,1347,119714
2024-01-23 09:28:00,17564.2,17567.3,17563.2,17564.8,1646,119868
2024-01-23 09:29:00,17564.8,17573.0,17564.1,17569.0,1021,119923
2024-01-23 09:30:00,17569.0,17570.7,17563.8,17565.3,1347,120809
2024-01-23 09:31:00,17565.3,17567.1,17562.6,17566.8,1516,120321
2024-01-23 09:32:00,17566.8,17570.9,17565.1,17567.8,1191,120962
2024-01-23 09:33:00,17567.8,17569.3,17566.5,17569.1,2004,119754
2024-01-23 09:34:00,17569.1,17571.5,17567.4,17571.0,985,120054
2024-01-23 09:35:00,17571.0,17572.5,17570.1,17570.8,850,119098
2024-01-23 09:36:00,17570.8,17572.6,17565.5,17568.2,1250,119638
2024-01-23 09:37:00,17568.2,17570.5,17566.4,17568.8,1339,119911
2024-01-23 09:38:00,17568.8,17571.5,17564.6,17567.3,1046,119797
2024-01-23 09:39:00,17567.3,17573.0,17564.6,17569.9,1656,120603
2024-01-23 09:40:00,17569.9,17570.9,17569.0,17570.0,1094,119157
2024-01-23 09:41:00,17570.0,17571.0,17563.8,17567.9,1356,120098
2024-01-23 09:42:00,17567.9,17572.7,17565.3,17571.4,1159,120350
2024-01-23 09:43:00,17571.4,17575.0,17566.8,17571.8,860,119713
2024-01-23 09:44:00,17571.8,17584.2,17569.2,17583.1,1387,120210
2024-01-23 09:45:00,17583.1,17585.0,17580.2,17584.4,1226,119213
2024-01-23 09:46:00,17584.4,17588.9,17584.2,17584.4,1777,119931
2024-01-23 09:47:00,17584.4,17585.4,17581.7,17584.1,1942,119709
2024-01-23 09:48:00,17584.1,17587.7,17582.9,17585.1,1781,119612
2024-01-23 09:49:00,17585.1,17588.0,17582.8,17584.3,1505,119413
2024-01-23 09:50:00,17584.3,17585.5,17579.1,17579.8,1037,120390
2024-01-23 09:51:00,17579.8,17584.1,17579.7,17583.7,1386,120064
2024-01-23 09:52:00,17583.7,17585.7,17581.5,17581.8,1801,119269
2024-01-23 09:53:00,17581.8,17588.7,17580.9,17587.2,1175,120076
2024-01-23 09:54:00,17587.2,17591.0,17584.8,17588.1,1468,119739
2024-01-23 09:55:00,17588.1,17588.1,17587.0,17587.4,1235,120560
2024-01-23 09:56:00,17587.4,17589.1,17581.1,17583.6,850,119879
2024-01-23 09:57:00,17583.6,17586.8,17581.2,17586.4,1523,119761
2024-01-23 09:58:00,17586.4,17586.9,17586.2,17586.7,1487,119959
2024-01-23 09:59:00,17586.7,17587.5,17577.7,17579.2,1376,120003
2024-01-23 10:00:00,17579.2,17585.6,17578.1,17584.0,1747,119347
2024-01-23 10:01:00,17584.0,17591.8,17583.5,17591.0,1045,119906
2024-01-23 10:02:00,17591.0,17596.0,17587.5,17589.3,1171,120324
2024-01-23 10:03:00,17589.3,17590.2,17584.6,17585.4,1468,120471
2024-01-23 10:04:00,17585.4,17589.2,17585.2,17585.8,1464,120208
2024-01-23 10:05:00,17585.8,17586.1,17579.6,17580.8,1321,120204
2024-01-23 10:06:00,17580.8,17584.3,17574.5,17575.7,1527,120096
2024-01-23 10:07:00,17575.7,17577.2,17573.3,17575.9,792,120679
2024-01-23 10:08:00,17575.9,17578.5,17573.4,17574.2,1348,119917
2024-01-23 10:09:00,17574.2,17576.8,17573.4,17576.2,1201,120484
2024-01-23 10:10:00,17576.2,17577.1,17568.8,17570.4,1141,120018
2024-01-23 10:11:00,17570.4,17574.8,17568.9,17572.6,395,120240
2024-01-23 10:12:00,17572.6,17575.1,17571.2,17575.0,1500,120340
2024-01-23 10:13:00,17575.0,17576.9,17572.8,17575.5,1045,119999
2024-01-23 10:14:00,17575.5,17580.4,17574.4,17576.8,1308,119350
2024-01-23 10:15:00,17576.8,17581.8,17576.0,17579.3,1171,119730
2024-01-23 10:16:00,17579.3,17580.9,17573.6,17576.4,1332,120720
2024-01-23 10:17:00,17576.4,17577.5,17573.9,17576.4,1225,120191
2024-01-23 10:18:00,17576.4,17583.5,17574.1,17580.5,1634,119888
2024-01-23 10:19:00,17580.5,17586.4,17580.3,17584.5,1553,119918
2024-01-23 10:20:00,17584.5,17587.1,17580.7,17583.8,855,120059
2024-01-23 10:21:00,17583.8,17587.3,17580.7,17586.7,1461,119961
2024-01-23 10:22:00,17586.7,17592.7,17585.4,17587.6,1025,120534
2024-01-23 10:23:00,17587.6,17589.2,17584.6,17585.4,1179,120788
2024-01-23 10:24:00,17585.4,17589.2,17585.2,17587.4,1152,119761
2024-01-23 10:25:00,17587.4,17593.9,17584.8,17593.0,1874,119412
2024-01-23 10:26:00,17593.0,17597.8,17586.6,17588.5,1437,119843
2024-01-23 10:27:00,17588.5,17590.0,17586.4,17589.0,1548,119684
2024-01-23 10:28:00,17589.0,17595.8,17588.5,17593.3,1407,119864
2024-01-23 10:29:00,17593.3,17595.3,17589.8,17590.4,1728,120359
2024-01-23 10:30:00,17590.4,17592.5,17589.5,17592.1,1362,119376
2024-01-23 10:31:00,17592.1,17593.1,17591.9,17592.7,1064,119586
2024-01-23 10:32:00,17592.7,17593.5,17589.0,17589.9,1450,119379
2024-01-23 10:33:00,17589.9,17590.9,17589.5,17590.3,1658,120704
2024-01-23 10:34:00,17590.3,17590.4,17585.3,17587.4,1275,120177
2024-01-23 10:35:00,17587.4,17587.7,17585.5,17586.6,1276,120096
2024-01-23 10:36:00,17586.6,17592.9,17584.9,17592.3,1378,120544
2024-01-23 10:37:00,17592.3,17596.6,17588.8,17589.9,1433,120299
2024-01-23 10:38:00,17589.9,17591.1,17589.0,17589.1,1575,119679
2024-01-23 10:39:00,17589.1,17591.1,17583.7,17585.6,1539,120408
2024-01-23 10:40:00,17585.6,17591.7,17583.3,17591.0,1565,120226
2024-01-23 10:41:00,17591.0,17598.3,17589.7,17596.1,1502,119692
2024-01-23 10:42:00,17596.1,17599.5,17595.2,17597.1,1334,119843
2024-01-23 10:43:00,17597.1,17605.5,17593.8,17604.1,1463,120452
2024-01-23 10:44:00,17604.1,17606.2,17600.4,17603.1,841,120331
2024-01-23 10:45:00,17603.1,17603.9,17598.5,17600.7,1561,119982
2024-01-23 10:46:00,17600.7,17604.9,17593.7,17595.6,1112,120378
2024-01-23 10:47:00,17595.6,17597.0,17588.1,17591.1,675,119098
2024-01-23 10:48:00,17591.1,17593.3,17590.3,17590.9,1604,120468
2024-01-23 10:49:00,17590.9,17599.2,17589.4,17596.4,1330,119908
2024-01-23 10:50:00,17596.4,17597.0,17592.8,17594.8,1311,120444
2024-01-23 10:51:00,17594.8,17599.3,17592.6,17598.1,1227,120208
2024-01-23 10:52:00,17598.1,17599.2,17597.2,17598.6,1373,119508
2024-01-23 10:53:00,17598.6,17602.5,17598.5,17599.8,1330,120435
2024-01-23 10:54:00,17599.8,17603.8,17599.5,17603.5,1072,120719
2024-01-23 10:55:00,17603.5,17605.9,17597.5,17598.6,1109,120955
2024-01-23 10:56:00,17598.6,17602.2,17593.1,17594.5,1785,119845
2024-01-23 10:57:00,17594.5,17602.2,17593.3,17598.4,1726,119691
2024-01-23 10:58:00,17598.4,17598.6,17593.8,17598.4,872,119905
2024-01-23 10:59:00,17598.4,17599.7,17593.2,17594.5,1463,119687
2024-01-23 11:00:00,17594.5,17596.3,17591.5,17592.3,1716,119782
2024-01-23 11:01:00,17592.3,17595.2,17591.2,17592.0,2121,119524
2024-01-23 11:02:00,17592.0,17594.8,17589.0,17593.7,1465,120094
2024-01-23 11:03:00,17593.7,17597.5,17592.4,17594.7,1105,120726
2024-01-23 11:04:00,17594.7,17595.9,17591.8,17591.9,1254,120229
2024-01-23 11:05:00,17591.9,17598.4,17588.4,17596.5,1414,119112
2024-01-23 11:06:00,17596.5,17596.6,17595.2,17596.2,1367,120077
2024-01-23 11:07:00,17596.2,17597.9,17590.8,17594.3,1671,119496
2024-01-23 11:08:00,17594.3,17594.6,17590.0,17590.2,1595,119974
2024-01-23 11:09:00,17590.2,17600.5,17589.8,17599.2,1305,119475
2024-01-23 11:10:00,17599.2,17600.0,17591.4,17594.9,1376,120690
2024-01-23 11:11:00,17594.9,17605.2,17594.4,17603.2,1229,119296
2024-01-23 11:12:00,17603.2,17605.0,17600.4,17602.1,955,119977
2024-01-23 11:13:00,17602.1,17613.1,17599.5,17609.9,1246,119935
2024-01-23 11:14:00,17609.9,17618.1,17609.3,17617.7,1767,120951
2024-01-23 11:15:00,17617.7,17621.6,17615.5,17619.9,1311,119779
2024-01-23 11:16:00,17619.9,17620.5,17614.9,17617.7,1434,120016
2024-01-23 11:17:00,17617.7,17619.1,17616.5,17617.6,1035,120357
2024-01-23 11:18:00,17617.6,17621.0,17616.5,17618.6,861,120953
2024-01-23 11:19:00,17618.6,17621.7,17616.2,17621.2,872,119957
2024-01-23 11:20:00,17621.2,17621.8,17621.1,17621.1,1412,119920
2024-01-23 11:21:00,17621.1,17625.7,17620.3,17623.8,1514,119717
2024-01-23 11:22:00,17623.8,17627.3,17620.3,17621.3,1696,120479
2024-01-23 11:23:00,17621.3,17624.2,17619.6,17623.8,1148,120537
2024-01-23 11:24:00,17623.8,17628.1,17619.3,17625.4,1351,119565
2024-01-23 11:25:00,17625.4,17625.6,17624.2,17625.1,1477,119539
2024-01-23 11:26:00,17625.1,17626.0,17624.5,17625.0,1263,120675
2024-01-23 11:27:00,17625.0,17626.1,17619.3,17621.0,937,119523
2024-01-23 11:28:00,17621.0,17622.1,17618.9,17619.6,993,120471
2024-01-23 11:29:00,17619.6,17626.5,17616.0,17622.2,987,119942
2024-01-23 11:30:00,17622.2,17627.4,17621.3,17626.1,1037,119494
2024-01-23 11:31:00,17626.1,17633.5,17625.7,17630.6,1359,120155
2024-01-23 11:32:00,17630.6,17636.7,17629.4,17634.4,1097,120337
2024-01-23 11:33:00,17634.4,17635.1,17632.3,17634.1,912,119837
2024-01-23 11:34:00,17634.1,17635.1,17629.6,17630.8,1533,119755
2024-01-23 11:35:00,17630.8,17632.8,17627.8,17632.7,1345,119408
2024-01-23 11:36:00,17632.7,17634.6,17631.5,17632.0,1187,120643
2024-01-23 11:37:00,17632.0,17632.3,17628.5,17629.0,1143,119434
2024-01-23 11:38:00,17629.0,17631.1,17626.0,17628.6,1178,120239
2024-01-23 11:39:00,17628.6,17634.8,17628.3,17634.8,1365,119556
2024-01-23 11:40:00,17634.8,17641.5,17633.3,17638.4,1752,119420
2024-01-23 11:41:00,17638.4,17641.2,17637.1,17640.3,1561,120203
2024-01-23 11:42:00,17640.3,17641.0,17638.4,17640.2,1853,119709
2024-01-23 11:43:00,17640.2,17643.5,17639.3,17642.3,1411,119470
2024-01-23 11:44:00,17642.3,17649.3,17639.8,17645.2,1215,118974
2024-01-23 11:45:00,17645.2,17648.0,17642.8,17646.4,1320,119645
2024-01-23 11:46:00,17646.4,17653.8,17643.1,17650.9,1135,118897
2024-01-23 11:47:00,17650.9,17653.4,17650.6,17652.4,1556,119593
2024-01-23 11:48:00,17652.4,17654.4,17652.1,17653.6,866,120292
2024-01-23 11:49:00,17653.6,17653.7,17651.8,17652.5,1183,120073
2024-01-23 11:50:00,17652.5,17660.0,17652.2,17658.4,1062,120260
2024-01-23 11:51:00,17658.4,17667.5,17658.1,17663.3,1570,119897
2024-01-23 11:52:00,17663.3,17666.6,17658.8,17659.6,995,119173
2024-01-23 11:53:00,17659.6,17662.5,17656.6,17660.7,1875,119333
2024-01-23 11:54:00,17660.7,17663.1,17656.8,17658.7,1346,119866
2024-01-23 11:55:00,17658.7,17659.0,17653.1,17655.1,1058,120116
2024-01-23 11:56:00,17655.1,17657.1,17647.9,17650.7,1709,120295
2024-01-23 11:57:00,17650.7,17659.2,17650.4,17656.4,1180,120220
2024-01-23 11:58:00,17656.4,17659.1,17654.5,17657.7,1643,119803
2024-01-23 11:59:00,17657.7,17658.2,17651.9,17654.6,1483,119915
2024-01-23 12:00:00,17654.6,17659.3,17654.5,17657.1,1076,119941
2024-01-23 12:01:00,17657.1,17660.1,17656.2,17656.7,1078,120050
2024-01-23 12:02:00,17656.7,17658.6,17653.8,17658.3,1319,120822
2024-01-23 12:03:00,17658.3,17664.9,17655.4,17663.3,1393,120107
2024-01-23 12:04:00,17663.3,17667.6,17660.9,17661.4,1336,120495
2024-01-23 12:05:00,17661.4,17665.0,17660.2,17662.1,1019,119156
2024-01-23 12:06:00,17662.1,17667.5,17659.2,17666.1,791,120126
2024-01-23 12:07:00,17666.1,17672.2,17665.9,17669.0,900,120824
2024-01-23 12:08:00,17669.0,17669.6,17665.6,17667.7,1154,120320
2024-01-23 12:09:00,17667.7,17669.3,17663.4,17669.1,990,119982
2024-01-23 12:10:00,17669.1,17672.0,17663.9,17664.5,1099,120570
2024-01-23 12:11:00,17664.5,17675.9,17661.0,17670.5,1136,120008
2024-01-23 12:12:00,17670.5,17672.2,17667.0,17668.4,1588,119769
2024-01-23 12:13:00,17668.4,17672.9,17664.3,17672.5,2030,119134
2024-01-23 12:14:00,17672.5,17672.5,17667.0,17670.7,1308,119696
2024-01-23 12:15:00,17670.7,17670.9,17665.0,17665.4,1225,120100
2024-01-23 12:16:00,17665.4,17668.5,17663.0,17663.4,1044,119457
2024-01-23 12:17:00,17663.4,17664.1,17659.9,17661.0,1682,120802
2024-01-23 12:18:00,17661.0,17662.7,17656.4,17656.9,688,119889
2024-01-23 12:19:00,17656.9,17657.3,17650.5,17654.7,1669,119093
2024-01-23 12:20:00,17654.7,17656.9,17650.0,17650.7,1125,121086
2024-01-23 12:21:00,17650.7,17651.8,17650.5,17651.3,1826,120299
2024-01-23 12:22:00,17651.3,17651.7,17649.3,17650.2,1351,121187
2024-01-23 12:23:00,17650.2,17651.9,17648.2,17650.4,1652,120170
2024-01-23 12:24:00,17650.4,17653.0,17649.9,17652.9,1069,119474
2024-01-23 12:25:00,17652.9,17660.1,17652.1,17659.1,1128,119363
2024-01-23 12:26:00,17659.1,17664.6,17658.3,17660.1,890,119813
2024-01-23 12:27:00,17660.1,17661.1,17658.1,17660.8,879,119848
2024-01-23 12:28:00,17660.8,17661.1,17653.8,17654.5,1425,119599
2024-01-23 12:29:00,17654.5,17657.8,17646.6,17651.3,1317,119576
2024-01-23 12:30:00,17651.3,17652.1,17646.0,17646.1,1631,120461
2024-01-23 12:31:00,17646.1,17646.3,17645.3,17646.1,1796,118453
2024-01-23 12:32:00,17646.1,17649.7,17644.8,17649.3,1237,120069
2024-01-23 12:33:00,17649.3,17650.7,17645.1,17646.7,1669,119709
2024-01-23 12:34:00,17646.7,17647.8,17642.9,17644.6,1594,120826
2024-01-23 12:35:00,17644.6,17645.9,17642.5,17644.1,1418,121811
2024-01-23 12:36:00,17644.1,17646.0,17640.6,17643.8,1387,119521
2024-01-23 12:37:00,17643.8,17650.0,17643.3,17646.0,958,119967
2024-01-23 12:38:00,17646.0,17648.0,17642.5,17647.3,1194,120237
2024-01-23 12:39:00,17647.3,17657.3,17646.3,17655.1,1156,119595
2024-01-23 12:40:00,17655.1,17661.0,17652.6,17659.5,939,120599
2024-01-23 12:41:00,17659.5,17666.8,17658.4,17666.2,1014,120242
2024-01-23 12:42:00,17666.2,17666.5,17657.8,17660.9,1332,120244
2024-01-23 12:43:00,17660.9,17667.3,17659.8,17665.6,1374,119722
2024-01-23 12:44:00,17665.6,17666.5,17659.4,17660.8,875,120018
2024-01-23 12:45:00,17660.8,17661.5,17658.2,17660.8,1439,119397
2024-01-23 12:46:00,17660.8,17664.3,17659.2,17663.2,1061,120254
2024-01-23 12:47:00,17663.2,17667.6,17661.8,17665.8,1191,120604
2024-01-23 12:48:00,17665.8,17669.8,17663.4,17667.5,1207,119535
2024-01-23 12:49:00,17667.5,17678.9,17665.1,17674.7,1168,120833
2024-01-23 12:50:00,17674.7,17684.4,17673.0,17681.3,1523,119434
2024-01-23 12:51:00,17681.3,17682.3,17678.7,17679.0,1876,119735
2024-01-23 12:52:00,17679.0,17682.6,17677.0,17681.2,1503,120215
2024-01-23 12:53:00,17681.2,17684.5,17680.9,17682.0,1890,120248
2024-01-23 12:54:00,17682.0,17682.5,17681.1,17681.4,1112,119903
2024-01-23 12:55:00,17681.4,17688.8,17677.0,17686.8,716,119606
2024-01-23 12:56:00,17686.8,17688.6,17683.1,17684.5,1367,120274
2024-01-23 12:57:00,17684.5,17685.0,17683.5,17684.7,1279,119717
2024-01-23 12:58:00,17684.7,17685.2,17680.1,17683.9,1274,120390
2024-01-23 12:59:00,17683.9,17689.2,17681.6,17684.5,949,120416
2024-01-23 13:00:00,17684.5,17689.9,17676.0,17678.0,1798,119711
2024-01-23 13:01:00,17678.0,17681.2,17676.3,17679.4,832,120692
2024-01-23 13:02:00,17679.4,17688.4,17679.1,17688.0,1254,120255
2024-01-23 13:03:00,17688.0,17690.9,17686.2,17690.0,1259,119734
2024-01-23 13:04:00,17690.0,17692.5,17687.2,17688.7,1555,120187
2024-01-23 13:05:00,17688.7,17691.7,17683.7,17683.9,1011,120920
2024-01-23 13:06:00,17683.9,17687.2,17681.4,17681.5,1044,121201
2024-01-23 13:07:00,17681.5,17682.9,17677.1,17678.6,1359,119423
2024-01-23 13:08:00,17678.6,17682.4,17675.7,17681.8,997,119724
2024-01-23 13:09:00,17681.8,17685.4,17681.3,17684.1,1246,120161
2024-01-23 13:10:00,17684.1,17685.5,17679.0,17681.4,1187,120206
2024-01-23 13:11:00,17681.4,17682.3,17677.5,17678.5,1296,119605
2024-01-23 13:12:00,17678.5,17681.0,17678.4,17679.4,1084,120433
2024-01-23 13:13:00,17679.4,17681.4,17677.6,17678.2,1466,120438
2024-01-23 13:14:00,17678.2,17678.3,17673.1,17674.5,1459,119888
2024-01-23 13:15:00,17674.5,17678.7,17671.6,17676.3,939,120103
2024-01-23 13:16:00,17676.3,17680.6,17675.2,17680.5,1158,120105
2024-01-23 13:17:00,17680.5,17680.9,17672.7,17675.5,1411,120921
2024-01-23 13:18:00,17675.5,17677.0,17673.3,17675.4,1250,119628
2024-01-23 13:19:00,17675.4,17677.3,17673.2,17673.6,1343,119119
2024-01-23 13:20:00,17673.6,17674.3,17672.6,17673.1,1297,120180
2024-01-23 13:21:00,17673.1,17678.7,17672.4,17675.6,1631,120028
2024-01-23 13:22:00,17675.6,17680.0,17673.9,17674.1,794,119295
2024-01-23 13:23:00,17674.1,17678.3,17670.4,17671.9,1134,120017
2024-01-23 13:24:00,17671.9,17675.2,17668.9,17674.9,791,119341
2024-01-23 13:25:00,17674.9,17677.4,17666.8,17666.9,1608,120093
2024-01-23 13:26:00,17666.9,17672.3,17660.8,17661.2,1353,120519
2024-01-23 13:27:00,17661.2,17671.5,17661.1,17665.3,1489,120046
2024-01-23 13:28:00,17665.3,17665.9,17660.2,17662.5,1819,120357
2024-01-23 13:29:00,17662.5,17665.7,17659.4,17665.5,1197,119678
2024-01-23 13:30:00,17665.5,17668.4,17663.3,17666.1,907,120338
2024-01-23 13:31:00,17666.1,17672.1,17665.2,17671.9,1574,120569
2024-01-23 13:32:00,17671.9,17672.7,17668.0,17669.4,1077,120221
2024-01-23 13:33:00,17669.4,17673.2,17666.9,17673.0,1458,119587
2024-01-23 13:34:00,17673.0,17677.8,17672.5,17675.1,1362,119767
2024-01-23 13:35:00,17675.1,17678.1,17672.1,17677.0,1153,120336
2024-01-23 13:36:00,17677.0,17680.0,17676.8,17679.6,477,120277
2024-01-23 13:37:00,17679.6,17681.5,17671.5,17673.4,1245,120180
2024-01-23 13:38:00,17673.4,17677.3,17668.3,17669.4,1534,120012
2024-01-23 13:39:00,17669.4,17669.8,17666.7,17666.9,1315,119731
2024-01-23 13:40:00,17666.9,17673.1,17665.7,17669.5,1401,119538
2024-01-23 13:41:00,17669.5,17671.8,17669.5,17670.7,1524,120226
2024-01-23 13:42:00,17670.7,17671.5,17661.2,17661.8,800,119984
2024-01-23 13:43:00,17661.8,17661.9,17655.0,17655.9,1301,119879
2024-01-23 13:44:00,17655.9,17656.9,17653.0,17655.8,1233,119934
2024-01-23 13:45:00,17655.8,17656.7,17655.4,17656.2,1186,119909
2024-01-24 08:45:00,17661.7,17662.1,17658.0,17659.5,1100,119693
2024-01-24 08:46:00,17659.5,17666.1,17657.8,17664.6,1206,120438
2024-01-24 08:47:00,17664.6,17667.3,17662.9,17665.3,1646,120724
2024-01-24 08:48:00,17665.3,17671.6,17664.0,17670.0,1405,120402
2024-01-24 08:49:00,17670.0,17671.3,17661.5,17661.9,1411,119080
2024-01-24 08:50:00,17661.9,17662.4,17655.9,17657.6,1231,119346
2024-01-24 08:51:00,17657.6,17666.0,17655.1,17664.4,1569,120168
2024-01-24 08:52:00,17664.4,17667.6,17661.7,17665.8,1742,120190
2024-01-24 08:53:00,17665.8,17667.7,17664.9,17667.5,1288,120564
2024-01-24 08:54:00,17667.5,17670.1,17664.8,17667.9,1385,120732
2024-01-24 08:55:00,17667.9,17670.2,17667.5,17670.1,1249,120377
2024-01-24 08:56:00,17670.1,17674.9,17669.3,17673.5,882,120008
2024-01-24 08:57:00,17673.5,17683.8,17670.3,17680.7,1372,120070
2024-01-24 08:58:00,17680.7,17681.7,17677.2,17679.5,1259,120526
2024-01-24 08:59:00,17679.5,17683.8,17677.7,17682.9,1239,119774
2024-01-24 09:00:00,17682.9,17684.9,17678.1,17681.1,1762,120880
2024-01-24 09:01:00,17681.1,17682.3,17678.8,17679.5,1376,120206
2024-01-24 09:02:00,17679.5,17680.9,17674.2,17674.8,1349,119639
2024-01-24 09:03:00,17674.8,17675.6,17673.9,17674.7,1112,119791
2024-01-24 09:04:00,17674.7,17675.0,17672.8,17673.4,1488,119159
2024-01-24 09:05:00,17673.4,17675.3,17673.1,17674.9,1535,120455
2024-01-24 09:06:00,17674.9,17675.0,17673.6,17674.8,1083,119425
2024-01-24 09:07:00,17674.8,17675.0,17670.1,17672.0,1375,120361
2024-01-24 09:08:00,17672.0,17672.3,17671.6,17671.8,1297,120079
2024-01-24 09:09:00,17671.8,17672.4,17667.1,17668.5,886,120024
2024-01-24 09:10:00,17668.5,17675.0,17667.8,17672.9,1557,120631
2024-01-24 09:11:00,17672.9,17676.7,17672.8,17674.5,1123,120222
2024-01-24 09:12:00,17674.5,17676.5,17671.9,17675.0,1008,120140
2024-01-24 09:13:00,17675.0,17679.5,17672.2,17678.4,1266,120180
2024-01-24 09:14:00,17678.4,17679.5,17677.3,17677.9,936,120162
2024-01-24 09:15:00,17677.9,17678.8,17675.4,17678.7,1424,120227
2024-01-24 09:16:00,17678.7,17685.3,17677.5,17684.3,1432,119836
2024-01-24 09:17:00,17684.3,17685.9,17683.2,17685.4,1602,120359
2024-01-24 09:18:00,17685.4,17686.0,17682.2,17682.3,1375,119685
2024-01-24 09:19:00,17682.3,17682.7,17677.4,17681.5,1128,119463
2024-01-24 09:20:00,17681.5,17684.3,17680.1,17680.7,1866,120050
2024-01-24 09:21:00,17680.7,17685.6,17680.0,17685.2,1617,119784
2024-01-24 09:22:00,17685.2,17687.3,17681.9,17685.3,1339,119642
2024-01-24 09:23:00,17685.3,17687.6,17683.5,17683.7,1362,120030
2024-01-24 09:24:00,17683.7,17686.6,17683.0,17685.5,788,121081
2024-01-24 09:25:00,17685.5,17687.6,17683.3,17683.9,1265,120473
2024-01-24 09:26:00,17683.9,17689.0,17682.1,17685.6,796,119864
2024-01-24 09:27:00,17685.6,17690.0,17685.0,17687.6,1426,120117
2024-01-24 09:28:00,17687.6,17692.0,17685.0,17688.8,926,119871
2024-01-24 09:29:00,17688.8,17693.1,17686.7,17691.3,1489,120390
2024-01-24 09:30:00,17691.3,17694.5,17686.1,17687.9,1106,119632
2024-01-24 09:31:00,17687.9,17690.8,17686.9,17687.9,1674,120560
2024-01-24 09:32:00,17687.9,17687.9,17682.9,17684.3,1545,119563
2024-01-24 09:33:00,17684.3,17685.6,17681.0,17682.5,1624,119003
2024-01-24 09:34:00,17682.5,17683.0,17678.3,17680.2,1345,120060
2024-01-24 09:35:00,17680.2,17685.5,17679.1,17681.7,1055,120057
2024-01-24 09:36:00,17681.7,17683.9,17679.8,17683.8,1652,120760
2024-01-24 09:37:00,17683.8,17684.3,17679.3,17681.2,1528,120176
2024-01-24 09:38:00,17681.2,17682.5,17677.2,17678.6,1307,120082
2024-01-24 09:39:00,17678.6,17681.8,17677.9,17681.5,797,120231
2024-01-24 09:40:00,17681.5,17682.6,17679.7,17680.6,1044,119898
2024-01-24 09:41:00,17680.6,17687.9,17677.0,17683.0,1283,119660
2024-01-24 09:42:00,17683.0,17686.1,17681.5,17685.4,1338,119759
2024-01-24 09:43:00,17685.4,17691.9,17684.3,17689.4,1861,119341
2024-01-24 09:44:00,17689.4,17692.8,17689.2,17690.3,1086,120614
2024-01-24 09:45:00,17690.3,17693.8,17690.1,17691.1,1107,119608
2024-01-24 09:46:00,17691.1,17695.9,17690.9,17692.1,908,120516
2024-01-24 09:47:00,17692.1,17700.5,17689.0,17699.9,1439,119921
2024-01-24 09:48:00,17699.9,17701.7,17695.8,17697.4,1395,120030
2024-01-24 09:49:00,17697.4,17699.2,17697.1,17698.7,1279,119240
2024-01-24 09:50:00,17698.7,17699.1,17696.4,17697.4,1347,120315
2024-01-24 09:51:00,17697.4,17701.2,17697.4,17700.8,982,119876
2024-01-24 09:52:00,17700.8,17703.8,17691.1,17691.7,1358,120210
2024-01-24 09:53:00,17691.7,17694.3,17688.0,17688.9,1420,119219
2024-01-24 09:54:00,17688.9,17692.0,17683.6,17685.2,1335,119473
2024-01-24 09:55:00,17685.2,17686.3,17681.6,17682.0,1396,119825
2024-01-24 09:56:00,17682.0,17685.1,17679.8,17684.0,878,120467
2024-01-24 09:57:00,17684.0,17684.2,17681.2,17683.7,1164,119950
2024-01-24 09:58:00,17683.7,17694.2,17681.6,17692.3,1443,119486
2024-01-24 09:59:00,17692.3,17695.3,17687.5,17688.4,1113,120207
2024-01-24 10:00:00,17688.4,17690.8,17686.1,17690.7,1525,120474
2024-01-24 10:01:00,17690.7,17692.9,17687.3,17690.3,1283,119163
2024-01-24 10:02:00,17690.3,17695.7,17689.2,17694.1,1167,120509
2024-01-24 10:03:00,17694.1,17697.3,17689.9,17691.9,1441,120950
2024-01-24 10:04:00,17691.9,17694.7,17690.2,17690.7,1235,118807
2024-01-24 10:05:00,17690.7,17691.0,17688.1,17689.1,1448,120897
2024-01-24 10:06:00,17689.1,17689.1,17684.1,17685.4,1307,119875
2024-01-24 10:07:00,17685.4,17688.1,17681.1,17683.4,1186,119512
2024-01-24 10:08:00,17683.4,17690.9,17681.0,17688.3,1492,119610
2024-01-24 10:09:00,17688.3,17692.0,17686.9,17687.8,1148,120630
2024-01-24 10:10:00,17687.8,17692.3,17686.8,17691.5,1541,119828
2024-01-24 10:11:00,17691.5,17696.3,17690.3,17695.6,1079,118982
2024-01-24 10:12:00,17695.6,17698.0,17693.4,17696.7,1070,120013
2024-01-24 10:13:00,17696.7,17698.3,17694.7,17694.9,1255,119323
2024-01-24 10:14:00,17694.9,17702.8,17694.1,17699.2,676,120715
2024-01-24 10:15:00,17699.2,17705.6,17698.1,17703.2,1282,119559
2024-01-24 10:16:00,17703.2,17704.6,17702.8,17704.1,454,120363
2024-01-24 10:17:00,17704.1,17706.2,17703.2,17703.3,1600,121056
2024-01-24 10:18:00,17703.3,17713.4,17702.7,17707.8,1005,120750
2024-01-24 10:19:00,17707.8,17711.1,17706.2,17709.0,1283,120385
2024-01-24 10:20:00,17709.0,17714.4,17707.4,17711.6,1211,120412
2024-01-24 10:21:00,17711.6,17714.0,17708.9,17713.5,1814,120046
2024-01-24 10:22:00,17713.5,17713.9,17709.1,17710.0,1068,120148
2024-01-24 10:23:00,17710.0,17712.7,17708.2,17709.8,1086,120970
2024-01-24 10:24:00,17709.8,17710.8,17703.3,17706.3,815,121422
2024-01-24 10:25:00,17706.3,17711.4,17703.7,17708.4,1202,119468
2024-01-24 10:26:00,17708.4,17711.5,17701.2,17703.5,1937,120465
2024-01-24 10:27:00,17703.5,17704.3,17701.8,17701.9,1509,121235
2024-01-24 10:28:00,17701.9,17702.7,17691.7,17693.8,1399,120374
2024-01-24 10:29:00,17693.8,17697.1,17692.2,17696.9,1972,120079
2024-01-24 10:30:00,17696.9,17699.6,17693.1,17695.1,911,120209
2024-01-24 10:31:00,17695.1,17698.2,17691.8,17694.6,1415,119694
2024-01-24 10:32:00,17694.6,17697.8,17693.5,17695.9,1199,120041
2024-01-24 10:33:00,17695.9,17699.7,17695.4,17698.9,882,119801
2024-01-24 10:34:00,17698.9,17700.4,17696.4,17697.9,2068,120276
2024-01-24 10:35:00,17697.9,17699.3,17693.3,17695.9,1433,120338
2024-01-24 10:36:00,17695.9,17701.1,17693.2,17698.0,1318,119568
2024-01-24 10:37:00,17698.0,17699.9,17697.5,17699.2,1122,119476
2024-01-24 10:38:00,17699.2,17703.9,17692.5,17693.9,1420,119502
2024-01-24 10:39:00,17693.9,17695.7,17689.5,17690.9,1432,120582
2024-01-24 10:40:00,17690.9,17695.0,17687.1,17688.9,1353,120130
2024-01-24 10:41:00,17688.9,17692.1,17682.1,17687.2,1131,119359
2024-01-24 10:42:00,17687.2,17687.4,17680.1,17680.7,1378,120709
2024-01-24 10:43:00,17680.7,17682.0,17677.0,17677.2,991,120463
2024-01-24 10:44:00,17677.2,17681.5,17676.6,17679.1,1294,120358
2024-01-24 10:45:00,17679.1,17680.6,17677.1,17678.4,689,119414
2024-01-24 10:46:00,17678.4,17679.0,17675.6,17676.5,1540,120056
2024-01-24 10:47:00,17676.5,17680.7,17676.1,17679.9,1811,120371
2024-01-24 10:48:00,17679.9,17681.7,17678.2,17680.4,789,120233
2024-01-24 10:49:00,17680.4,17680.9,17673.0,17674.5,1184,119791
2024-01-24 10:50:00,17674.5,17678.2,17673.0,17678.2,1745,119958
2024-01-24 10:51:00,17678.2,17681.5,17675.3,17680.4,1089,119912
2024-01-24 10:52:00,17680.4,17682.0,17677.2,17680.6,1814,119961
2024-01-24 10:53:00,17680.6,17681.9,17676.3,17677.2,1611,120123
2024-01-24 10:54:00,17677.2,17682.9,17676.5,17679.5,1502,119544
2024-01-24 10:55:00,17679.5,17680.3,17677.4,17678.2,1270,120089
2024-01-24 10:56:00,17678.2,17680.0,17676.5,17677.8,958,119223
2024-01-24 10:57:00,17677.8,17687.2,17675.5,17685.5,1800,119644
2024-01-24 10:58:00,17685.5,17690.5,17682.3,17690.3,834,120555
2024-01-24 10:59:00,17690.3,17690.3,17682.4,17684.5,1803,119424
2024-01-24 11:00:00,17684.5,17685.3,17681.3,17681.7,1421,120329
2024-01-24 11:01:00,17681.7,17683.9,17678.4,17679.0,1418,119424
2024-01-24 11:02:00,17679.0,17685.0,17678.5,17684.9,1038,120390
2024-01-24 11:03:00,17684.9,17692.6,17683.6,17688.1,1790,119927
2024-01-24 11:04:00,17688.1,17689.4,17681.7,17685.4,1836,119397
2024-01-24 11:05:00,17685.4,17688.5,17684.4,17687.4,1763,120079
2024-01-24 11:06:00,17687.4,17688.4,17678.2,17680.7,825,120356
2024-01-24 11:07:00,17680.7,17684.4,17676.7,17678.0,825,119245
2024-01-24 11:08:00,17678.0,17688.3,17677.4,17685.8,1656,120350
2024-01-24 11:09:00,17685.8,17687.8,17676.7,17677.6,1122,120489
2024-01-24 11:10:00,17677.6,17679.2,17673.9,17675.2,1687,120715
2024-01-24 11:11:00,17675.2,17678.2,17675.1,17677.9,1587,120329
2024-01-24 11:12:00,17677.9,17680.3,17676.5,17676.7,1113,119927
2024-01-24 11:13:00,17676.7,17681.7,17676.1,17679.0,1095,119589
2024-01-24 11:14:00,17679.0,17679.0,17673.8,17678.3,1198,119507
2024-01-24 11:15:00,17678.3,17687.3,17675.6,17685.2,905,120426
2024-01-24 11:16:00,17685.2,17687.2,17684.8,17685.8,1376,120376
2024-01-24 11:17:00,17685.8,17685.9,17679.4,17680.6,1192,119927
2024-01-24 11:18:00,17680.6,17684.9,17679.7,17682.8,1533,119601
2024-01-24 11:19:00,17682.8,17684.8,17682.5,17683.7,1861,120341
2024-01-24 11:20:00,17683.7,17688.4,17678.6,17686.5,493,119723
2024-01-24 11:21:00,17686.5,17690.1,17683.9,17687.5,772,119921
2024-01-24 11:22:00,17687.5,17689.9,17683.4,17683.4,1732,119243
2024-01-24 11:23:00,17683.4,17685.5,17679.4,17680.8,1580,120157
2024-01-24 11:24:00,17680.8,17682.4,17675.5,17679.3,1368,120201
2024-01-24 11:25:00,17679.3,17679.7,17677.2,17679.5,941,119680
2024-01-24 11:26:00,17679.5,17686.8,17679.5,17685.0,1286,119693
2024-01-24 11:27:00,17685.0,17693.3,17684.1,17692.6,1618,119422
2024-01-24 11:28:00,17692.6,17693.2,17688.4,17688.5,1205,120093
2024-01-24 11:29:00,17688.5,17694.4,17684.6,17691.5,1296,119651
2024-01-24 11:30:00,17691.5,17693.0,17689.5,17690.6,1132,119326
2024-01-24 11:31:00,17690.6,17690.6,17687.1,17690.3,1340,120616
2024-01-24 11:32:00,17690.3,17691.3,17689.0,17689.4,1618,119498
2024-01-24 11:33:00,17689.4,17693.6,17685.8,17691.3,1099,120112
2024-01-24 11:34:00,17691.3,17695.5,17690.9,17694.0,1577,119486
2024-01-24 11:35:00,17694.0,17696.8,17690.2,17694.9,751,120774
2024-01-24 11:36:00,17694.9,17695.4,17689.3,17692.0,1405,120935
2024-01-24 11:37:00,17692.0,17694.9,17685.6,17687.8,1267,120582
2024-01-24 11:38:00,17687.8,17690.2,17687.6,17688.3,1544,120027
2024-01-24 11:39:00,17688.3,17693.0,17688.3,17691.2,802,119492
2024-01-24 11:40:00,17691.2,17691.9,17687.4,17687.5,1860,120824
2024-01-24 11:41:00,17687.5,17688.6,17685.5,17688.5,1001,120273
2024-01-24 11:42:00,17688.5,17696.2,17684.5,17695.5,1384,119588
2024-01-24 11:43:00,17695.5,17697.9,17693.5,17697.1,1340,120204
2024-01-24 11:44:00,17697.1,17699.1,17694.6,17695.5,1801,120620
2024-01-24 11:45:00,17695.5,17697.9,17692.7,17697.2,1860,120281
2024-01-24 11:46:00,17697.2,17700.7,17695.4,17696.7,1502,119627
2024-01-24 11:47:00,17696.7,17697.1,17695.1,17696.6,1331,121428
2024-01-24 11:48:00,17696.6,17701.0,17695.3,17698.2,1405,121060
2024-01-24 11:49:00,17698.2,17698.9,17695.2,17696.0,567,120757
2024-01-24 11:50:00,17696.0,17699.3,17690.6,17690.7,1256,120374
2024-01-24 11:51:00,17690.7,17698.4,17688.6,17690.0,1290,119809
2024-01-24 11:52:00,17690.0,17693.7,17686.5,17689.4,1044,119662
2024-01-24 11:53:00,17689.4,17694.9,17688.0,17692.2,982,119626
2024-01-24 11:54:00,17692.2,17696.0,17690.8,17691.6,1294,120837
2024-01-24 11:55:00,17691.6,17699.3,17691.6,17696.0,646,120370
2024-01-24 11:56:00,17696.0,17696.4,17694.6,17694.8,964,119803
2024-01-24 11:57:00,17694.8,17697.3,17692.6,17695.5,855,119948
2024-01-24 11:58:00,17695.5,17697.7,17693.0,17694.8,1148,119491
2024-01-24 11:59:00,17694.8,17697.9,17687.1,17689.8,1286,119913
2024-01-24 12:00:00,17689.8,17690.6,17684.0,17688.5,1769,119921
2024-01-24 12:01:00,17688.5,17689.0,17687.6,17688.2,1207,119237
2024-01-24 12:02:00,17688.2,17688.4,17686.8,17688.1,1724,118907
2024-01-24 12:03:00,17688.1,17689.3,17686.7,17688.3,1538,119357
2024-01-24 12:04:00,17688.3,17689.7,17685.0,17685.6,1242,120175
2024-01-24 12:05:00,17685.6,17687.8,17683.9,17686.1,1116,120301
2024-01-24 12:06:00,17686.1,17689.8,17683.0,17683.6,1690,120463
2024-01-24 12:07:00,17683.6,17685.8,17681.8,17685.7,1282,120420
2024-01-24 12:08:00,17685.7,17686.7,17684.0,17685.1,1678,119981
2024-01-24 12:09:00,17685.1,17688.9,17682.6,17685.7,1540,120692
2024-01-24 12:10:00,17685.7,17688.8,17685.4,17686.5,1578,120967
2024-01-24 12:11:00,17686.5,17691.8,17683.5,17690.4,1085,120239
2024-01-24 12:12:00,17690.4,17694.9,17689.9,17693.1,1491,121099
2024-01-24 12:13:00,17693.1,17695.8,17690.2,17691.6,1580,120025
2024-01-24 12:14:00,17691.6,17692.7,17687.7,17689.7,1193,119618
2024-01-24 12:15:00,17689.7,17698.4,17685.7,17695.5,1776,119659
2024-01-24 12:16:00,17695.5,17696.4,17692.3,17694.1,1557,119519
2024-01-24 12:17:00,17694.1,17700.7,17693.5,17700.4,1074,119801
2024-01-24 12:18:00,17700.4,17707.5,17699.4,17705.1,1384,121391
2024-01-24 12:19:00,17705.1,17706.9,17701.8,17705.0,1729,118863
2024-01-24 12:20:00,17705.0,17709.4,17705.0,17708.0,1112,118839
2024-01-24 12:21:00,17708.0,17709.2,17705.2,17706.0,569,119747
2024-01-24 12:22:00,17706.0,17714.5,17705.7,17712.2,815,121269
2024-01-24 12:23:00,17712.2,17713.6,17711.2,17711.8,1125,120255
2024-01-24 12:24:00,17711.8,17717.2,17706.9,17709.0,1889,120546
2024-01-24 12:25:00,17709.0,17713.4,17707.3,17711.8,1749,118838
2024-01-24 12:26:00,17711.8,17718.8,17711.8,17715.7,1161,120400
2024-01-24 12:27:00,17715.7,17718.1,17715.4,17716.9,1407,120115
2024-01-24 12:28:00,17716.9,17717.7,17716.6,17716.6,1569,119700
2024-01-24 12:29:00,17716.6,17719.5,17710.0,17714.0,1263,120127
2024-01-24 12:30:00,17714.0,17717.4,17711.9,17716.8,1320,120671
2024-01-24 12:31:00,17716.8,17721.9,17715.1,17719.7,1533,119669
2024-01-24 12:32:00,17719.7,17720.8,17717.3,17717.5,1038,119203
2024-01-24 12:33:00,17717.5,17724.2,17716.1,17721.2,995,121397
2024-01-24 12:34:00,17721.2,17724.5,17719.1,17719.2,1109,119767
2024-01-24 12:35:00,17719.2,17722.8,17716.6,17718.1,1076,119736
2024-01-24 12:36:00,17718.1,17721.5,17715.7,17720.9,1505,119976
2024-01-24 12:37:00,17720.9,17721.8,17718.9,17719.3,1199,119538
2024-01-24 12:38:00,17719.3,17721.7,17715.3,17715.9,1357,120022
2024-01-24 12:39:00,17715.9,17716.6,17706.9,17709.2,1598,120546
2024-01-24 12:40:00,17709.2,17715.5,17708.3,17713.0,1393,120511
2024-01-24 12:41:00,17713.0,17713.5,17705.2,17705.9,1404,119564
2024-01-24 12:42:00,17705.9,17706.9,17703.8,17704.5,741,119554
2024-01-24 12:43:00,17704.5,17706.0,17701.2,17703.1,1061,119569
2024-01-24 12:44:00,17703.1,17707.8,17703.1,17704.8,1255,119751
2024-01-24 12:45:00,17704.8,17705.7,17701.3,17704.0,1692,119726
2024-01-24 12:46:00,17704.0,17704.2,17696.0,17698.1,1195,119915
2024-01-24 12:47:00,17698.1,17703.1,17695.2,17696.1,948,119063
2024-01-24 12:48:00,17696.1,17697.9,17694.7,17695.8,1306,120216
2024-01-24 12:49:00,17695.8,17696.8,17691.2,17691.6,1152,120338
2024-01-24 12:50:00,17691.6,17696.7,17688.7,17693.7,1424,118863
2024-01-24 12:51:00,17693.7,17695.7,17690.7,17693.2,1554,120564
2024-01-24 12:52:00,17693.2,17693.2,17691.3,17692.5,1469,120870
2024-01-24 12:53:00,17692.5,17694.4,17691.2,17693.6,1053,120230
2024-01-24 12:54:00,17693.6,17695.8,17689.0,17692.4,1463,119758
2024-01-24 12:55:00,17692.4,17694.1,17685.3,17687.9,1900,120147
2024-01-24 12:56:00,17687.9,17691.9,17680.2,17681.7,1164,119405
2024-01-24 12:57:00,17681.7,17685.3,17680.9,17685.1,977,120451
2024-01-24 12:58:00,17685.1,17687.9,17680.7,17681.2,1677,118878
2024-01-24 12:59:00,17681.2,17685.1,17678.2,17679.7,1033,120632
2024-01-24 13:00:00,17679.7,17685.2,17679.3,17683.8,1196,119029
2024-01-24 13:01:00,17683.8,17690.3,17683.2,17689.4,1818,119576
2024-01-24 13:02:00,17689.4,17691.0,17686.8,17690.9,1578,120170
2024-01-24 13:03:00,17690.9,17696.2,17689.8,17694.1,923,119607
2024-01-24 13:04:00,17694.1,17695.5,17687.2,17687.3,885,120020
2024-01-24 13:05:00,17687.3,17689.5,17684.3,17687.9,1226,119021
2024-01-24 13:06:00,17687.9,17688.4,17681.4,17681.7,816,118859
2024-01-24 13:07:00,17681.7,17683.3,17677.8,17678.5,874,119555
2024-01-24 13:08:00,17678.5,17682.2,17677.6,17678.2,552,120056
2024-01-24 13:09:00,17678.2,17684.4,17677.2,17681.9,1857,119156
2024-01-24 13:10:00,17681.9,17682.7,17677.4,17679.9,1433,119965
2024-01-24 13:11:00,17679.9,17680.2,17675.8,17678.1,1381,119640
2024-01-24 13:12:00,17678.1,17678.2,17672.9,17673.9,961,120120
2024-01-24 13:13:00,17673.9,17675.4,17664.6,17667.3,1673,120848
2024-01-24 13:14:00,17667.3,17669.4,17662.2,17663.8,922,120204
2024-01-24 13:15:00,17663.8,17666.4,17660.5,17662.3,1712,119507
2024-01-24 13:16:00,17662.3,17665.1,17662.3,17664.2,1505,119449
2024-01-24 13:17:00,17664.2,17667.2,17662.1,17665.8,1087,121139
2024-01-24 13:18:00,17665.8,17667.9,17657.6,17659.1,1028,119612
2024-01-24 13:19:00,17659.1,17660.2,17654.5,17656.8,1064,120050
2024-01-24 13:20:00,17656.8,17658.6,17654.6,17656.2,1177,120412
2024-01-24 13:21:00,17656.2,17659.2,17651.7,17657.8,1178,120412
2024-01-24 13:22:00,17657.8,17660.3,17654.7,17658.5,808,119821
2024-01-24 13:23:00,17658.5,17660.7,17654.1,17654.7,1170,121287
2024-01-24 13:24:00,17654.7,17660.4,17652.7,17659.2,1245,120872
2024-01-24 13:25:00,17659.2,17660.8,17653.2,17654.0,1662,120569
2024-01-24 13:26:00,17654.0,17659.5,17652.5,17657.6,1310,120111
2024-01-24 13:27:00,17657.6,17663.4,17656.2,17662.3,1357,119136
2024-01-24 13:28:00,17662.3,17664.0,17654.0,17655.6,1091,119700
2024-01-24 13:29:00,17655.6,17656.4,17649.8,17654.1,2011,120384
2024-01-24 13:30:00,17654.1,17656.0,17650.1,17651.7,1820,119741
2024-01-24 13:31:00,17651.7,17656.3,17650.9,17653.1,1140,120502
2024-01-24 13:32:00,17653.1,17654.0,17651.5,17651.7,1452,119880
2024-01-24 13:33:00,17651.7,17656.0,17650.0,17656.0,1205,119741
2024-01-24 13:34:00,17656.0,17657.7,17650.5,17652.7,1149,119981
2024-01-24 13:35:00,17652.7,17658.6,17652.4,17657.8,1062,119557
2024-01-24 13:36:00,17657.8,17658.3,17656.6,17658.2,1931,119817
2024-01-24 13:37:00,17658.2,17660.7,17654.6,17657.8,1093,120139
2024-01-24 13:38:00,17657.8,17661.3,17655.1,17659.0,1591,120365
2024-01-24 13:39:00,17659.0,17661.1,17656.9,17660.9,1523,120037
2024-01-24 13:40:00,17660.9,17664.6,17659.3,17662.9,1087,120713
2024-01-24 13:41:00,17662.9,17663.8,17654.7,17656.5,1192,119442
2024-01-24 13:42:00,17656.5,17660.1,17655.3,17659.6,1957,120253
2024-01-24 13:43:00,17659.6,17660.4,17656.8,17657.2,1128,119266
2024-01-24 13:44:00,17657.2,17660.3,17654.6,17658.6,1444,119630
2024-01-24 13:45:00,17658.6,17659.0,17652.4,17652.8,1912,119878
2024-01-25 08:45:00,17690.5,17691.2,17683.8,17687.6,1040,119411
2024-01-25 08:46:00,17687.6,17689.0,17680.1,17681.1,1007,120445
2024-01-25 08:47:00,17681.1,17682.1,17677.4,17678.0,1395,120353
2024-01-25 08:48:00,17678.0,17681.8,17675.6,17681.1,1350,119879
2024-01-25 08:49:00,17681.1,17687.1,17680.2,17684.5,1579,119179
2024-01-25 08:50:00,17684.5,17686.0,17684.0,17685.2,921,119791
2024-01-25 08:51:00,17685.2,17687.5,17684.5,17684.6,1220,120133
2024-01-25 08:52:00,17684.6,17685.9,17678.7,17679.8,1807,119761
2024-01-25 08:53:00,17679.8,17680.0,17677.6,17678.5,1662,119656
2024-01-25 08:54:00,17678.5,17684.1,17678.3,17681.1,938,119544
2024-01-25 08:55:00,17681.1,17683.2,17676.7,17677.0,1031,120195
2024-01-25 08:56:00,17677.0,17680.9,17672.0,17673.9,1333,119774
2024-01-25 08:57:00,17673.9,17680.3,17671.3,17678.4,1134,119673
2024-01-25 08:58:00,17678.4,17682.3,17676.1,17682.1,1363,119734
2024-01-25 08:59:00,17682.1,17689.7,17680.2,17685.2,1214,119069
2024-01-25 09:00:00,17685.2,17688.0,17682.9,17684.7,1092,120726
2024-01-25 09:01:00,17684.7,17685.0,17682.0,17683.0,1398,120650
2024-01-25 09:02:00,17683.0,17684.3,17671.5,17672.0,1175,120682
2024-01-25 09:03:00,17672.0,17675.8,17669.5,17670.4,1342,119313
2024-01-25 09:04:00,17670.4,17673.4,17668.8,17670.0,900,119802
2024-01-25 09:05:00,17670.0,17672.2,17662.0,17666.2,953,120116
2024-01-25 09:06:00,17666.2,17666.8,17663.3,17664.9,1662,119931
2024-01-25 09:07:00,17664.9,17666.9,17659.5,17660.9,1506,119658
2024-01-25 09:08:00,17660.9,17664.9,17658.6,17662.0,1785,118729
2024-01-25 09:09:00,17662.0,17662.3,17659.7,17660.0,1378,119178
2024-01-25 09:10:00,17660.0,17665.2,17657.3,17661.5,1335,120235
2024-01-25 09:11:00,17661.5,17664.4,17658.6,17658.6,1157,120167
2024-01-25 09:12:00,17658.6,17663.5,17656.2,17662.0,1071,120242
2024-01-25 09:13:00,17662.0,17664.3,17660.8,17663.6,1253,119123
2024-01-25 09:14:00,17663.6,17665.2,17660.4,17661.1,1618,119990
2024-01-25 09:15:00,17661.1,17669.6,17661.1,17667.5,1251,119625
2024-01-25 09:16:00,17667.5,17673.0,17663.8,17672.6,1337,120160
2024-01-25 09:17:00,17672.6,17673.3,17667.8,17670.3,1211,119365
2024-01-25 09:18:00,17670.3,17674.6,17669.3,17674.5,1993,119405
2024-01-25 09:19:00,17674.5,17680.9,17674.0,17678.8,1502,120869
2024-01-25 09:20:00,17678.8,17680.4,17677.0,17679.9,1668,119923
2024-01-25 09:21:00,17679.9,17682.5,17677.0,17679.1,1609,119796
2024-01-25 09:22:00,17679.1,17681.3,17676.6,17679.8,1378,119904
2024-01-25 09:23:00,17679.8,17681.5,17677.4,17677.7,1830,120624
2024-01-25 09:24:00,17677.7,17683.7,17675.3,17680.9,1710,120054
2024-01-25 09:25:00,17680.9,17686.0,17678.4,17685.3,875,120253
2024-01-25 09:26:00,17685.3,17686.4,17676.3,17683.9,1848,119494
2024-01-25 09:27:00,17683.9,17689.3,17682.0,17687.8,1009,120318
2024-01-25 09:28:00,17687.8,17688.1,17684.5,17686.0,1243,120297
2024-01-25 09:29:00,17686.0,17688.4,17682.5,17687.2,1308,119312
2024-01-25 09:30:00,17687.2,17689.8,17683.7,17689.3,900,119786
2024-01-25 09:31:00,17689.3,17694.1,17686.7,17693.1,766,120403
2024-01-25 09:32:00,17693.1,17696.5,17692.3,17695.7,829,119266
2024-01-25 09:33:00,17695.7,17702.5,17692.5,17698.8,1212,121277
2024-01-25 09:34:00,17698.8,17704.0,17695.9,17700.8,1225,119431
2024-01-25 09:35:00,17700.8,17701.5,17692.9,17694.2,1022,120530
2024-01-25 09:36:00,17694.2,17698.8,17692.0,17696.6,1759,118651
2024-01-25 09:37:00,17696.6,17699.3,17691.8,17695.8,1192,119678
2024-01-25 09:38:00,17695.8,17699.4,17692.0,17695.0,1143,120085
2024-01-25 09:39:00,17695.0,17698.4,17693.0,17693.2,752,120751
2024-01-25 09:40:00,17693.2,17700.5,17690.8,17698.2,635,120087
2024-01-25 09:41:00,17698.2,17698.5,17693.3,17696.2,1222,120264
2024-01-25 09:42:00,17696.2,17699.4,17687.5,17690.5,1028,119132
2024-01-25 09:43:00,17690.5,17691.6,17687.3,17688.7,1111,119709
2024-01-25 09:44:00,17688.7,17695.0,17687.2,17694.5,1370,119664
2024-01-25 09:45:00,17694.5,17695.5,17691.1,17692.1,908,120654
2024-01-25 09:46:00,17692.1,17696.5,17689.9,17690.6,1386,120086
2024-01-25 09:47:00,17690.6,17693.1,17682.8,17686.3,1185,120289
2024-01-25 09:48:00,17686.3,17688.9,17683.3,17688.3,1204,120209
2024-01-25 09:49:00,17688.3,17691.5,17685.7,17690.1,1625,120395
2024-01-25 09:50:00,17690.1,17691.8,17680.5,17682.1,1409,120703
2024-01-25 09:51:00,17682.1,17686.1,17679.8,17685.6,1557,120237
2024-01-25 09:52:00,17685.6,17686.5,17683.0,17686.2,1499,120014
2024-01-25 09:53:00,17686.2,17688.9,17685.5,17688.8,1456,120183
2024-01-25 09:54:00,17688.8,17691.1,17687.8,17690.0,1426,118974
2024-01-25 09:55:00,17690.0,17691.3,17688.6,17689.6,1377,119915
2024-01-25 09:56:00,17689.6,17692.3,17678.7,17679.9,1007,120486
2024-01-25 09:57:00,17679.9,17683.0,17678.0,17682.7,1282,119517
2024-01-25 09:58:00,17682.7,17683.0,17677.3,17677.6,1197,118910
2024-01-25 09:59:00,17677.6,17682.6,17677.6,17682.0,743,119726
2024-01-25 10:00:00,17682.0,17682.4,17680.4,17681.2,1636,120138
2024-01-25 10:01:00,17681.2,17681.7,17675.2,17678.9,1604,120821
2024-01-25 10:02:00,17678.9,17681.8,17675.3,17675.3,1617,119799
2024-01-25 10:03:00,17675.3,17680.3,17675.1,17679.8,1208,119255
2024-01-25 10:04:00,17679.8,17683.4,17676.5,17680.4,1731,120185
2024-01-25 10:05:00,17680.4,17683.6,17675.4,17676.1,1301,119280
2024-01-25 10:06:00,17676.1,17677.4,17673.3,17676.3,325,119812
2024-01-25 10:07:00,17676.3,17676.7,17670.9,17671.8,1842,120419
2024-01-25 10:08:00,17671.8,17672.1,17668.3,17670.3,1526,119509
2024-01-25 10:09:00,17670.3,17671.9,17668.3,17668.4,1498,120303
2024-01-25 10:10:00,17668.4,17671.2,17667.1,17668.5,1070,120656
2024-01-25 10:11:00,17668.5,17675.9,17667.9,17674.0,1485,120006
2024-01-25 10:12:00,17674.0,17675.5,17668.8,17668.9,921,119522
2024-01-25 10:13:00,17668.9,17669.0,17668.4,17668.7,1754,119138
2024-01-25 10:14:00,17668.7,17672.8,17667.7,17669.4,1460,119579
2024-01-25 10:15:00,17669.4,17670.5,17666.8,17669.3,1566,120254
2024-01-25 10:16:00,17669.3,17670.7,17662.0,17662.4,1411,119578
2024-01-25 10:17:00,17662.4,17670.7,17661.4,17669.7,1198,119571
2024-01-25 10:18:00,17669.7,17671.9,17669.1,17671.7,1345,120076
2024-01-25 10:19:00,17671.7,17673.0,17669.5,17670.3,1529,120232
2024-01-25 10:20:00,17670.3,17670.6,17664.7,17665.4,926,120351
2024-01-25 10:21:00,17665.4,17667.0,17661.7,17665.6,965,120166
2024-01-25 10:22:00,17665.6,17665.7,17658.3,17658.7,1113,119667
2024-01-25 10:23:00,17658.7,17665.6,17656.3,17662.1,1247,120248
2024-01-25 10:24:00,17662.1,17668.3,17661.2,17666.6,1304,119513
2024-01-25 10:25:00,17666.6,17669.7,17663.8,17669.4,1051,119850
2024-01-25 10:26:00,17669.4,17671.6,17669.2,17669.6,1803,119094
2024-01-25 10:27:00,17669.6,17675.4,17668.6,17671.5,1202,120069
2024-01-25 10:28:00,17671.5,17672.5,17667.4,17669.6,1964,120636
2024-01-25 10:29:00,17669.6,17670.3,17660.8,17662.9,918,119279
2024-01-25 10:30:00,17662.9,17668.0,17661.4,17665.6,1337,120043
2024-01-25 10:31:00,17665.6,17669.6,17664.6,17667.8,1528,119292
2024-01-25 10:32:00,17667.8,17670.7,17659.3,17664.8,1300,120455
2024-01-25 10:33:00,17664.8,17665.2,17663.1,17664.7,1228,120605
2024-01-25 10:34:00,17664.7,17668.1,17663.2,17667.6,1069,120309
2024-01-25 10:35:00,17667.6,17673.5,17659.6,17661.2,851,120642
2024-01-25 10:36:00,17661.2,17663.4,17658.7,17662.4,1428,120611
2024-01-25 10:37:00,17662.4,17664.1,17654.4,17656.4,1716,119424
2024-01-25 10:38:00,17656.4,17656.9,17653.1,17654.9,1515,120565
2024-01-25 10:39:00,17654.9,17655.7,17652.7,17654.7,1177,120798
2024-01-25 10:40:00,17654.7,17655.8,17647.8,17651.3,1260,120286
2024-01-25 10:41:00,17651.3,17655.6,17650.6,17654.2,923,121019
2024-01-25 10:42:00,17654.2,17657.2,17649.3,17651.7,1102,119962
2024-01-25 10:43:00,17651.7,17658.8,17651.3,17657.0,799,120479
2024-01-25 10:44:00,17657.0,17658.8,17649.9,17653.6,910,120762
2024-01-25 10:45:00,17653.6,17654.8,17651.2,17652.0,1507,120379
2024-01-25 10:46:00,17652.0,17652.2,17650.9,17651.1,977,119485
2024-01-25 10:47:00,17651.1,17654.4,17649.8,17652.5,1308,119661
2024-01-25 10:48:00,17652.5,17654.0,17645.7,17646.5,1467,119687
2024-01-25 10:49:00,17646.5,17647.1,17643.2,17647.0,880,120256
2024-01-25 10:50:00,17647.0,17656.7,17646.6,17654.2,406,120454
2024-01-25 10:51:00,17654.2,17658.5,17653.6,17657.4,1381,119507
2024-01-25 10:52:00,17657.4,17662.9,17656.7,17662.3,1475,120086
2024-01-25 10:53:00,17662.3,17667.7,17661.7,17667.6,1558,120542
2024-01-25 10:54:00,17667.6,17670.7,17665.1,17670.0,1663,120413
2024-01-25 10:55:00,17670.0,17672.5,17659.0,17663.3,674,121005
2024-01-25 10:56:00,17663.3,17664.7,17661.4,17663.1,1149,119853
2024-01-25 10:57:00,17663.1,17666.0,17661.0,17664.7,894,120545
2024-01-25 10:58:00,17664.7,17665.2,17661.9,17663.4,1291,119965
2024-01-25 10:59:00,17663.4,17664.3,17658.5,17662.4,1265,120612
2024-01-25 11:00:00,17662.4,17665.4,17658.9,17663.8,1196,119871
2024-01-25 11:01:00,17663.8,17668.0,17663.2,17665.2,1333,119396
2024-01-25 11:02:00,17665.2,17667.4,17664.2,17667.4,1509,120559
2024-01-25 11:03:00,17667.4,17674.7,17662.5,17672.3,497,120846
2024-01-25 11:04:00,17672.3,17675.9,17671.6,17675.6,974,120781
2024-01-25 11:05:00,17675.6,17678.3,17668.0,17668.9,1015,120165
2024-01-25 11:06:00,17668.9,17669.5,17667.6,17668.5,574,120184
2024-01-25 11:07:00,17668.5,17672.8,17667.4,17670.8,1408,119872
2024-01-25 11:08:00,17670.8,17679.1,17666.0,17678.2,1013,121086
2024-01-25 11:09:00,17678.2,17678.7,17671.3,17674.2,971,119859
2024-01-25 11:10:00,17674.2,17674.5,17668.1,17670.2,1124,120260
2024-01-25 11:11:00,17670.2,17679.4,17668.6,17676.2,1432,119391
2024-01-25 11:12:00,17676.2,17678.0,17675.3,17676.8,990,119750
2024-01-25 11:13:00,17676.8,17677.5,17671.8,17673.8,1349,120840
2024-01-25 11:14:00,17673.8,17674.4,17669.4,17669.8,1310,120127
2024-01-25 11:15:00,17669.8,17672.0,17669.5,17670.3,1231,119738
2024-01-25 11:16:00,17670.3,17675.9,17669.9,17675.5,864,120801
2024-01-25 11:17:00,17675.5,17677.3,17675.4,17675.6,1405,119939
2024-01-25 11:18:00,17675.6,17678.0,17672.4,17675.0,1756,120916
2024-01-25 11:19:00,17675.0,17678.2,17672.9,17677.9,1485,119688
2024-01-25 11:20:00,17677.9,17681.4,17676.3,17677.5,1541,119769
2024-01-25 11:21:00,17677.5,17678.1,17670.4,17674.1,1360,120792
2024-01-25 11:22:00,17674.1,17679.0,17673.9,17678.1,1051,118860
2024-01-25 11:23:00,17678.1,17678.3,17675.6,17675.9,1649,119879
2024-01-25 11:24:00,17675.9,17676.1,17667.9,17668.4,1105,119298
2024-01-25 11:25:00,17668.4,17671.6,17665.7,17667.3,1478,119659
2024-01-25 11:26:00,17667.3,17669.5,17665.8,17669.3,1558,119917
2024-01-25 11:27:00,17669.3,17676.2,17666.7,17674.4,1058,119617
2024-01-25 11:28:00,17674.4,17675.7,17672.8,17675.3,1498,119250
2024-01-25 11:29:00,17675.3,17676.4,17670.9,17671.0,1093,119687
2024-01-25 11:30:00,17671.0,17671.3,17669.4,17670.0,1158,119923
2024-01-25 11:31:00,17670.0,17670.3,17663.7,17666.8,1622,119895
2024-01-25 11:32:00,17666.8,17669.6,17666.0,17669.6,1140,119548
2024-01-25 11:33:00,17669.6,17672.4,17665.9,17670.1,869,121075
2024-01-25 11:34:00,17670.1,17671.5,17667.3,17667.8,1439,119689
2024-01-25 11:35:00,17667.8,17670.5,17666.4,17668.8,1263,120293
2024-01-25 11:36:00,17668.8,17675.3,17666.4,17674.9,1907,119678
2024-01-25 11:37:00,17674.9,17686.6,17674.8,17681.5,1517,119784
2024-01-25 11:38:00,17681.5,17687.4,17680.5,17683.9,1212,120463
2024-01-25 11:39:00,17683.9,17689.9,17683.6,17687.4,1234,119706
2024-01-25 11:40:00,17687.4,17691.4,17678.1,17682.4,1166,119948
2024-01-25 11:41:00,17682.4,17684.3,17678.9,17679.9,1384,119445
2024-01-25 11:42:00,17679.9,17682.9,17679.3,17681.9,1539,119685
2024-01-25 11:43:00,17681.9,17683.3,17675.5,17679.6,1121,119964
2024-01-25 11:44:00,17679.6,17683.2,17677.8,17682.9,1339,119345
2024-01-25 11:45:00,17682.9,17687.5,17678.9,17686.0,1589,119462
2024-01-25 11:46:00,17686.0,17690.8,17682.9,17688.4,1079,120169
2024-01-25 11:47:00,17688.4,17698.1,17686.2,17696.4,1538,120399
2024-01-25 11:48:00,17696.4,17706.1,17694.1,17702.2,957,119937
2024-01-25 11:49:00,17702.2,17705.1,17700.8,17702.0,959,120061
2024-01-25 11:50:00,17702.0,17710.0,17699.5,17707.0,1558,120928
2024-01-25 11:51:00,17707.0,17708.1,17704.7,17705.8,1344,120106
2024-01-25 11:52:00,17705.8,17707.2,17698.5,17701.7,1465,119920
2024-01-25 11:53:00,17701.7,17704.3,17694.3,17699.0,1685,119605
2024-01-25 11:54:00,17699.0,17701.8,17698.1,17700.6,1249,119103
2024-01-25 11:55:00,17700.6,17705.7,17697.9,17702.2,1258,121266
2024-01-25 11:56:00,17702.2,17704.5,17699.1,17700.0,701,119595
2024-01-25 11:57:00,17700.0,17702.0,17694.9,17696.9,1441,121368
2024-01-25 11:58:00,17696.9,17700.6,17688.6,17689.1,1833,120338
2024-01-25 11:59:00,17689.1,17695.5,17686.2,17693.0,1721,119832
2024-01-25 12:00:00,17693.0,17694.9,17688.7,17691.4,1533,120208
2024-01-25 12:01:00,17691.4,17693.0,17684.4,17685.3,1339,119924
2024-01-25 12:02:00,17685.3,17689.0,17682.5,17687.1,1042,119151
2024-01-25 12:03:00,17687.1,17688.7,17686.9,17688.4,1268,119726
2024-01-25 12:04:00,17688.4,17689.4,17683.4,17684.2,891,119124
2024-01-25 12:05:00,17684.2,17690.3,17682.0,17687.0,1144,119665
2024-01-25 12:06:00,17687.0,17687.7,17681.4,17683.1,907,119695
2024-01-25 12:07:00,17683.1,17692.1,17681.7,17687.8,1401,120337
2024-01-25 12:08:00,17687.8,17689.2,17682.5,17684.5,1668,120493
2024-01-25 12:09:00,17684.5,17689.4,17683.4,17685.9,1256,120646
2024-01-25 12:10:00,17685.9,17687.1,17683.4,17683.7,1689,119656
2024-01-25 12:11:00,17683.7,17685.7,17679.6,17682.3,1016,119117
2024-01-25 12:12:00,17682.3,17686.6,17681.2,17683.6,1600,119844
2024-01-25 12:13:00,17683.6,17684.8,17677.1,17680.7,1362,119797
2024-01-25 12:14:00,17680.7,17681.2,17679.1,17680.8,1328,120009
2024-01-25 12:15:00,17680.8,17688.5,17680.2,17688.3,1613,119953
2024-01-25 12:16:00,17688.3,17690.8,17687.7,17690.0,1628,119984
2024-01-25 12:17:00,17690.0,17696.2,17689.7,17695.0,1373,119734
2024-01-25 12:18:00,17695.0,17697.0,17694.6,17695.2,1404,120360
2024-01-25 12:19:00,17695.2,17696.5,17694.5,17695.9,1763,120139
2024-01-25 12:20:00,17695.9,17697.3,17691.5,17693.8,1224,120415
2024-01-25 12:21:00,17693.8,17694.5,17678.6,17685.5,1462,120092
2024-01-25 12:22:00,17685.5,17692.9,17683.3,17690.6,653,119849
2024-01-25 12:23:00,17690.6,17692.4,17690.0,17691.5,1527,119092
2024-01-25 12:24:00,17691.5,17694.3,17691.3,17693.2,1223,119399
2024-01-25 12:25:00,17693.2,17696.8,17691.2,17693.5,1513,119270
2024-01-25 12:26:00,17693.5,17702.1,17691.6,17699.3,1701,119943
2024-01-25 12:27:00,17699.3,17703.7,17695.1,17696.3,1709,119887
2024-01-25 12:28:00,17696.3,17698.1,17694.9,17697.5,745,119770
2024-01-25 12:29:00,17697.5,17704.6,17694.3,17701.2,1102,120149
2024-01-25 12:30:00,17701.2,17706.7,17700.1,17706.0,1477,120023
2024-01-25 12:31:00,17706.0,17715.7,17704.6,17712.7,1690,120729
2024-01-25 12:32:00,17712.7,17716.3,17707.0,17709.3,772,119922
2024-01-25 12:33:00,17709.3,17712.1,17703.8,17706.8,1620,120002
2024-01-25 12:34:00,17706.8,17708.0,17705.8,17707.7,1514,119544
2024-01-25 12:35:00,17707.7,17708.8,17703.6,17706.4,1014,120261
2024-01-25 12:36:00,17706.4,17709.7,17705.2,17708.6,876,119023
2024-01-25 12:37:00,17708.6,17715.5,17708.4,17712.2,1179,119867
2024-01-25 12:38:00,17712.2,17715.5,17712.1,17714.7,812,120475
2024-01-25 12:39:00,17714.7,17716.6,17708.7,17710.1,947,119950
2024-01-25 12:40:00,17710.1,17715.5,17706.6,17713.9,1428,120579
2024-01-25 12:41:00,17713.9,17715.0,17709.8,17710.8,996,119926
2024-01-25 12:42:00,17710.8,17711.0,17705.2,17705.3,1171,120191
2024-01-25 12:43:00,17705.3,17707.7,17701.1,17702.3,1721,119969
2024-01-25 12:44:00,17702.3,17704.0,17697.2,17700.5,1278,119712
2024-01-25 12:45:00,17700.5,17702.9,17699.7,17700.1,2030,120092
2024-01-25 12:46:00,17700.1,17701.2,17696.7,17699.6,1304,119294
2024-01-25 12:47:00,17699.6,17701.2,17697.3,17697.9,1411,120270
2024-01-25 12:48:00,17697.9,17700.8,17695.5,17698.8,1340,119887
2024-01-25 12:49:00,17698.8,17701.2,17692.8,17693.3,1588,120155
2024-01-25 12:50:00,17693.3,17694.7,17686.3,17686.5,903,120480
2024-01-25 12:51:00,17686.5,17687.6,17684.8,17686.2,1219,120616
2024-01-25 12:52:00,17686.2,17688.5,17679.8,17680.0,1642,118896
2024-01-25 12:53:00,17680.0,17681.7,17675.0,17676.7,1048,120238
2024-01-25 12:54:00,17676.7,17680.1,17675.7,17678.8,1307,119583
2024-01-25 12:55:00,17678.8,17683.1,17678.0,17680.3,1457,119110
2024-01-25 12:56:00,17680.3,17682.7,17679.5,17681.1,1241,120668
2024-01-25 12:57:00,17681.1,17685.0,17680.1,17682.6,1589,120634
2024-01-25 12:58:00,17682.6,17687.3,17680.5,17685.4,1223,120018
2024-01-25 12:59:00,17685.4,17685.8,17679.9,17683.0,1078,120041
2024-01-25 13:00:00,17683.0,17683.8,17679.7,17682.3,1311,120679
2024-01-25 13:01:00,17682.3,17686.6,17681.5,17686.1,1228,120559
2024-01-25 13:02:00,17686.1,17693.2,17684.3,17690.0,1648,120312
2024-01-25 13:03:00,17690.0,17693.4,17688.4,17692.6,1402,120025
2024-01-25 13:04:00,17692.6,17694.8,17683.8,17690.1,1486,119860
2024-01-25 13:05:00,17690.1,17692.2,17683.7,17685.0,1448,120935
2024-01-25 13:06:00,17685.0,17686.3,17679.5,17681.8,1256,119916
2024-01-25 13:07:00,17681.8,17683.6,17680.5,17683.3,1366,119608
2024-01-25 13:08:00,17683.3,17683.8,17676.9,17677.3,1326,120312
2024-01-25 13:09:00,17677.3,17679.5,17675.9,17678.5,2107,119435
2024-01-25 13:10:00,17678.5,17678.8,17668.7,17669.1,1616,118837
2024-01-25 13:11:00,17669.1,17674.3,17662.2,17665.4,1045,120256
2024-01-25 13:12:00,17665.4,17665.6,17661.0,17661.3,1429,119616
2024-01-25 13:13:00,17661.3,17662.0,17658.3,17659.2,1374,119304
2024-01-25 13:14:00,17659.2,17661.6,17659.2,17661.2,1458,120327
2024-01-25 13:15:00,17661.2,17663.5,17657.1,17659.4,744,120290
2024-01-25 13:16:00,17659.4,17662.0,17657.8,17661.6,1436,119862
2024-01-25 13:17:00,17661.6,17661.9,17656.7,17661.2,1407,119757
2024-01-25 13:18:00,17661.2,17669.0,17660.4,17665.9,1308,119878
2024-01-25 13:19:00,17665.9,17667.4,17665.6,17666.5,1468,120594
2024-01-25 13:20:00,17666.5,17666.7,17661.7,17662.0,957,119501
2024-01-25 13:21:00,17662.0,17663.0,17658.1,17659.0,1443,120136
2024-01-25 13:22:00,17659.0,17660.1,17653.1,17656.6,1125,120266
2024-01-25 13:23:00,17656.6,17657.2,17653.4,17654.3,1370,119630
2024-01-25 13:24:00,17654.3,17654.8,17649.9,17651.8,1217,119939
2024-01-25 13:25:00,17651.8,17653.9,17648.7,17649.2,1272,120138
2024-01-25 13:26:00,17649.2,17656.8,17646.1,17655.4,820,120281
2024-01-25 13:27:00,17655.4,17657.1,17652.9,17655.8,1556,118960
2024-01-25 13:28:00,17655.8,17659.6,17655.8,17657.0,1691,120210
2024-01-25 13:29:00,17657.0,17657.4,17652.4,17657.0,1444,119012
2024-01-25 13:30:00,17657.0,17658.4,17650.0,17651.8,818,120231
2024-01-25 13:31:00,17651.8,17652.2,17643.3,17647.2,982,120506
2024-01-25 13:32:00,17647.2,17649.6,17640.9,17641.3,995,119179
2024-01-25 13:33:00,17641.3,17642.5,17634.2,17639.3,1322,120198
2024-01-25 13:34:00,17639.3,17646.1,17638.3,17644.2,1285,120616
2024-01-25 13:35:00,17644.2,17645.4,17637.6,17638.8,1560,119855
2024-01-25 13:36:00,17638.8,17645.1,17637.3,17643.5,1655,119374
2024-01-25 13:37:00,17643.5,17646.8,17643.5,17645.1,1575,120113
2024-01-25 13:38:00,17645.1,17650.9,17644.1,17650.9,775,120449
2024-01-25 13:39:00,17650.9,17651.9,17645.1,17648.7,1099,120088
2024-01-25 13:40:00,17648.7,17650.4,17648.0,17650.3,1038,120336
2024-01-25 13:41:00,17650.3,17655.1,17648.0,17648.8,1453,120364
2024-01-25 13:42:00,17648.8,17653.9,17648.3,17653.5,980,119960
2024-01-25 13:43:00,17653.5,17658.9,17649.8,17656.0,1259,120690
2024-01-25 13:44:00,17656.0,17658.2,17648.9,17649.1,1295,120352
2024-01-25 13:45:00,17649.1,17650.2,17647.3,17648.1,1284,118157
2024-01-26 08:45:00,17645.8,17651.5,17642.1,17648.0,1812,120407
2024-01-26 08:46:00,17648.0,17650.2,17647.9,17650.1,972,120018
2024-01-26 08:47:00,17650.1,17651.8,17649.6,17651.4,572,120084
2024-01-26 08:48:00,17651.4,17654.7,17650.9,17651.7,1315,119501
2024-01-26 08:49:00,17651.7,17652.7,17649.1,17650.9,1519,120246
2024-01-26 08:50:00,17650.9,17652.1,17648.0,17648.2,1403,118857
2024-01-26 08:51:00,17648.2,17653.5,17646.6,17651.3,1509,119659
2024-01-26 08:52:00,17651.3,17653.3,17646.6,17648.2,1271,119997
2024-01-26 08:53:00,17648.2,17652.4,17648.0,17649.6,1182,120133
2024-01-26 08:54:00,17649.6,17657.8,17647.4,17657.4,1392,120011
2024-01-26 08:55:00,17657.4,17660.7,17652.6,17653.6,1360,120563
2024-01-26 08:56:00,17653.6,17654.4,17650.5,17650.9,1490,120136
2024-01-26 08:57:00,17650.9,17651.9,17650.7,17650.9,1543,119642
2024-01-26 08:58:00,17650.9,17652.4,17642.5,17645.6,481,119980
2024-01-26 08:59:00,17645.6,17647.7,17644.9,17646.3,1104,121158
2024-01-26 09:00:00,17646.3,17649.2,17644.5,17647.5,1121,120051
2024-01-26 09:01:00,17647.5,17650.9,17646.1,17650.0,1018,119797
2024-01-26 09:02:00,17650.0,17651.8,17647.7,17649.1,1220,120569
2024-01-26 09:03:00,17649.1,17650.7,17645.4,17648.7,1258,119532
2024-01-26 09:04:00,17648.7,17656.9,17648.6,17654.7,1041,119774
2024-01-26 09:05:00,17654.7,17655.9,17647.8,17650.3,1506,119956
2024-01-26 09:06:00,17650.3,17651.0,17648.9,17649.0,958,120179
2024-01-26 09:07:00,17649.0,17650.4,17646.7,17646.8,1067,119823
2024-01-26 09:08:00,17646.8,17648.7,17639.5,17639.8,1647,119804
2024-01-26 09:09:00,17639.8,17640.9,17628.8,17631.9,1041,119829
2024-01-26 09:10:00,17631.9,17632.6,17623.6,17625.1,1257,119277
2024-01-26 09:11:00,17625.1,17626.2,17618.6,17620.2,1173,120063
2024-01-26 09:12:00,17620.2,17626.1,17615.4,17617.0,1238,120078
2024-01-26 09:13:00,17617.0,17619.1,17612.5,17618.7,754,120746
2024-01-26 09:14:00,17618.7,17619.5,17614.8,17615.7,1249,120650
2024-01-26 09:15:00,17615.7,17616.7,17610.8,17611.0,1411,119826
2024-01-26 09:16:00,17611.0,17611.9,17610.1,17611.5,922,119111
2024-01-26 09:17:00,17611.5,17612.6,17605.1,17606.2,1233,120323
2024-01-26 09:18:00,17606.2,17607.9,17600.8,17601.7,1344,119608
2024-01-26 09:19:00,17601.7,17612.1,17600.2,17610.9,1910,120031
2024-01-26 09:20:00,17610.9,17611.8,17607.6,17608.8,1010,120122
2024-01-26 09:21:00,17608.8,17610.8,17607.0,17607.5,1680,119810
2024-01-26 09:22:00,17607.5,17610.7,17604.4,17609.3,942,120103
2024-01-26 09:23:00,17609.3,17611.3,17608.4,17609.6,1388,120051
2024-01-26 09:24:00,17609.6,17619.7,17608.3,17617.3,896,119999
2024-01-26 09:25:00,17617.3,17617.6,17615.1,17615.8,1659,120284
2024-01-26 09:26:00,17615.8,17618.2,17615.8,17616.8,1815,119571
2024-01-26 09:27:00,17616.8,17617.3,17613.2,17613.8,1311,120153
2024-01-26 09:28:00,17613.8,17616.2,17612.8,17613.6,1137,120449
2024-01-26 09:29:00,17613.6,17615.4,17607.6,17609.4,1729,120238
2024-01-26 09:30:00,17609.4,17618.2,17607.8,17616.8,768,119672
2024-01-26 09:31:00,17616.8,17617.8,17616.5,17617.1,1279,120388
2024-01-26 09:32:00,17617.1,17623.0,17615.0,17620.8,1184,119512
2024-01-26 09:33:00,17620.8,17624.5,17615.1,17617.3,1129,120331
2024-01-26 09:34:00,17617.3,17618.6,17612.6,17613.1,1382,120628
2024-01-26 09:35:00,17613.1,17613.4,17612.6,17612.9,1328,120200
2024-01-26 09:36:00,17612.9,17614.9,17611.9,17612.4,1633,120650
2024-01-26 09:37:00,17612.4,17615.7,17612.2,17614.3,1491,120058
2024-01-26 09:38:00,17614.3,17615.3,17612.3,17614.2,1004,119712
2024-01-26 09:39:00,17614.2,17617.6,17612.7,17615.2,1832,120391
2024-01-26 09:40:00,17615.2,17615.3,17614.6,17614.7,1514,119834
2024-01-26 09:41:00,17614.7,17615.9,17613.4,17614.0,1417,120414
2024-01-26 09:42:00,17614.0,17617.5,17611.9,17615.1,1019,119550
2024-01-26 09:43:00,17615.1,17618.9,17613.9,17617.3,1033,119666
2024-01-26 09:44:00,17617.3,17621.2,17613.3,17616.9,1060,120162
2024-01-26 09:45:00,17616.9,17619.9,17614.3,17618.8,1316,119614
2024-01-26 09:46:00,17618.8,17620.3,17614.2,17617.7,1170,119989
2024-01-26 09:47:00,17617.7,17618.4,17611.6,17614.0,692,119953
2024-01-26 09:48:00,17614.0,17615.5,17613.7,17615.0,1091,120369
2024-01-26 09:49:00,17615.0,17617.7,17613.5,17615.8,1148,120531
2024-01-26 09:50:00,17615.8,17619.4,17615.0,17618.5,915,119587
2024-01-26 09:51:00,17618.5,17619.0,17609.6,17613.9,1242,119713
2024-01-26 09:52:00,17613.9,17614.2,17609.0,17610.0,1182,119859
2024-01-26 09:53:00,17610.0,17613.0,17607.4,17611.2,1269,120494
2024-01-26 09:54:00,17611.2,17612.6,17607.6,17611.4,1627,120490
2024-01-26 09:55:00,17611.4,17612.5,17610.5,17610.7,1187,120375
2024-01-26 09:56:00,17610.7,17610.7,17608.9,17610.3,1108,119525
2024-01-26 09:57:00,17610.3,17613.7,17607.0,17607.2,1158,118696
2024-01-26 09:58:00,17607.2,17609.1,17604.5,17607.8,580,120262
2024-01-26 09:59:00,17607.8,17609.3,17603.3,17605.4,1195,119779
2024-01-26 10:00:00,17605.4,17607.0,17604.3,17604.9,1355,119330
2024-01-26 10:01:00,17604.9,17607.0,17595.1,17595.6,1372,120600
2024-01-26 10:02:00,17595.6,17599.1,17593.5,17597.6,1212,119787
2024-01-26 10:03:00,17597.6,17600.0,17595.7,17598.3,1278,119706
2024-01-26 10:04:00,17598.3,17603.3,17596.4,17599.9,1224,120122
2024-01-26 10:05:00,17599.9,17602.8,17598.7,17599.7,1140,119858
2024-01-26 10:06:00,17599.7,17602.5,17598.1,17599.6,1558,120927
2024-01-26 10:07:00,17599.6,17600.0,17597.1,17598.0,1646,119509
2024-01-26 10:08:00,17598.0,17598.2,17594.6,17595.6,1585,119702
2024-01-26 10:09:00,17595.6,17595.8,17584.3,17586.0,1188,120259
2024-01-26 10:10:00,17586.0,17586.0,17582.7,17585.6,911,119741
2024-01-26 10:11:00,17585.6,17589.3,17584.3,17585.0,1711,120319
2024-01-26 10:12:00,17585.0,17589.9,17581.2,17587.6,1567,119694
2024-01-26 10:13:00,17587.6,17589.3,17582.6,17585.3,1174,120397
2024-01-26 10:14:00,17585.3,17585.7,17581.0,17585.0,1133,120241
2024-01-26 10:15:00,17585.0,17586.2,17582.7,17585.4,1294,120262
2024-01-26 10:16:00,17585.4,17585.9,17583.3,17583.4,1255,118551
2024-01-26 10:17:00,17583.4,17590.1,17582.3,17589.1,1782,120197
2024-01-26 10:18:00,17589.1,17589.2,17586.4,17588.9,1047,119580
2024-01-26 10:19:00,17588.9,17589.7,17581.3,17582.3,775,120242
2024-01-26 10:20:00,17582.3,17584.9,17573.4,17573.6,1135,120119
2024-01-26 10:21:00,17573.6,17576.7,17570.8,17573.3,1246,119657
2024-01-26 10:22:00,17573.3,17575.4,17564.9,17566.7,1432,119247
2024-01-26 10:23:00,17566.7,17567.2,17563.3,17564.7,1444,119702
2024-01-26 10:24:00,17564.7,17566.2,17562.4,17564.2,1195,119639
2024-01-26 10:25:00,17564.2,17565.8,17564.1,17565.3,1062,119880
2024-01-26 10:26:00,17565.3,17567.8,17562.2,17564.9,1584,120422
2024-01-26 10:27:00,17564.9,17569.9,17561.1,17566.9,1388,119732
2024-01-26 10:28:00,17566.9,17568.7,17565.3,17568.7,1460,119960
2024-01-26 10:29:00,17568.7,17572.1,17566.4,17569.3,678,119083
2024-01-26 10:30:00,17569.3,17571.0,17564.3,17564.4,1148,120405
2024-01-26 10:31:00,17564.4,17566.6,17557.5,17559.7,1246,119747
2024-01-26 10:32:00,17559.7,17563.4,17557.5,17560.9,1405,118626
2024-01-26 10:33:00,17560.9,17562.6,17555.6,17557.9,1363,121122
2024-01-26 10:34:00,17557.9,17562.9,17556.4,17557.4,1093,120309
2024-01-26 10:35:00,17557.4,17559.5,17553.9,17557.3,1390,120451
2024-01-26 10:36:00,17557.3,17558.4,17554.3,17557.5,1034,120179
2024-01-26 10:37:00,17557.5,17559.0,17551.2,17554.7,844,120179
2024-01-26 10:38:00,17554.7,17555.1,17551.8,17552.6,1331,119420
2024-01-26 10:39:00,17552.6,17555.6,17552.5,17554.1,1277,121287
2024-01-26 10:40:00,17554.1,17557.8,17554.0,17555.5,1266,120032
2024-01-26 10:41:00,17555.5,17556.6,17549.7,17551.5,1477,119073
2024-01-26 10:42:00,17551.5,17555.6,17546.1,17548.8,2135,120233
2024-01-26 10:43:00,17548.8,17558.9,17546.1,17557.4,1164,120777
2024-01-26 10:44:00,17557.4,17558.1,17554.0,17555.6,1773,119501
2024-01-26 10:45:00,17555.6,17558.2,17553.2,17554.1,1428,119976
2024-01-26 10:46:00,17554.1,17557.3,17548.0,17551.5,1264,120130
2024-01-26 10:47:00,17551.5,17557.1,17549.3,17557.0,1618,119903
2024-01-26 10:48:00,17557.0,17560.4,17556.6,17557.0,1182,119515
2024-01-26 10:49:00,17557.0,17563.7,17556.5,17559.8,1682,119870
2024-01-26 10:50:00,17559.8,17560.9,17559.6,17560.6,684,119303
2024-01-26 10:51:00,17560.6,17562.1,17549.9,17553.0,1441,120749
2024-01-26 10:52:00,17553.0,17554.1,17547.8,17550.2,1317,119925
2024-01-26 10:53:00,17550.2,17553.9,17549.2,17553.9,906,119968
2024-01-26 10:54:00,17553.9,17554.2,17548.7,17549.1,1752,120356
2024-01-26 10:55:00,17549.1,17551.8,17545.8,17547.7,1292,119190
2024-01-26 10:56:00,17547.7,17549.2,17538.3,17542.5,1381,120147
2024-01-26 10:57:00,17542.5,17545.9,17538.3,17540.9,1158,120440
2024-01-26 10:58:00,17540.9,17547.8,17540.1,17546.8,1132,119631
2024-01-26 10:59:00,17546.8,17549.0,17539.5,17541.6,1424,119811
2024-01-26 11:00:00,17541.6,17543.7,17534.5,17538.2,1092,119402
2024-01-26 11:01:00,17538.2,17541.0,17535.8,17537.9,1288,120365
2024-01-26 11:02:00,17537.9,17538.8,17534.7,17534.8,1772,120052
2024-01-26 11:03:00,17534.8,17536.3,17534.5,17534.5,946,119639
2024-01-26 11:04:00,17534.5,17541.8,17531.8,17541.3,1145,119882
2024-01-26 11:05:00,17541.3,17548.2,17540.3,17544.0,973,119149
2024-01-26 11:06:00,17544.0,17544.9,17541.2,17543.4,1224,119181
2024-01-26 11:07:00,17543.4,17543.4,17539.1,17540.1,864,119119
2024-01-26 11:08:00,17540.1,17541.6,17539.1,17539.6,738,120240
2024-01-26 11:09:00,17539.6,17543.2,17536.5,17539.5,1276,119623
2024-01-26 11:10:00,17539.5,17541.7,17531.9,17532.6,1698,119664
2024-01-26 11:11:00,17532.6,17537.6,17530.1,17536.9,1817,120305
2024-01-26 11:12:00,17536.9,17539.4,17533.5,17535.6,1453,119766
2024-01-26 11:13:00,17535.6,17540.0,17532.7,17539.5,1086,120649
2024-01-26 11:14:00,17539.5,17540.6,17537.8,17539.9,1337,120686
2024-01-26 11:15:00,17539.9,17540.9,17528.2,17530.3,1498,119904
2024-01-26 11:16:00,17530.3,17535.4,17527.8,17535.3,1563,118772
2024-01-26 11:17:00,17535.3,17541.0,17532.8,17537.2,1171,119751
2024-01-26 11:18:00,17537.2,17539.6,17532.1,17534.5,1305,120132
2024-01-26 11:19:00,17534.5,17539.8,17533.4,17539.0,1236,119572
2024-01-26 11:20:00,17539.0,17546.9,17536.8,17546.6,1516,119334
2024-01-26 11:21:00,17546.6,17555.6,17543.6,17553.9,1270,119647
2024-01-26 11:22:00,17553.9,17559.8,17551.1,17554.7,1105,119742
2024-01-26 11:23:00,17554.7,17557.8,17554.3,17556.2,1171,119605
2024-01-26 11:24:00,17556.2,17561.6,17554.7,17559.8,1634,120258
2024-01-26 11:25:00,17559.8,17561.5,17558.6,17560.4,1051,120033
2024-01-26 11:26:00,17560.4,17562.9,17558.9,17561.2,1346,119701
2024-01-26 11:27:00,17561.2,17565.8,17555.7,17563.8,2120,120368
2024-01-26 11:28:00,17563.8,17567.8,17563.1,17567.3,1321,119625
2024-01-26 11:29:00,17567.3,17572.1,17566.0,17568.8,804,119651
2024-01-26 11:30:00,17568.8,17570.3,17567.5,17569.3,1620,120003
2024-01-26 11:31:00,17569.3,17576.9,17567.8,17574.5,817,120113
2024-01-26 11:32:00,17574.5,17579.7,17573.5,17576.0,1586,119099
2024-01-26 11:33:00,17576.0,17580.8,17575.0,17580.3,1730,119902
2024-01-26 11:34:00,17580.3,17582.6,17576.4,17577.5,1488,119326
2024-01-26 11:35:00,17577.5,17580.1,17577.3,17580.1,1287,120479
2024-01-26 11:36:00,17580.1,17583.0,17579.6,17581.3,1435,119345
2024-01-26 11:37:00,17581.3,17586.4,17580.3,17584.3,927,120049
2024-01-26 11:38:00,17584.3,17586.9,17583.9,17585.3,1090,120335
2024-01-26 11:39:00,17585.3,17590.6,17585.1,17588.0,1110,119769
2024-01-26 11:40:00,17588.0,17588.9,17585.0,17588.4,1243,120229
2024-01-26 11:41:00,17588.4,17590.5,17583.2,17585.3,1370,119749
2024-01-26 11:42:00,17585.3,17593.5,17584.1,17592.4,1226,119887
2024-01-26 11:43:00,17592.4,17594.2,17589.8,17590.6,1266,120092
2024-01-26 11:44:00,17590.6,17597.5,17587.8,17595.4,1399,120094
2024-01-26 11:45:00,17595.4,17596.3,17590.0,17595.0,1219,119722
2024-01-26 11:46:00,17595.0,17600.2,17594.5,17599.3,1549,120523
2024-01-26 11:47:00,17599.3,17601.3,17599.1,17600.1,1443,120209
2024-01-26 11:48:00,17600.1,17605.9,17598.8,17604.6,837,120275
2024-01-26 11:49:00,17604.6,17607.2,17597.5,17600.4,1289,119707
2024-01-26 11:50:00,17600.4,17607.4,17599.6,17605.7,1207,120209
2024-01-26 11:51:00,17605.7,17606.9,17603.6,17603.7,1377,119929
2024-01-26 11:52:00,17603.7,17608.8,17601.9,17607.9,1061,119687
2024-01-26 11:53:00,17607.9,17608.3,17602.7,17604.8,1532,120136
2024-01-26 11:54:00,17604.8,17605.7,17597.0,17601.0,1137,120257
2024-01-26 11:55:00,17601.0,17601.7,17593.6,17593.9,1361,120275
2024-01-26 11:56:00,17593.9,17597.1,17590.4,17590.4,1231,121490
2024-01-26 11:57:00,17590.4,17598.4,17589.1,17596.0,1535,120135
2024-01-26 11:58:00,17596.0,17597.1,17591.1,17592.9,1294,119976
2024-01-26 11:59:00,17592.9,17596.1,17588.0,17590.1,900,120382
2024-01-26 12:00:00,17590.1,17594.0,17589.4,17593.8,1093,120392
2024-01-26 12:01:00,17593.8,17604.5,17590.0,17597.9,1447,120498
2024-01-26 12:02:00,17597.9,17598.5,17594.1,17594.1,1650,120323
2024-01-26 12:03:00,17594.1,17597.5,17591.3,17592.6,1224,119621
2024-01-26 12:04:00,17592.6,17594.6,17590.9,17591.0,1202,119746
2024-01-26 12:05:00,17591.0,17593.5,17589.4,17591.7,651,120322
2024-01-26 12:06:00,17591.7,17592.1,17586.3,17589.8,1224,120584
2024-01-26 12:07:00,17589.8,17595.7,17588.2,17594.5,1210,119230
2024-01-26 12:08:00,17594.5,17596.2,17594.4,17594.6,1305,120194
2024-01-26 12:09:00,17594.6,17601.4,17590.8,17598.5,1590,120102
2024-01-26 12:10:00,17598.5,17600.9,17596.2,17597.6,1313,119525
2024-01-26 12:11:00,17597.6,17599.0,17588.2,17589.2,703,120177
2024-01-26 12:12:00,17589.2,17594.2,17587.6,17591.8,1612,120093
2024-01-26 12:13:00,17591.8,17595.0,17588.8,17593.5,1269,120635
2024-01-26 12:14:00,17593.5,17597.9,17586.3,17587.1,1089,120467
2024-01-26 12:15:00,17587.1,17589.4,17580.4,17581.8,1678,119908
2024-01-26 12:16:00,17581.8,17582.2,17577.4,17581.7,1555,120017
2024-01-26 12:17:00,17581.7,17585.1,17581.5,17581.9,806,120594
2024-01-26 12:18:00,17581.9,17584.3,17579.0,17583.6,1355,119973
2024-01-26 12:19:00,17583.6,17583.9,17581.8,17582.4,1347,120519
2024-01-26 12:20:00,17582.4,17583.0,17577.3,17579.2,1403,119774
2024-01-26 12:21:00,17579.2,17579.4,17573.6,17574.4,2066,120448
2024-01-26 12:22:00,17574.4,17583.6,17574.3,17581.1,1295,119927
2024-01-26 12:23:00,17581.1,17583.1,17578.5,17580.1,987,120613
2024-01-26 12:24:00,17580.1,17581.2,17579.1,17581.2,1502,119249
2024-01-26 12:25:00,17581.2,17583.4,17580.5,17582.0,1223,119716
2024-01-26 12:26:00,17582.0,17594.2,17580.0,17591.3,1869,118934
2024-01-26 12:27:00,17591.3,17593.2,17589.1,17592.7,1032,119398
2024-01-26 12:28:00,17592.7,17595.9,17588.0,17588.7,1487,119642
2024-01-26 12:29:00,17588.7,17592.7,17582.5,17586.9,1297,119616
2024-01-26 12:30:00,17586.9,17589.0,17584.7,17587.1,1601,119384
2024-01-26 12:31:00,17587.1,17587.7,17582.2,17583.3,1240,120499
2024-01-26 12:32:00,17583.3,17590.2,17582.9,17587.9,1541,120819
2024-01-26 12:33:00,17587.9,17588.4,17585.0,17585.7,1455,119807
2024-01-26 12:34:00,17585.7,17586.6,17578.7,17579.8,1159,119507
2024-01-26 12:35:00,17579.8,17581.1,17576.5,17581.1,1361,119245
2024-01-26 12:36:00,17581.1,17581.9,17576.8,17577.0,656,120005
2024-01-26 12:37:00,17577.0,17578.8,17576.3,17576.6,1357,119096
2024-01-26 12:38:00,17576.6,17577.3,17570.2,17572.1,1381,119760
2024-01-26 12:39:00,17572.1,17578.2,17572.0,17577.4,1240,120681
2024-01-26 12:40:00,17577.4,17577.5,17574.2,17575.0,1053,119668
2024-01-26 12:41:00,17575.0,17578.5,17574.5,17576.7,1290,120447
2024-01-26 12:42:00,17576.7,17577.7,17571.3,17572.5,1373,119737
2024-01-26 12:43:00,17572.5,17575.6,17570.8,17574.3,1186,119877
2024-01-26 12:44:00,17574.3,17580.4,17571.4,17578.3,1462,119467
2024-01-26 12:45:00,17578.3,17584.4,17577.3,17582.2,1033,120280
2024-01-26 12:46:00,17582.2,17582.4,17576.0,17577.8,1292,120052
2024-01-26 12:47:00,17577.8,17580.0,17574.0,17579.8,999,120309
2024-01-26 12:48:00,17579.8,17585.0,17576.9,17581.5,1431,119551
2024-01-26 12:49:00,17581.5,17581.6,17576.9,17577.1,1336,118962
2024-01-26 12:50:00,17577.1,17584.4,17576.9,17581.2,1575,120572
2024-01-26 12:51:00,17581.2,17581.5,17580.3,17580.4,1449,119663
2024-01-26 12:52:00,17580.4,17586.7,17576.3,17583.4,1233,119118
2024-01-26 12:53:00,17583.4,17586.1,17581.0,17584.0,1369,120141
2024-01-26 12:54:00,17584.0,17585.8,17582.5,17584.2,1259,119946
2024-01-26 12:55:00,17584.2,17584.2,17581.2,17581.4,1403,120335
2024-01-26 12:56:00,17581.4,17581.6,17579.0,17579.8,638,119392
2024-01-26 12:57:00,17579.8,17580.4,17569.9,17570.4,999,120236
2024-01-26 12:58:00,17570.4,17570.4,17565.4,17566.1,1042,120583
2024-01-26 12:59:00,17566.1,17572.2,17564.1,17571.3,1596,119813
2024-01-26 13:00:00,17571.3,17576.2,17569.3,17575.0,1028,119463
2024-01-26 13:01:00,17575.0,17576.6,17573.7,17574.0,1189,120339
2024-01-26 13:02:00,17574.0,17574.5,17569.7,17571.2,1402,120513
2024-01-26 13:03:00,17571.2,17577.6,17571.1,17574.4,898,119625
2024-01-26 13:04:00,17574.4,17583.3,17571.7,17577.0,1070,120519
2024-01-26 13:05:00,17577.0,17577.6,17574.4,17576.1,2189,119916
2024-01-26 13:06:00,17576.1,17576.9,17571.9,17573.8,1079,120284
2024-01-26 13:07:00,17573.8,17575.1,17568.4,17574.1,1243,120406
2024-01-26 13:08:00,17574.1,17575.4,17570.8,17571.2,1029,120766
2024-01-26 13:09:00,17571.2,17578.2,17571.0,17576.2,1353,119744
2024-01-26 13:10:00,17576.2,17584.9,17575.7,17581.5,1220,120522
2024-01-26 13:11:00,17581.5,17582.5,17578.6,17580.1,1298,120123
2024-01-26 13:12:00,17580.1,17581.5,17578.3,17579.1,1409,120484
2024-01-26 13:13:00,17579.1,17583.2,17577.7,17582.7,1374,120524
2024-01-26 13:14:00,17582.7,17586.0,17577.1,17579.9,1054,120156
2024-01-26 13:15:00,17579.9,17582.3,17577.6,17579.1,1229,120539
2024-01-26 13:16:00,17579.1,17583.2,17576.8,17581.7,888,120553
2024-01-26 13:17:00,17581.7,17585.5,17578.7,17584.7,719,120051
2024-01-26 13:18:00,17584.7,17585.5,17580.9,17580.9,1206,119841
2024-01-26 13:19:00,17580.9,17582.3,17579.3,17581.8,1042,119583
2024-01-26 13:20:00,17581.8,17582.0,17577.3,17578.4,1511,120102
2024-01-26 13:21:00,17578.4,17579.5,17576.6,17577.2,1576,119401
2024-01-26 13:22:00,17577.2,17579.0,17573.1,17578.0,1047,119383
2024-01-26 13:23:00,17578.0,17578.6,17577.1,17577.4,1807,119571
2024-01-26 13:24:00,17577.4,17578.7,17572.3,17574.8,1108,120021
2024-01-26 13:25:00,17574.8,17575.9,17572.6,17572.6,1169,119422
2024-01-26 13:26:00,17572.6,17576.6,17570.6,17570.9,1379,120309
2024-01-26 13:27:00,17570.9,17573.8,17567.7,17572.1,716,119747
2024-01-26 13:28:00,17572.1,17573.0,17566.1,17566.1,1118,119970
2024-01-26 13:29:00,17566.1,17566.6,17556.2,17558.3,1063,120362
2024-01-26 13:30:00,17558.3,17561.7,17553.6,17556.6,1086,119740
2024-01-26 13:31:00,17556.6,17559.6,17555.0,17556.1,1333,119683
2024-01-26 13:32:00,17556.1,17560.3,17555.7,17558.5,1350,120002
2024-01-26 13:33:00,17558.5,17561.2,17558.4,17558.9,775,119647
2024-01-26 13:34:00,17558.9,17559.2,17557.5,17557.6,993,119818
2024-01-26 13:35:00,17557.6,17558.1,17552.6,17555.4,953,120828
2024-01-26 13:36:00,17555.4,17560.8,17554.8,17555.8,970,119712
2024-01-26 13:37:00,17555.8,17559.9,17553.1,17558.9,1669,119242
2024-01-26 13:38:00,17558.9,17559.7,17554.0,17554.0,1198,119779
2024-01-26 13:39:00,17554.0,17558.5,17552.0,17556.8,1441,121167
2024-01-26 13:40:00,17556.8,17558.6,17554.4,17557.2,877,120220
2024-01-26 13:41:00,17557.2,17562.0,17556.2,17560.1,1520,119771
2024-01-26 13:42:00,17560.1,17562.8,17559.6,17561.4,504,119778
2024-01-26 13:43:00,17561.4,17566.3,17560.1,17564.2,1231,119232
2024-01-26 13:44:00,17564.2,17567.6,17560.0,17565.0,1506,119864
2024-01-26 13:45:00,17565.0,17566.9,17563.7,17565.3,1666,119887
2024-01-29 08:45:00,17578.8,17581.3,17576.5,17577.9,1499,119619
2024-01-29 08:46:00,17577.9,17579.1,17573.6,17576.3,1633,120343
2024-01-29 08:47:00,17576.3,17581.5,17573.6,17573.9,1220,120733
2024-01-29 08:48:00,17573.9,17580.5,17570.9,17578.5,1508,120209
2024-01-29 08:49:00,17578.5,17584.4,17578.0,17583.9,1209,119620
2024-01-29 08:50:00,17583.9,17585.0,17578.3,17581.3,1399,120721
2024-01-29 08:51:00,17581.3,17583.2,17580.7,17582.2,1197,119650
2024-01-29 08:52:00,17582.2,17585.7,17578.9,17579.6,1082,120215
2024-01-29 08:53:00,17579.6,17582.4,17579.6,17582.0,1050,119849
2024-01-29 08:54:00,17582.0,17584.1,17581.7,17583.7,1089,120629
2024-01-29 08:55:00,17583.7,17584.7,17582.2,17582.4,1236,119417
2024-01-29 08:56:00,17582.4,17589.2,17581.5,17587.4,1467,119610
2024-01-29 08:57:00,17587.4,17594.8,17586.0,17590.9,281,119470
2024-01-29 08:58:00,17590.9,17596.7,17589.1,17595.9,1205,120108
2024-01-29 08:59:00,17595.9,17600.4,17594.8,17599.7,1248,120058
2024-01-29 09:00:00,17599.7,17601.4,17595.5,17597.2,1741,120395
2024-01-29 09:01:00,17597.2,17600.5,17595.4,17598.5,1146,119595
2024-01-29 09:02:00,17598.5,17601.0,17595.5,17597.0,1132,119352
2024-01-29 09:03:00,17597.0,17598.7,17595.8,17597.2,873,120777
2024-01-29 09:04:00,17597.2,17599.8,17594.2,17594.9,1025,119348
2024-01-29 09:05:00,17594.9,17596.5,17592.4,17593.0,884,120790
2024-01-29 09:06:00,17593.0,17600.6,17590.4,17597.0,1147,120714
2024-01-29 09:07:00,17597.0,17599.7,17592.2,17595.1,1433,119832
2024-01-29 09:08:00,17595.1,17604.7,17592.4,17602.7,981,119639
2024-01-29 09:09:00,17602.7,17602.8,17598.7,17599.5,1220,119817
2024-01-29 09:10:00,17599.5,17605.1,17598.8,17604.0,1532,120486
2024-01-29 09:11:00,17604.0,17604.4,17600.0,17601.7,1488,120124
2024-01-29 09:12:00,17601.7,17605.9,17599.8,17603.0,1348,119720
2024-01-29 09:13:00,17603.0,17603.7,17598.8,17601.1,1325,119727
2024-01-29 09:14:00,17601.1,17603.6,17600.7,17603.2,849,120040
2024-01-29 09:15:00,17603.2,17609.9,17602.6,17608.8,1914,119948
2024-01-29 09:16:00,17608.8,17612.0,17607.0,17607.6,1477,120052
2024-01-29 09:17:00,17607.6,17609.8,17602.3,17605.1,1525,120052
2024-01-29 09:18:00,17605.1,17610.4,17603.2,17607.5,720,119391
2024-01-29 09:19:00,17607.5,17613.7,17605.6,17612.6,1141,120591
2024-01-29 09:20:00,17612.6,17614.1,17610.7,17611.8,925,119995
2024-01-29 09:21:00,17611.8,17615.0,17611.0,17613.7,1444,120349
2024-01-29 09:22:00,17613.7,17618.3,17609.6,17618.2,882,120066
2024-01-29 09:23:00,17618.2,17619.8,17611.0,17615.8,1531,119944
2024-01-29 09:24:00,17615.8,17615.9,17611.2,17612.5,1387,120075
2024-01-29 09:25:00,17612.5,17614.0,17603.7,17607.6,1020,120228
2024-01-29 09:26:00,17607.6,17610.0,17607.2,17608.6,1164,120085
2024-01-29 09:27:00,17608.6,17609.6,17607.9,17609.2,1232,119681
2024-01-29 09:28:00,17609.2,17612.1,17606.9,17611.3,1520,119954
2024-01-29 09:29:00,17611.3,17615.8,17608.0,17612.2,1657,120196
2024-01-29 09:30:00,17612.2,17612.3,17609.4,17610.9,1511,120107
2024-01-29 09:31:00,17610.9,17612.8,17607.2,17609.0,1029,119098
2024-01-29 09:32:00,17609.0,17611.2,17608.4,17611.0,1127,119498
2024-01-29 09:33:00,17611.0,17614.3,17609.7,17613.8,1139,120101
2024-01-29 09:34:00,17613.8,17618.4,17612.1,17614.2,1052,121347
2024-01-29 09:35:00,17614.2,17615.0,17610.8,17613.7,1613,120242
2024-01-29 09:36:00,17613.7,17619.0,17612.2,17618.8,697,120206
2024-01-29 09:37:00,17618.8,17623.2,17618.7,17619.8,1233,120425
2024-01-29 09:38:00,17619.8,17621.7,17619.2,17620.9,784,121034
2024-01-29 09:39:00,17620.9,17622.0,17616.0,17622.0,1275,120477
2024-01-29 09:40:00,17622.0,17626.4,17621.9,17626.0,1662,120057
2024-01-29 09:41:00,17626.0,17627.1,17620.7,17622.8,1032,120639
2024-01-29 09:42:00,17622.8,17625.9,17617.1,17618.4,1354,120383
2024-01-29 09:43:00,17618.4,17619.0,17611.3,17613.2,1525,119366
2024-01-29 09:44:00,17613.2,17617.8,17610.6,17617.2,1502,120496
2024-01-29 09:45:00,17617.2,17617.4,17610.9,17612.6,1685,119460
2024-01-29 09:46:00,17612.6,17622.6,17609.4,17621.8,1155,119562
2024-01-29 09:47:00,17621.8,17621.9,17619.6,17620.3,1031,120330
2024-01-29 09:48:00,17620.3,17625.2,17619.5,17625.0,1952,120852
2024-01-29 09:49:00,17625.0,17627.2,17616.4,17618.0,1404,119792
2024-01-29 09:50:00,17618.0,17619.7,17617.5,17618.3,1317,120588
2024-01-29 09:51:00,17618.3,17621.9,17618.2,17621.6,1646,120096
2024-01-29 09:52:00,17621.6,17624.8,17619.6,17624.0,1394,120000
2024-01-29 09:53:00,17624.0,17626.5,17623.5,17626.4,1304,119546
2024-01-29 09:54:00,17626.4,17626.9,17621.8,17622.5,1751,119779
2024-01-29 09:55:00,17622.5,17624.5,17616.3,17618.3,1311,120451
2024-01-29 09:56:00,17618.3,17622.1,17616.4,17617.5,1307,120262
2024-01-29 09:57:00,17617.5,17620.5,17614.3,17615.0,1151,119418
2024-01-29 09:58:00,17615.0,17616.4,17611.9,17613.6,1854,120204
2024-01-29 09:59:00,17613.6,17623.3,17610.5,17619.4,1453,118737
2024-01-29 10:00:00,17619.4,17624.3,17617.7,17623.1,1730,119436
2024-01-29 10:01:00,17623.1,17627.1,17621.7,17625.0,999,120034
2024-01-29 10:02:00,17625.0,17626.1,17619.5,17620.4,1476,120384
2024-01-29 10:03:00,17620.4,17620.8,17618.9,17620.7,1129,120325
2024-01-29 10:04:00,17620.7,17622.4,17611.9,17615.2,1246,120368
2024-01-29 10:05:00,17615.2,17617.0,17612.8,17614.2,1371,120073
2024-01-29 10:06:00,17614.2,17617.0,17613.6,17614.8,1450,119527
2024-01-29 10:07:00,17614.8,17617.4,17613.5,17616.0,1184,120568
2024-01-29 10:08:00,17616.0,17622.9,17616.0,17620.7,1422,119418
2024-01-29 10:09:00,17620.7,17623.1,17617.6,17622.3,1116,118991
2024-01-29 10:10:00,17622.3,17627.3,17621.0,17626.2,1473,120860
2024-01-29 10:11:00,17626.2,17626.8,17622.2,17622.8,1119,119968
2024-01-29 10:12:00,17622.8,17623.2,17621.9,17622.8,1537,119667
2024-01-29 10:13:00,17622.8,17623.7,17619.0,17620.3,1281,119411
2024-01-29 10:14:00,17620.3,17622.7,17620.1,17620.3,1883,120174
2024-01-29 10:15:00,17620.3,17620.6,17611.5,17613.7,1842,119935
2024-01-29 10:16:00,17613.7,17619.9,17612.4,17616.0,920,119386
2024-01-29 10:17:00,17616.0,17627.0,17614.4,17625.9,1033,120280
2024-01-29 10:18:00,17625.9,17637.2,17625.4,17636.9,1193,120689
2024-01-29 10:19:00,17636.9,17638.4,17633.7,17635.5,1424,120285
2024-01-29 10:20:00,17635.5,17636.0,17627.7,17629.3,1342,120160
2024-01-29 10:21:00,17629.3,17633.6,17625.2,17630.4,727,120343
2024-01-29 10:22:00,17630.4,17635.5,17630.2,17632.0,1585,120037
2024-01-29 10:23:00,17632.0,17635.4,17629.0,17630.9,1257,119923
2024-01-29 10:24:00,17630.9,17632.7,17627.8,17631.5,1387,119542
2024-01-29 10:25:00,17631.5,17633.1,17628.9,17629.9,1190,119948
2024-01-29 10:26:00,17629.9,17631.5,17625.0,17625.3,1931,120014
2024-01-29 10:27:00,17625.3,17625.7,17622.2,17624.6,1297,120398
2024-01-29 10:28:00,17624.6,17634.5,17624.4,17630.8,1227,119888
2024-01-29 10:29:00,17630.8,17633.4,17628.6,17628.8,1208,119362
2024-01-29 10:30:00,17628.8,17630.8,17627.8,17630.1,926,119748
2024-01-29 10:31:00,17630.1,17632.3,17627.9,17632.3,1221,120239
2024-01-29 10:32:00,17632.3,17639.0,17631.1,17637.3,755,119850
2024-01-29 10:33:00,17637.3,17639.4,17633.3,17634.2,1318,120054
2024-01-29 10:34:00,17634.2,17638.0,17630.4,17637.8,1032,120606
2024-01-29 10:35:00,17637.8,17643.5,17631.6,17634.2,1372,120410
2024-01-29 10:36:00,17634.2,17635.9,17628.3,17628.8,1051,120174
2024-01-29 10:37:00,17628.8,17633.1,17627.5,17631.6,1349,120349
2024-01-29 10:38:00,17631.6,17634.5,17631.3,17633.1,893,119849
2024-01-29 10:39:00,17633.1,17633.3,17627.3,17627.9,1340,120043
2024-01-29 10:40:00,17627.9,17629.5,17617.7,17619.9,1635,119845
2024-01-29 10:41:00,17619.9,17629.6,17618.4,17624.9,1282,119631
2024-01-29 10:42:00,17624.9,17632.5,17624.1,17629.3,599,119870
2024-01-29 10:43:00,17629.3,17633.3,17625.6,17632.0,1516,120693
2024-01-29 10:44:00,17632.0,17635.2,17627.2,17627.3,1774,120131
2024-01-29 10:45:00,17627.3,17630.5,17618.4,17621.2,1361,120330
2024-01-29 10:46:00,17621.2,17625.4,17619.3,17623.3,1349,119517
2024-01-29 10:47:00,17623.3,17626.6,17623.2,17625.6,1474,121080
2024-01-29 10:48:00,17625.6,17626.5,17622.6,17622.9,1627,119945
2024-01-29 10:49:00,17622.9,17625.0,17620.2,17621.4,1631,120588
2024-01-29 10:50:00,17621.4,17628.4,17618.0,17628.0,729,120725
2024-01-29 10:51:00,17628.0,17630.7,17626.3,17626.7,1730,120353
2024-01-29 10:52:00,17626.7,17632.4,17622.3,17632.3,1919,120309
2024-01-29 10:53:00,17632.3,17635.6,17631.4,17634.3,1271,119799
2024-01-29 10:54:00,17634.3,17639.6,17633.6,17638.0,1296,119578
2024-01-29 10:55:00,17638.0,17639.1,17633.4,17636.5,1084,121059
2024-01-29 10:56:00,17636.5,17641.0,17636.2,17637.8,941,119304
2024-01-29 10:57:00,17637.8,17639.4,17633.6,17636.3,1379,122384
2024-01-29 10:58:00,17636.3,17641.0,17628.3,17631.8,1090,119923
2024-01-29 10:59:00,17631.8,17634.2,17627.1,17628.0,1622,119540
2024-01-29 11:00:00,17628.0,17629.0,17625.7,17626.8,1226,120004
2024-01-29 11:01:00,17626.8,17627.3,17621.0,17621.2,1793,119837
2024-01-29 11:02:00,17621.2,17622.6,17615.0,17617.4,1087,119740
2024-01-29 11:03:00,17617.4,17619.9,17614.0,17614.3,993,120611
2024-01-29 11:04:00,17614.3,17623.5,17612.9,17617.4,919,119883
2024-01-29 11:05:00,17617.4,17619.6,17614.3,17618.4,1221,119766
2024-01-29 11:06:00,17618.4,17624.7,17617.8,17622.7,1129,120564
2024-01-29 11:07:00,17622.7,17624.4,17619.7,17622.6,1334,119913
2024-01-29 11:08:00,17622.6,17625.5,17621.9,17625.1,1286,119434
2024-01-29 11:09:00,17625.1,17627.8,17619.2,17620.8,1343,119168
2024-01-29 11:10:00,17620.8,17623.6,17617.3,17623.1,1422,120215
2024-01-29 11:11:00,17623.1,17626.9,17616.0,17617.8,1061,119962
2024-01-29 11:12:00,17617.8,17619.0,17616.8,17617.6,998,119892
2024-01-29 11:13:00,17617.6,17620.7,17609.8,17613.3,1438,120458
2024-01-29 11:14:00,17613.3,17617.8,17612.4,17617.0,1883,120190
2024-01-29 11:15:00,17617.0,17618.9,17613.0,17613.7,943,120460
2024-01-29 11:16:00,17613.7,17619.2,17613.2,17617.7,1418,120397
2024-01-29 11:17:00,17617.7,17619.5,17617.4,17617.7,1644,119298
2024-01-29 11:18:00,17617.7,17620.5,17616.9,17618.8,1426,120532
2024-01-29 11:19:00,17618.8,17632.5,17615.0,17627.5,1331,120345
2024-01-29 11:20:00,17627.5,17631.1,17626.0,17629.5,1231,120538
2024-01-29 11:21:00,17629.5,17637.9,17629.0,17636.5,1957,120069
2024-01-29 11:22:00,17636.5,17644.7,17633.2,17637.3,1424,119957
2024-01-29 11:23:00,17637.3,17643.3,17635.8,17643.2,1608,120311
2024-01-29 11:24:00,17643.2,17645.3,17639.9,17644.4,1408,119825
2024-01-29 11:25:00,17644.4,17646.0,17643.1,17645.7,1324,119347
2024-01-29 11:26:00,17645.7,17647.0,17644.5,17646.9,751,120367
2024-01-29 11:27:00,17646.9,17648.8,17643.6,17644.5,1478,119861
2024-01-29 11:28:00,17644.5,17644.6,17640.9,17642.0,1292,119541
2024-01-29 11:29:00,17642.0,17644.8,17639.3,17641.3,1328,119640
2024-01-29 11:30:00,17641.3,17647.9,17640.5,17645.2,1133,119852
2024-01-29 11:31:00,17645.2,17645.2,17641.9,17643.2,1833,120200
2024-01-29 11:32:00,17643.2,17646.9,17641.6,17641.9,827,120591
2024-01-29 11:33:00,17641.9,17644.3,17641.4,17643.4,1484,121129
2024-01-29 11:34:00,17643.4,17649.7,17642.0,17649.0,1313,120089
2024-01-29 11:35:00,17649.0,17656.0,17646.4,17654.9,767,119787
2024-01-29 11:36:00,17654.9,17657.2,17652.1,17655.6,1604,120410
2024-01-29 11:37:00,17655.6,17659.7,17655.4,17657.2,1509,119813
2024-01-29 11:38:00,17657.2,17658.4,17654.1,17657.5,1229,119413
2024-01-29 11:39:00,17657.5,17657.9,17652.5,17653.4,1670,119796
2024-01-29 11:40:00,17653.4,17653.6,17650.1,17652.9,1239,119726
2024-01-29 11:41:00,17652.9,17660.4,17651.6,17659.4,1382,119757
2024-01-29 11:42:00,17659.4,17661.5,17654.5,17655.9,1247,119787
2024-01-29 11:43:00,17655.9,17656.3,17652.7,17654.5,1203,119314
2024-01-29 11:44:00,17654.5,17655.3,17646.9,17649.6,1276,119530
2024-01-29 11:45:00,17649.6,17650.6,17646.1,17649.2,1926,121151
2024-01-29 11:46:00,17649.2,17654.1,17646.5,17650.6,1396,119483
2024-01-29 11:47:00,17650.6,17653.2,17645.9,17647.5,1091,119960
2024-01-29 11:48:00,17647.5,17651.8,17646.3,17648.8,1325,119597
2024-01-29 11:49:00,17648.8,17651.4,17645.4,17646.9,1822,119799
2024-01-29 11:50:00,17646.9,17650.8,17646.8,17647.9,1144,120533
2024-01-29 11:51:00,17647.9,17650.5,17645.6,17648.1,877,119892
2024-01-29 11:52:00,17648.1,17650.6,17642.3,17648.5,1540,119436
2024-01-29 11:53:00,17648.5,17651.3,17645.8,17648.7,972,119713
2024-01-29 11:54:00,17648.7,17651.3,17646.9,17648.8,1622,120017
2024-01-29 11:55:00,17648.8,17650.0,17648.5,17648.7,1504,120448
2024-01-29 11:56:00,17648.7,17650.3,17646.6,17649.5,1704,120037
2024-01-29 11:57:00,17649.5,17655.5,17647.0,17654.7,1514,119967
2024-01-29 11:58:00,17654.7,17656.4,17649.4,17650.9,1176,120194
2024-01-29 11:59:00,17650.9,17656.6,17647.9,17655.2,1024,120272
2024-01-29 12:00:00,17655.2,17656.8,17652.8,17653.4,1346,119874
2024-01-29 12:01:00,17653.4,17655.8,17650.3,17653.5,1468,120027
2024-01-29 12:02:00,17653.5,17656.9,17652.6,17654.8,1729,120147
2024-01-29 12:03:00,17654.8,17662.1,17652.0,17660.5,1115,119536
2024-01-29 12:04:00,17660.5,17664.2,17657.7,17659.3,1725,119870
2024-01-29 12:05:00,17659.3,17663.5,17657.9,17663.3,1613,119932
2024-01-29 12:06:00,17663.3,17665.6,17658.0,17658.5,1262,120629
2024-01-29 12:07:00,17658.5,17661.7,17657.1,17658.8,1229,119178
2024-01-29 12:08:00,17658.8,17664.4,17657.8,17660.6,1512,120483
2024-01-29 12:09:00,17660.6,17661.1,17654.7,17658.8,1161,119761
2024-01-29 12:10:00,17658.8,17659.2,17652.5,17655.6,1838,121300
2024-01-29 12:11:00,17655.6,17662.5,17652.2,17661.5,1251,119927
2024-01-29 12:12:00,17661.5,17662.8,17657.7,17662.0,1639,120096
2024-01-29 12:13:00,17662.0,17665.2,17653.3,17656.9,1492,120256
2024-01-29 12:14:00,17656.9,17660.6,17656.5,17657.0,994,120921
2024-01-29 12:15:00,17657.0,17657.0,17653.0,17655.4,1473,121237
2024-01-29 12:16:00,17655.4,17657.9,17654.7,17655.8,1268,120138
2024-01-29 12:17:00,17655.8,17656.0,17647.4,17648.4,1369,119957
2024-01-29 12:18:00,17648.4,17650.3,17645.8,17646.6,1236,120225
2024-01-29 12:19:00,17646.6,17653.3,17644.6,17650.7,923,120236
2024-01-29 12:20:00,17650.7,17655.7,17650.5,17654.5,1624,120011
2024-01-29 12:21:00,17654.5,17660.8,17653.5,17657.3,883,119964
2024-01-29 12:22:00,17657.3,17657.3,17653.7,17653.8,1196,120038
2024-01-29 12:23:00,17653.8,17660.4,17652.6,17657.9,1186,119640
2024-01-29 12:24:00,17657.9,17665.4,17655.6,17660.7,1896,119696
2024-01-29 12:25:00,17660.7,17669.1,17658.8,17667.5,1145,119824
2024-01-29 12:26:00,17667.5,17674.9,17666.8,17672.5,1025,120260
2024-01-29 12:27:00,17672.5,17674.7,17667.8,17668.8,1557,120124
2024-01-29 12:28:00,17668.8,17671.3,17666.9,17666.9,1307,119723
2024-01-29 12:29:00,17666.9,17673.4,17665.0,17672.9,989,120199
2024-01-29 12:30:00,17672.9,17675.6,17670.2,17672.5,783,119713
2024-01-29 12:31:00,17672.5,17674.9,17671.3,17673.5,1520,119965
2024-01-29 12:32:00,17673.5,17674.9,17667.0,17668.8,508,119513
2024-01-29 12:33:00,17668.8,17673.4,17667.6,17667.7,1649,120274
2024-01-29 12:34:00,17667.7,17668.1,17666.5,17667.0,1164,119649
2024-01-29 12:35:00,17667.0,17667.2,17665.6,17666.7,842,119784
2024-01-29 12:36:00,17666.7,17666.7,17665.6,17666.6,968,119994
2024-01-29 12:37:00,17666.6,17667.4,17665.6,17666.6,988,120833
2024-01-29 12:38:00,17666.6,17670.4,17663.4,17668.1,1678,120313
2024-01-29 12:39:00,17668.1,17669.1,17666.3,17668.6,547,120274
2024-01-29 12:40:00,17668.6,17672.5,17665.4,17671.4,1468,119876
2024-01-29 12:41:00,17671.4,17672.1,17667.7,17670.1,1128,119846
2024-01-29 12:42:00,17670.1,17672.2,17662.3,17665.2,1737,119663
2024-01-29 12:43:00,17665.2,17670.6,17662.3,17669.1,826,119477
2024-01-29 12:44:00,17669.1,17670.2,17663.4,17665.3,1456,119893
2024-01-29 12:45:00,17665.3,17665.6,17664.1,17664.1,1026,121126
2024-01-29 12:46:00,17664.1,17664.9,17660.2,17662.1,1786,120617
2024-01-29 12:47:00,17662.1,17662.9,17657.6,17661.0,1563,119812
2024-01-29 12:48:00,17661.0,17661.2,17651.6,17653.3,1487,120380
2024-01-29 12:49:00,17653.3,17657.4,17652.2,17657.1,1318,119596
2024-01-29 12:50:00,17657.1,17661.2,17647.8,17651.7,1458,120577
2024-01-29 12:51:00,17651.7,17652.4,17646.7,17646.8,1507,119982
2024-01-29 12:52:00,17646.8,17648.3,17644.7,17647.8,1148,119541
2024-01-29 12:53:00,17647.8,17649.0,17645.5,17647.3,1012,119873
2024-01-29 12:54:00,17647.3,17653.4,17642.8,17651.5,785,120729
2024-01-29 12:55:00,17651.5,17651.7,17644.9,17648.1,905,119099
2024-01-29 12:56:00,17648.1,17652.8,17645.8,17652.8,670,119475
2024-01-29 12:57:00,17652.8,17655.3,17652.2,17654.5,1211,119947
2024-01-29 12:58:00,17654.5,17656.5,17649.4,17651.8,1036,120502
2024-01-29 12:59:00,17651.8,17656.5,17650.6,17655.6,1052,119129
2024-01-29 13:00:00,17655.6,17658.3,17654.8,17657.7,1556,120420
2024-01-29 13:01:00,17657.7,17660.9,17654.6,17654.7,1509,120398
2024-01-29 13:02:00,17654.7,17656.5,17654.1,17655.7,1731,119485
2024-01-29 13:03:00,17655.7,17656.9,17650.2,17653.1,1851,119979
2024-01-29 13:04:00,17653.1,17660.6,17652.3,17657.2,892,119540
2024-01-29 13:05:00,17657.2,17662.2,17654.1,17655.7,1125,120354
2024-01-29 13:06:00,17655.7,17657.9,17654.3,17657.3,1363,119466
2024-01-29 13:07:00,17657.3,17660.6,17656.4,17659.3,1665,120461
2024-01-29 13:08:00,17659.3,17659.4,17658.7,17658.8,1834,119877
2024-01-29 13:09:00,17658.8,17660.1,17658.6,17659.3,799,119299
2024-01-29 13:10:00,17659.3,17662.9,17657.7,17659.1,1229,119604
2024-01-29 13:11:00,17659.1,17661.3,17655.1,17660.5,1599,120094
2024-01-29 13:12:00,17660.5,17662.5,17654.9,17655.1,737,120113
2024-01-29 13:13:00,17655.1,17656.5,17651.9,17654.6,1036,120122
2024-01-29 13:14:00,17654.6,17655.7,17649.4,17650.5,908,120397
2024-01-29 13:15:00,17650.5,17651.8,17647.0,17648.9,1838,121107
2024-01-29 13:16:00,17648.9,17651.1,17648.6,17650.6,1263,119599
2024-01-29 13:17:00,17650.6,17652.4,17645.7,17648.0,1457,119827
2024-01-29 13:18:00,17648.0,17653.4,17646.8,17651.0,1122,119586
2024-01-29 13:19:00,17651.0,17655.2,17649.6,17652.9,1248,120125
2024-01-29 13:20:00,17652.9,17655.4,17647.3,17647.6,1460,120502
2024-01-29 13:21:00,17647.6,17649.2,17646.8,17647.1,1151,118978
2024-01-29 13:22:00,17647.1,17651.1,17641.6,17643.9,1692,119897
2024-01-29 13:23:00,17643.9,17645.6,17637.5,17642.2,1735,120428
2024-01-29 13:24:00,17642.2,17644.4,17635.6,17637.7,1219,120048
2024-01-29 13:25:00,17637.7,17639.2,17634.4,17634.7,1871,119631
2024-01-29 13:26:00,17634.7,17636.2,17630.1,17630.6,998,119848
2024-01-29 13:27:00,17630.6,17631.4,17628.2,17629.1,951,120008
2024-01-29 13:28:00,17629.1,17629.7,17626.9,17628.7,1409,121129
2024-01-29 13:29:00,17628.7,17629.5,17622.2,17625.2,1401,120226
2024-01-29 13:30:00,17625.2,17627.5,17623.1,17626.3,1758,119898
2024-01-29 13:31:00,17626.3,17630.1,17625.8,17626.8,887,119902
2024-01-29 13:32:00,17626.8,17629.3,17620.1,17621.0,1342,120164
2024-01-29 13:33:00,17621.0,17621.1,17620.4,17620.7,989,120625
2024-01-29 13:34:00,17620.7,17622.3,17618.0,17621.0,1550,119520
2024-01-29 13:35:00,17621.0,17622.6,17619.8,17620.7,1706,119829
2024-01-29 13:36:00,17620.7,17621.8,17618.3,17620.2,1689,119986
2024-01-29 13:37:00,17620.2,17621.2,17619.3,17619.8,1471,119724
2024-01-29 13:38:00,17619.8,17623.1,17619.0,17619.5,773,119868
2024-01-29 13:39:00,17619.5,17625.4,17618.0,17624.9,1936,120208
2024-01-29 13:40:00,17624.9,17629.5,17624.4,17628.5,1755,120103
2024-01-29 13:41:00,17628.5,17629.7,17624.4,17626.3,1503,119422
2024-01-29 13:42:00,17626.3,17627.1,17620.0,17621.1,1775,120202
2024-01-29 13:43:00,17621.1,17623.2,17620.7,17622.1,1591,120320
2024-01-29 13:44:00,17622.1,17630.1,17620.2,17628.7,1089,119272
2024-01-29 13:45:00,17628.7,17632.2,17627.7,17628.6,1143,119883
2024-01-30 08:45:00,17613.5,17623.5,17611.7,17622.3,1370,119169
2024-01-30 08:46:00,17622.3,17622.8,17618.9,17620.0,1608,119611
2024-01-30 08:47:00,17620.0,17622.6,17619.4,17620.9,1444,120248
2024-01-30 08:48:00,17620.9,17623.1,17618.6,17619.7,1248,119990
2024-01-30 08:49:00,17619.7,17620.2,17607.8,17608.8,1114,120770
2024-01-30 08:50:00,17608.8,17612.2,17608.4,17610.9,1399,119402
2024-01-30 08:51:00,17610.9,17613.0,17610.5,17611.8,1390,120024
2024-01-30 08:52:00,17611.8,17613.6,17611.4,17611.8,1786,120495
2024-01-30 08:53:00,17611.8,17623.3,17606.9,17620.1,983,120203
2024-01-30 08:54:00,17620.1,17621.4,17616.6,17617.6,1343,119439
2024-01-30 08:55:00,17617.6,17618.9,17613.7,17616.4,1178,119999
2024-01-30 08:56:00,17616.4,17617.0,17614.5,17615.8,1335,119626
2024-01-30 08:57:00,17615.8,17616.2,17607.9,17609.9,1176,120249
2024-01-30 08:58:00,17609.9,17612.3,17605.2,17605.9,1418,119926
2024-01-30 08:59:00,17605.9,17607.6,17602.4,17605.1,1515,119859
2024-01-30 09:00:00,17605.1,17607.9,17604.4,17607.5,1184,120070
2024-01-30 09:01:00,17607.5,17609.1,17605.2,17606.1,792,119456
2024-01-30 09:02:00,17606.1,17607.3,17603.4,17603.9,1049,120315
2024-01-30 09:03:00,17603.9,17606.2,17601.3,17602.9,757,120121
2024-01-30 09:04:00,17602.9,17604.6,17601.3,17601.5,1521,119890
2024-01-30 09:05:00,17601.5,17608.7,17600.7,17606.1,1483,119529
2024-01-30 09:06:00,17606.1,17612.8,17606.0,17611.0,768,119864
2024-01-30 09:07:00,17611.0,17615.6,17609.6,17613.7,1273,119376
2024-01-30 09:08:00,17613.7,17615.7,17610.3,17611.0,1358,119416
2024-01-30 09:09:00,17611.0,17612.2,17608.3,17610.2,700,120693
2024-01-30 09:10:00,17610.2,17616.6,17608.9,17616.6,1509,119505
2024-01-30 09:11:00,17616.6,17616.6,17612.1,17614.3,1509,119950
2024-01-30 09:12:00,17614.3,17622.7,17613.8,17619.6,1254,120304
2024-01-30 09:13:00,17619.6,17620.3,17617.3,17618.4,1482,119680
2024-01-30 09:14:00,17618.4,17620.0,17609.3,17610.9,1392,120067
2024-01-30 09:15:00,17610.9,17614.4,17606.5,17612.6,1250,118922
2024-01-30 09:16:00,17612.6,17615.2,17610.4,17613.3,1376,119901
2024-01-30 09:17:00,17613.3,17613.6,17609.2,17609.2,1047,120295
2024-01-30 09:18:00,17609.2,17615.2,17609.1,17615.1,1314,120476
2024-01-30 09:19:00,17615.1,17615.4,17613.3,17614.4,1886,119953
2024-01-30 09:20:00,17614.4,17624.7,17613.8,17621.1,880,120460
2024-01-30 09:21:00,17621.1,17628.0,17619.4,17624.4,699,119978
2024-01-30 09:22:00,17624.4,17624.9,17619.7,17620.5,807,120259
2024-01-30 09:23:00,17620.5,17623.2,17617.9,17622.5,1314,120070
2024-01-30 09:24:00,17622.5,17625.8,17616.3,17620.7,458,119726
2024-01-30 09:25:00,17620.7,17621.9,17616.4,17621.6,664,120760
2024-01-30 09:26:00,17621.6,17624.6,17620.7,17624.3,1474,120158
2024-01-30 09:27:00,17624.3,17627.9,17623.6,17626.7,1006,120770
2024-01-30 09:28:00,17626.7,17630.8,17624.6,17625.5,1243,119573
2024-01-30 09:29:00,17625.5,17626.9,17623.5,17625.1,1939,120754
2024-01-30 09:30:00,17625.1,17625.9,17624.0,17625.5,1441,119798
2024-01-30 09:31:00,17625.5,17625.5,17624.6,17624.9,850,119708
2024-01-30 09:32:00,17624.9,17627.4,17623.2,17625.5,1038,120445
2024-01-30 09:33:00,17625.5,17628.2,17623.9,17627.3,740,121107
2024-01-30 09:34:00,17627.3,17628.2,17619.4,17622.6,1800,120348
2024-01-30 09:35:00,17622.6,17630.2,17622.6,17626.9,1480,119837
2024-01-30 09:36:00,17626.9,17629.3,17626.2,17628.2,1047,119420
2024-01-30 09:37:00,17628.2,17630.7,17627.7,17628.3,1016,120071
2024-01-30 09:38:00,17628.3,17633.3,17627.1,17629.9,1393,120034
2024-01-30 09:39:00,17629.9,17630.0,17625.7,17628.4,1117,119820
2024-01-30 09:40:00,17628.4,17632.5,17625.6,17630.1,1191,120096
2024-01-30 09:41:00,17630.1,17631.0,17624.2,17628.0,1446,120639
2024-01-30 09:42:00,17628.0,17634.7,17627.5,17634.4,1179,120086
2024-01-30 09:43:00,17634.4,17635.7,17633.1,17633.7,1502,120265
2024-01-30 09:44:00,17633.7,17637.0,17633.2,17636.7,1482,120578
2024-01-30 09:45:00,17636.7,17637.1,17635.3,17635.9,1707,119969
2024-01-30 09:46:00,17635.9,17644.0,17634.0,17641.9,1253,120152
2024-01-30 09:47:00,17641.9,17643.5,17635.3,17638.6,1513,119305
2024-01-30 09:48:00,17638.6,17645.7,17635.7,17645.3,1246,119804
2024-01-30 09:49:00,17645.3,17647.6,17644.4,17644.6,634,119786
2024-01-30 09:50:00,17644.6,17646.5,17639.1,17641.1,1153,120064
2024-01-30 09:51:00,17641.1,17647.5,17640.7,17644.9,1228,120093
2024-01-30 09:52:00,17644.9,17647.1,17644.2,17645.9,1532,119921
2024-01-30 09:53:00,17645.9,17647.8,17644.7,17644.8,527,119433
2024-01-30 09:54:00,17644.8,17653.6,17643.2,17650.9,1068,119572
2024-01-30 09:55:00,17650.9,17653.8,17642.5,17645.9,1114,120113
2024-01-30 09:56:00,17645.9,17648.6,17644.9,17646.3,1306,119614
2024-01-30 09:57:00,17646.3,17655.1,17643.4,17650.9,1208,119696
2024-01-30 09:58:00,17650.9,17655.9,17650.7,17652.9,1276,120513
2024-01-30 09:59:00,17652.9,17654.2,17650.1,17652.1,1070,119070
2024-01-30 10:00:00,17652.1,17654.0,17646.5,17650.7,1564,119260
2024-01-30 10:01:00,17650.7,17655.4,17649.2,17649.9,421,119991
2024-01-30 10:02:00,17649.9,17650.4,17641.1,17643.4,1107,120582
2024-01-30 10:03:00,17643.4,17648.8,17632.7,17635.9,1097,120211
2024-01-30 10:04:00,17635.9,17635.9,17633.1,17633.8,1631,120391
2024-01-30 10:05:00,17633.8,17636.3,17627.2,17629.4,1122,120403
2024-01-30 10:06:00,17629.4,17632.5,17628.3,17631.3,1580,119973
2024-01-30 10:07:00,17631.3,17631.5,17625.3,17627.9,1269,120538
2024-01-30 10:08:00,17627.9,17631.7,17625.6,17630.8,945,119915
2024-01-30 10:09:00,17630.8,17634.5,17629.0,17634.5,1717,120160
2024-01-30 10:10:00,17634.5,17638.0,17634.3,17634.4,1650,119957
2024-01-30 10:11:00,17634.4,17634.9,17631.2,17634.2,1294,119312
2024-01-30 10:12:00,17634.2,17635.5,17631.9,17633.2,1110,120531
2024-01-30 10:13:00,17633.2,17634.5,17631.7,17633.8,1351,119904
2024-01-30 10:14:00,17633.8,17638.5,17632.1,17638.0,1562,120195
2024-01-30 10:15:00,17638.0,17644.5,17636.8,17642.1,1459,120629
2024-01-30 10:16:00,17642.1,17644.9,17641.0,17642.2,1765,121080
2024-01-30 10:17:00,17642.2,17644.4,17641.7,17644.3,1336,120336
2024-01-30 10:18:00,17644.3,17652.1,17644.2,17651.3,1308,120255
2024-01-30 10:19:00,17651.3,17652.4,17646.7,17649.6,1437,119631
2024-01-30 10:20:00,17649.6,17656.0,17648.4,17655.1,1520,120075
2024-01-30 10:21:00,17655.1,17660.8,17653.5,17659.4,1373,120396
2024-01-30 10:22:00,17659.4,17660.4,17654.4,17657.1,1503,121240
2024-01-30 10:23:00,17657.1,17658.8,17655.7,17657.0,1504,120081
2024-01-30 10:24:00,17657.0,17659.0,17653.3,17658.2,1350,119487
2024-01-30 10:25:00,17658.2,17660.2,17654.7,17656.5,1395,119231
2024-01-30 10:26:00,17656.5,17658.2,17656.2,17656.6,1208,120266
2024-01-30 10:27:00,17656.6,17658.4,17656.6,17657.8,1348,119772
2024-01-30 10:28:00,17657.8,17661.2,17653.5,17660.0,1817,119919
2024-01-30 10:29:00,17660.0,17670.0,17659.5,17667.2,1358,120315
2024-01-30 10:30:00,17667.2,17671.5,17665.8,17667.8,1403,120096
2024-01-30 10:31:00,17667.8,17672.0,17666.3,17670.8,1206,119455
2024-01-30 10:32:00,17670.8,17672.9,17661.4,17665.0,1378,119531
2024-01-30 10:33:00,17665.0,17670.7,17664.0,17669.9,1797,120167
2024-01-30 10:34:00,17669.9,17673.7,17668.1,17673.3,1252,120006
2024-01-30 10:35:00,17673.3,17676.7,17670.1,17672.1,1158,119282
2024-01-30 10:36:00,17672.1,17674.4,17670.4,17673.6,1866,119820
2024-01-30 10:37:00,17673.6,17674.7,17672.7,17674.5,1427,120514
2024-01-30 10:38:00,17674.5,17676.7,17669.6,17671.2,1266,119635
2024-01-30 10:39:00,17671.2,17675.5,17665.5,17666.5,1302,120514
2024-01-30 10:40:00,17666.5,17666.5,17663.9,17666.0,1122,120574
2024-01-30 10:41:00,17666.0,17666.5,17665.2,17665.5,1399,119518
2024-01-30 10:42:00,17665.5,17666.2,17662.3,17664.3,1359,120130
2024-01-30 10:43:00,17664.3,17665.9,17664.0,17664.6,880,119830
2024-01-30 10:44:00,17664.6,17665.7,17658.0,17659.3,1284,120382
2024-01-30 10:45:00,17659.3,17660.5,17657.7,17659.5,1458,121121
2024-01-30 10:46:00,17659.5,17660.9,17656.4,17658.1,756,120500
2024-01-30 10:47:00,17658.1,17660.5,17654.4,17654.7,1153,119786
2024-01-30 10:48:00,17654.7,17659.6,17654.1,17657.7,1096,119742
2024-01-30 10:49:00,17657.7,17659.2,17654.6,17654.7,1600,119831
2024-01-30 10:50:00,17654.7,17656.5,17651.9,17654.6,903,121511
2024-01-30 10:51:00,17654.6,17656.6,17649.4,17651.0,950,119095
2024-01-30 10:52:00,17651.0,17655.8,17644.5,17655.7,1448,120128
2024-01-30 10:53:00,17655.7,17657.1,17654.2,17655.5,1773,120025
2024-01-30 10:54:00,17655.5,17657.3,17653.1,17653.5,1229,119987
2024-01-30 10:55:00,17653.5,17655.0,17649.0,17651.5,1630,119594
2024-01-30 10:56:00,17651.5,17653.1,17646.5,17647.5,1443,120899
2024-01-30 10:57:00,17647.5,17648.2,17644.5,17645.8,1477,119590
2024-01-30 10:58:00,17645.8,17646.0,17645.7,17645.8,1622,119844
2024-01-30 10:59:00,17645.8,17648.0,17641.6,17644.4,1594,119242
2024-01-30 11:00:00,17644.4,17645.7,17642.9,17643.5,1428,120469
2024-01-30 11:01:00,17643.5,17644.0,17639.1,17639.8,1563,119934
2024-01-30 11:02:00,17639.8,17641.8,17635.5,17641.6,1644,120089
2024-01-30 11:03:00,17641.6,17646.3,17641.5,17642.4,1442,119894
2024-01-30 11:04:00,17642.4,17645.8,17639.9,17644.9,928,120360
2024-01-30 11:05:00,17644.9,17649.7,17644.0,17645.4,1089,120505
2024-01-30 11:06:00,17645.4,17646.7,17642.6,17644.8,1266,120305
2024-01-30 11:07:00,17644.8,17646.8,17638.8,17640.5,807,119867
2024-01-30 11:08:00,17640.5,17643.7,17638.7,17639.8,1096,119767
2024-01-30 11:09:00,17639.8,17641.4,17637.6,17639.5,707,120086
2024-01-30 11:10:00,17639.5,17643.4,17636.5,17641.1,1830,120397
2024-01-30 11:11:00,17641.1,17641.8,17636.7,17637.4,964,120842
2024-01-30 11:12:00,17637.4,17639.1,17632.7,17634.8,1479,119208
2024-01-30 11:13:00,17634.8,17635.7,17632.3,17633.9,1396,120042
2024-01-30 11:14:00,17633.9,17634.1,17628.8,17629.3,718,119298
2024-01-30 11:15:00,17629.3,17629.5,17622.3,17624.7,957,120486
2024-01-30 11:16:00,17624.7,17627.9,17621.1,17621.2,941,119837
2024-01-30 11:17:00,17621.2,17629.8,17618.7,17626.9,1270,119404
2024-01-30 11:18:00,17626.9,17629.8,17625.5,17628.6,1436,120035
2024-01-30 11:19:00,17628.6,17635.4,17627.3,17631.8,1065,119732
2024-01-30 11:20:00,17631.8,17635.4,17630.3,17632.8,634,119695
2024-01-30 11:21:00,17632.8,17639.0,17632.5,17635.1,827,119961
2024-01-30 11:22:00,17635.1,17636.9,17632.9,17633.1,1049,120060
2024-01-30 11:23:00,17633.1,17635.5,17629.3,17629.3,876,120732
2024-01-30 11:24:00,17629.3,17632.3,17623.4,17624.4,1441,119076
2024-01-30 11:25:00,17624.4,17626.9,17620.7,17626.6,1304,120673
2024-01-30 11:26:00,17626.6,17626.9,17624.6,17626.1,1393,119768
2024-01-30 11:27:00,17626.1,17631.5,17625.9,17629.0,1130,120708
2024-01-30 11:28:00,17629.0,17631.2,17619.2,17622.6,1027,120415
2024-01-30 11:29:00,17622.6,17625.7,17620.2,17624.9,1404,119287
2024-01-30 11:30:00,17624.9,17624.9,17621.9,17622.8,1459,120940
2024-01-30 11:31:00,17622.8,17623.2,17616.1,17618.2,1258,120811
2024-01-30 11:32:00,17618.2,17621.3,17617.3,17621.1,653,120578
2024-01-30 11:33:00,17621.1,17622.0,17618.9,17620.7,1335,120170
2024-01-30 11:34:00,17620.7,17622.6,17617.9,17620.0,1575,119903
2024-01-30 11:35:00,17620.0,17627.4,17618.4,17624.1,1529,120140
2024-01-30 11:36:00,17624.1,17626.0,17620.7,17621.2,1028,119674
2024-01-30 11:37:00,17621.2,17623.4,17615.0,17618.9,1540,118805
2024-01-30 11:38:00,17618.9,17620.1,17613.6,17615.0,1260,119075
2024-01-30 11:39:00,17615.0,17623.3,17612.4,17621.6,1498,119602
2024-01-30 11:40:00,17621.6,17621.8,17616.8,17617.1,1024,121492
2024-01-30 11:41:00,17617.1,17617.7,17616.3,17617.6,793,119985
2024-01-30 11:42:00,17617.6,17620.3,17615.7,17619.9,1347,119729
2024-01-30 11:43:00,17619.9,17623.8,17618.8,17623.3,1022,119532
2024-01-30 11:44:00,17623.3,17624.0,17617.3,17621.2,1084,120122
2024-01-30 11:45:00,17621.2,17625.1,17615.5,17616.4,1146,119545
2024-01-30 11:46:00,17616.4,17617.1,17603.5,17607.8,725,119309
2024-01-30 11:47:00,17607.8,17608.6,17606.2,17606.3,940,120649
2024-01-30 11:48:00,17606.3,17607.2,17600.2,17601.9,1458,120042
2024-01-30 11:49:00,17601.9,17603.4,17601.5,17602.9,1150,119791
2024-01-30 11:50:00,17602.9,17604.2,17601.2,17601.7,1681,120029
2024-01-30 11:51:00,17601.7,17606.4,17601.6,17606.4,1192,119679
2024-01-30 11:52:00,17606.4,17607.2,17601.4,17602.8,1682,120611
2024-01-30 11:53:00,17602.8,17604.7,17599.9,17601.5,1152,121157
2024-01-30 11:54:00,17601.5,17601.9,17593.8,17595.7,1472,119316
2024-01-30 11:55:00,17595.7,17599.5,17591.9,17599.0,1324,120047
2024-01-30 11:56:00,17599.0,17601.8,17597.6,17599.5,1437,119977
2024-01-30 11:57:00,17599.5,17599.9,17594.3,17595.9,1257,119488
2024-01-30 11:58:00,17595.9,17596.4,17593.3,17595.8,1388,120088
2024-01-30 11:59:00,17595.8,17596.0,17587.1,17589.8,1096,120148
2024-01-30 12:00:00,17589.8,17591.4,17582.6,17585.6,1247,119484
2024-01-30 12:01:00,17585.6,17586.6,17583.2,17584.4,1063,119824
2024-01-30 12:02:00,17584.4,17584.9,17577.7,17579.4,1989,119488
2024-01-30 12:03:00,17579.4,17585.1,17579.1,17582.5,1234,119637
2024-01-30 12:04:00,17582.5,17585.4,17581.0,17583.7,1399,120426
2024-01-30 12:05:00,17583.7,17588.7,17583.6,17587.5,913,120612
2024-01-30 12:06:00,17587.5,17591.8,17584.2,17587.9,1096,119857
2024-01-30 12:07:00,17587.9,17598.2,17586.6,17596.6,1663,119984
2024-01-30 12:08:00,17596.6,17598.5,17595.3,17598.3,1283,120559
2024-01-30 12:09:00,17598.3,17604.8,17595.9,17603.0,821,118902
2024-01-30 12:10:00,17603.0,17604.2,17600.3,17601.3,1239,120294
2024-01-30 12:11:00,17601.3,17601.9,17597.6,17599.9,1077,119858
2024-01-30 12:12:00,17599.9,17605.4,17597.6,17605.1,1441,119577
2024-01-30 12:13:00,17605.1,17607.0,17603.4,17605.2,1135,120522
2024-01-30 12:14:00,17605.2,17608.3,17603.9,17607.8,1648,119570
2024-01-30 12:15:00,17607.8,17609.4,17597.6,17600.7,1072,119380
2024-01-30 12:16:00,17600.7,17603.8,17595.1,17597.6,1688,119357
2024-01-30 12:17:00,17597.6,17601.8,17597.5,17597.5,995,120830
2024-01-30 12:18:00,17597.5,17601.4,17597.5,17599.9,864,119973
2024-01-30 12:19:00,17599.9,17603.7,17599.1,17602.6,1116,120182
2024-01-30 12:20:00,17602.6,17603.0,17595.3,17599.3,1779,119364
2024-01-30 12:21:00,17599.3,17605.4,17598.1,17605.0,1458,120107
2024-01-30 12:22:00,17605.0,17609.5,17602.9,17609.2,1415,120388
2024-01-30 12:23:00,17609.2,17612.8,17608.6,17611.1,1210,119837
2024-01-30 12:24:00,17611.1,17614.6,17610.7,17614.3,1278,119739
2024-01-30 12:25:00,17614.3,17618.3,17613.5,17617.2,1573,119566
2024-01-30 12:26:00,17617.2,17618.9,17617.1,17618.6,1492,120126
2024-01-30 12:27:00,17618.6,17624.4,17617.1,17620.7,988,120079
2024-01-30 12:28:00,17620.7,17622.0,17618.3,17620.1,944,119944
2024-01-30 12:29:00,17620.1,17620.3,17617.7,17619.1,1283,119991
2024-01-30 12:30:00,17619.1,17630.1,17618.2,17628.6,905,120823
2024-01-30 12:31:00,17628.6,17633.5,17628.1,17631.7,1386,120147
2024-01-30 12:32:00,17631.7,17633.9,17629.4,17631.3,857,120574
2024-01-30 12:33:00,17631.3,17631.5,17627.1,17629.0,1079,119738
2024-01-30 12:34:00,17629.0,17629.7,17627.8,17629.5,1675,118865
2024-01-30 12:35:00,17629.5,17633.7,17628.1,17633.2,1591,119662
2024-01-30 12:36:00,17633.2,17635.9,17631.4,17634.3,987,118943
2024-01-30 12:37:00,17634.3,17635.5,17633.3,17635.3,1416,120049
2024-01-30 12:38:00,17635.3,17635.9,17632.8,17633.6,1194,119458
2024-01-30 12:39:00,17633.6,17637.1,17630.1,17636.3,1400,120529
2024-01-30 12:40:00,17636.3,17638.4,17634.4,17635.5,1263,119956
2024-01-30 12:41:00,17635.5,17638.1,17634.4,17636.9,1358,119700
2024-01-30 12:42:00,17636.9,17637.8,17633.3,17634.0,1153,120064
2024-01-30 12:43:00,17634.0,17637.1,17633.1,17635.5,988,119966
2024-01-30 12:44:00,17635.5,17639.6,17634.9,17637.8,1448,119736
2024-01-30 12:45:00,17637.8,17639.7,17637.3,17638.3,1066,119589
2024-01-30 12:46:00,17638.3,17642.7,17638.2,17641.9,1334,120360
2024-01-30 12:47:00,17641.9,17642.0,17636.0,17639.8,1172,119508
2024-01-30 12:48:00,17639.8,17640.0,17633.9,17636.2,1305,120170
2024-01-30 12:49:00,17636.2,17638.1,17633.4,17636.8,1547,120266
2024-01-30 12:50:00,17636.8,17642.0,17634.8,17640.0,555,119410
2024-01-30 12:51:00,17640.0,17646.0,17639.3,17644.7,1227,119657
2024-01-30 12:52:00,17644.7,17646.1,17639.2,17642.4,1209,119600
2024-01-30 12:53:00,17642.4,17643.8,17632.1,17633.6,1199,120028
2024-01-30 12:54:00,17633.6,17634.2,17630.3,17630.9,1413,119874
2024-01-30 12:55:00,17630.9,17631.1,17628.7,17630.7,1252,120828
2024-01-30 12:56:00,17630.7,17634.5,17629.4,17631.7,849,119751
2024-01-30 12:57:00,17631.7,17632.5,17630.7,17630.9,1401,118926
2024-01-30 12:58:00,17630.9,17632.4,17626.1,17629.6,1285,120556
2024-01-30 12:59:00,17629.6,17633.1,17627.7,17632.3,1150,120283
2024-01-30 13:00:00,17632.3,17634.8,17632.2,17634.7,1560,119876
2024-01-30 13:01:00,17634.7,17635.4,17629.3,17631.4,1315,119972
2024-01-30 13:02:00,17631.4,17638.5,17628.9,17634.6,1651,119953
2024-01-30 13:03:00,17634.6,17641.1,17633.7,17638.4,1618,120699
2024-01-30 13:04:00,17638.4,17647.9,17638.3,17647.5,1406,120191
2024-01-30 13:05:00,17647.5,17648.4,17642.0,17644.6,870,119758
2024-01-30 13:06:00,17644.6,17650.7,17642.2,17647.0,1097,119482
2024-01-30 13:07:00,17647.0,17650.6,17644.2,17645.4,1015,119881
2024-01-30 13:08:00,17645.4,17649.3,17644.9,17648.1,1328,119537
2024-01-30 13:09:00,17648.1,17648.4,17640.4,17645.6,1333,119634
2024-01-30 13:10:00,17645.6,17646.5,17643.9,17645.7,1397,119390
2024-01-30 13:11:00,17645.7,17652.3,17644.7,17650.7,1323,119678
2024-01-30 13:12:00,17650.7,17651.4,17644.9,17650.4,782,119489
2024-01-30 13:13:00,17650.4,17656.6,17649.9,17653.9,1495,119268
2024-01-30 13:14:00,17653.9,17657.5,17653.3,17657.0,886,120908
2024-01-30 13:15:00,17657.0,17659.7,17649.0,17654.0,1198,120290
2024-01-30 13:16:00,17654.0,17658.0,17651.9,17656.1,796,120998
2024-01-30 13:17:00,17656.1,17657.6,17655.6,17655.7,1320,120071
2024-01-30 13:18:00,17655.7,17656.3,17648.2,17650.7,1497,119901
2024-01-30 13:19:00,17650.7,17654.0,17645.2,17647.0,870,120449
2024-01-30 13:20:00,17647.0,17654.0,17645.1,17653.5,858,120077
2024-01-30 13:21:00,17653.5,17655.7,17651.4,17652.3,1625,119385
2024-01-30 13:22:00,17652.3,17657.5,17651.0,17657.1,1221,120351
2024-01-30 13:23:00,17657.1,17658.5,17652.4,17653.1,804,119599
2024-01-30 13:24:00,17653.1,17657.6,17651.8,17656.7,1360,120502
2024-01-30 13:25:00,17656.7,17661.9,17654.6,17660.7,975,120798
2024-01-30 13:26:00,17660.7,17663.4,17654.5,17658.1,1432,120520
2024-01-30 13:27:00,17658.1,17660.7,17651.6,17653.2,847,120172
2024-01-30 13:28:00,17653.2,17653.3,17643.9,17645.9,1528,119345
2024-01-30 13:29:00,17645.9,17648.6,17641.6,17648.2,1275,120112
2024-01-30 13:30:00,17648.2,17648.3,17644.8,17645.9,1666,119309
2024-01-30 13:31:00,17645.9,17652.2,17640.3,17649.8,1370,119740
2024-01-30 13:32:00,17649.8,17652.8,17643.0,17645.9,637,119749
2024-01-30 13:33:00,17645.9,17651.2,17644.3,17647.8,1704,119701
2024-01-30 13:34:00,17647.8,17652.6,17647.3,17649.5,896,119905
2024-01-30 13:35:00,17649.5,17651.7,17647.8,17650.4,1288,118972
2024-01-30 13:36:00,17650.4,17652.4,17647.9,17649.8,1348,120192
2024-01-30 13:37:00,17649.8,17653.5,17647.7,17651.0,1275,120544
2024-01-30 13:38:00,17651.0,17655.4,17649.5,17655.1,1118,121143
2024-01-30 13:39:00,17655.1,17657.5,17650.2,17654.3,1155,119646
2024-01-30 13:40:00,17654.3,17654.8,17648.9,17651.1,1055,120003
2024-01-30 13:41:00,17651.1,17651.4,17648.4,17648.9,1475,120161
2024-01-30 13:42:00,17648.9,17652.9,17644.1,17646.5,1477,120541
2024-01-30 13:43:00,17646.5,17652.2,17645.9,17651.6,950,120318
2024-01-30 13:44:00,17651.6,17654.6,17651.0,17652.8,1113,120754
2024-01-30 13:45:00,17652.8,17657.0,17652.7,17655.6,1170,120451
2024-01-31 08:45:00,17673.6,17678.6,17671.4,17678.3,1330,120444
2024-01-31 08:46:00,17678.3,17680.1,17675.9,17676.5,1442,119610
2024-01-31 08:47:00,17676.5,17677.9,17670.6,17671.1,1152,119993
2024-01-31 08:48:00,17671.1,17671.8,17666.1,17667.7,983,119879
2024-01-31 08:49:00,17667.7,17673.5,17667.0,17671.0,1379,120224
2024-01-31 08:50:00,17671.0,17671.4,17668.2,17669.7,1016,119404
2024-01-31 08:51:00,17669.7,17677.4,17667.2,17676.7,1219,120787
2024-01-31 08:52:00,17676.7,17680.2,17676.5,17678.6,866,119475
2024-01-31 08:53:00,17678.6,17687.7,17676.4,17686.9,724,120105
2024-01-31 08:54:00,17686.9,17690.3,17686.0,17689.5,1369,119865
2024-01-31 08:55:00,17689.5,17693.1,17687.8,17692.3,837,119985
2024-01-31 08:56:00,17692.3,17695.9,17689.9,17695.1,1774,120834
2024-01-31 08:57:00,17695.1,17703.8,17692.8,17702.3,814,119920
2024-01-31 08:58:00,17702.3,17706.5,17700.9,17704.0,1040,119688
2024-01-31 08:59:00,17704.0,17708.1,17703.0,17707.0,1343,120218
2024-01-31 09:00:00,17707.0,17707.9,17698.4,17699.8,505,120216
2024-01-31 09:01:00,17699.8,17700.7,17693.9,17695.7,1312,119641
2024-01-31 09:02:00,17695.7,17701.5,17695.2,17700.2,1834,120737
2024-01-31 09:03:00,17700.2,17703.3,17700.1,17702.2,803,120068
2024-01-31 09:04:00,17702.2,17702.7,17695.2,17697.4,1768,120660
2024-01-31 09:05:00,17697.4,17707.7,17697.4,17703.8,1409,119435
2024-01-31 09:06:00,17703.8,17709.2,17700.2,17707.3,844,119781
2024-01-31 09:07:00,17707.3,17709.4,17702.2,17705.4,1143,119730
2024-01-31 09:08:00,17705.4,17707.0,17696.7,17697.2,1548,119291
2024-01-31 09:09:00,17697.2,17698.6,17696.0,17697.1,710,120003
2024-01-31 09:10:00,17697.1,17698.9,17695.2,17696.0,1343,120510
2024-01-31 09:11:00,17696.0,17698.3,17692.1,17695.5,1402,120273
2024-01-31 09:12:00,17695.5,17698.7,17694.6,17697.1,1578,120575
2024-01-31 09:13:00,17697.1,17707.3,17696.2,17703.7,1175,120318
2024-01-31 09:14:00,17703.7,17705.7,17698.0,17699.5,1687,119959
2024-01-31 09:15:00,17699.5,17699.9,17698.6,17699.3,881,120251
2024-01-31 09:16:00,17699.3,17701.7,17695.5,17699.8,951,120362
2024-01-31 09:17:00,17699.8,17700.6,17690.9,17692.2,1110,119266
2024-01-31 09:18:00,17692.2,17693.5,17691.0,17693.3,637,118566
2024-01-31 09:19:00,17693.3,17695.8,17690.8,17691.7,1321,119763
2024-01-31 09:20:00,17691.7,17693.3,17691.5,17692.3,1807,120268
2024-01-31 09:21:00,17692.3,17694.5,17691.7,17693.5,1067,119570
2024-01-31 09:22:00,17693.5,17694.6,17688.1,17690.7,1406,119319
2024-01-31 09:23:00,17690.7,17695.5,17689.0,17692.7,1498,119781
2024-01-31 09:24:00,17692.7,17697.4,17691.0,17694.6,1412,120090
2024-01-31 09:25:00,17694.6,17697.1,17688.8,17692.8,1334,119822
2024-01-31 09:26:00,17692.8,17699.0,17690.9,17697.2,1038,119360
2024-01-31 09:27:00,17697.2,17700.6,17694.4,17699.0,930,119805
2024-01-31 09:28:00,17699.0,17700.2,17697.5,17698.4,920,120441
2024-01-31 09:29:00,17698.4,17705.9,17696.2,17704.0,1495,120245
2024-01-31 09:30:00,17704.0,17705.9,17697.0,17697.1,1445,120045
2024-01-31 09:31:00,17697.1,17700.5,17695.2,17697.4,1747,119815
2024-01-31 09:32:00,17697.4,17698.9,17693.3,17693.7,1441,120315
2024-01-31 09:33:00,17693.7,17696.2,17687.3,17690.8,1564,119184
2024-01-31 09:34:00,17690.8,17695.0,17690.0,17694.6,1190,119565
2024-01-31 09:35:00,17694.6,17695.2,17690.1,17691.8,1038,119599
2024-01-31 09:36:00,17691.8,17695.6,17690.7,17695.1,1490,120558
2024-01-31 09:37:00,17695.1,17701.7,17694.1,17697.1,1116,119778
2024-01-31 09:38:00,17697.1,17699.9,17690.3,17691.6,1662,120416
2024-01-31 09:39:00,17691.6,17696.7,17690.8,17693.8,413,119227
2024-01-31 09:40:00,17693.8,17696.3,17693.2,17696.0,1418,119404
2024-01-31 09:41:00,17696.0,17696.6,17689.5,17689.9,1235,120249
2024-01-31 09:42:00,17689.9,17694.0,17687.4,17692.7,944,120278
2024-01-31 09:43:00,17692.7,17693.4,17689.7,17691.1,1289,119922
2024-01-31 09:44:00,17691.1,17699.1,17687.9,17696.2,827,119057
2024-01-31 09:45:00,17696.2,17702.1,17696.1,17701.3,1323,120869
2024-01-31 09:46:00,17701.3,17703.3,17701.3,17703.2,1869,120018
2024-01-31 09:47:00,17703.2,17703.3,17698.5,17700.6,1469,119128
2024-01-31 09:48:00,17700.6,17700.6,17699.3,17699.7,887,119916
2024-01-31 09:49:00,17699.7,17701.7,17692.5,17694.7,986,119668
2024-01-31 09:50:00,17694.7,17698.0,17688.0,17689.8,1433,119839
2024-01-31 09:51:00,17689.8,17694.0,17688.8,17690.0,1529,119567
2024-01-31 09:52:00,17690.0,17691.1,17689.2,17690.6,1147,119800
2024-01-31 09:53:00,17690.6,17699.6,17690.2,17695.8,1104,119018
2024-01-31 09:54:00,17695.8,17696.4,17693.5,17694.9,790,120021
2024-01-31 09:55:00,17694.9,17699.3,17689.1,17689.3,1229,120544
2024-01-31 09:56:00,17689.3,17692.8,17688.6,17692.5,1552,120402
2024-01-31 09:57:00,17692.5,17694.7,17684.5,17690.0,1129,119812
2024-01-31 09:58:00,17690.0,17701.8,17687.1,17695.5,1492,120017
2024-01-31 09:59:00,17695.5,17697.0,17689.1,17689.9,1451,120584
2024-01-31 10:00:00,17689.9,17695.0,17689.3,17693.4,955,120178
2024-01-31 10:01:00,17693.4,17697.7,17690.7,17696.6,1585,120820
2024-01-31 10:02:00,17696.6,17697.3,17689.0,17693.1,1383,119988
2024-01-31 10:03:00,17693.1,17694.9,17688.4,17692.1,901,120886
2024-01-31 10:04:00,17692.1,17693.9,17689.4,17692.5,1246,119831
2024-01-31 10:05:00,17692.5,17694.3,17690.8,17691.9,1129,119847
2024-01-31 10:06:00,17691.9,17694.5,17691.9,17693.9,1770,119913
2024-01-31 10:07:00,17693.9,17696.1,17685.4,17690.7,1324,119999
2024-01-31 10:08:00,17690.7,17690.7,17686.1,17690.3,1058,120528
2024-01-31 10:09:00,17690.3,17691.8,17685.4,17687.7,1379,119512
2024-01-31 10:10:00,17687.7,17690.6,17684.6,17688.5,1286,119264
2024-01-31 10:11:00,17688.5,17691.9,17683.8,17691.5,1550,118979
2024-01-31 10:12:00,17691.5,17693.7,17687.4,17688.5,959,119974
2024-01-31 10:13:00,17688.5,17690.5,17681.9,17685.7,1064,119775
2024-01-31 10:14:00,17685.7,17691.6,17685.5,17687.9,1373,119912
2024-01-31 10:15:00,17687.9,17689.8,17685.4,17689.1,1419,120737
2024-01-31 10:16:00,17689.1,17695.7,17688.3,17693.6,1236,119518
2024-01-31 10:17:00,17693.6,17695.2,17688.7,17691.2,1838,119871
2024-01-31 10:18:00,17691.2,17692.1,17686.4,17688.0,1622,120422
2024-01-31 10:19:00,17688.0,17688.8,17686.8,17686.9,1349,121032
2024-01-31 10:20:00,17686.9,17689.1,17686.8,17688.5,1612,119714
2024-01-31 10:21:00,17688.5,17689.0,17679.9,17682.1,1382,119965
2024-01-31 10:22:00,17682.1,17686.1,17679.7,17680.3,1136,119580
2024-01-31 10:23:00,17680.3,17680.8,17676.4,17677.0,1790,120342
2024-01-31 10:24:00,17677.0,17677.4,17671.7,17672.2,806,119399
2024-01-31 10:25:00,17672.2,17679.2,17669.2,17677.7,1457,119647
2024-01-31 10:26:00,17677.7,17684.7,17676.6,17681.9,1376,119993
2024-01-31 10:27:00,17681.9,17684.9,17671.8,17673.4,747,120011
2024-01-31 10:28:00,17673.4,17676.8,17672.6,17676.1,1128,120235
2024-01-31 10:29:00,17676.1,17678.5,17675.7,17676.0,636,120774
2024-01-31 10:30:00,17676.0,17680.2,17675.6,17679.5,779,119662
2024-01-31 10:31:00,17679.5,17679.7,17677.7,17678.2,1444,119432
2024-01-31 10:32:00,17678.2,17678.2,17677.0,17677.5,1057,120756
2024-01-31 10:33:00,17677.5,17679.4,17671.8,17675.8,1543,120427
2024-01-31 10:34:00,17675.8,17678.8,17673.1,17674.0,1319,120579
2024-01-31 10:35:00,17674.0,17675.9,17673.9,17675.2,1075,119578
2024-01-31 10:36:00,17675.2,17676.4,17668.1,17669.3,1772,119865
2024-01-31 10:37:00,17669.3,17678.4,17668.7,17674.0,1742,120049
2024-01-31 10:38:00,17674.0,17677.1,17672.2,17676.8,951,119970
2024-01-31 10:39:00,17676.8,17682.8,17675.8,17682.4,1573,120127
2024-01-31 10:40:00,17682.4,17689.4,17681.8,17686.7,1589,120645
2024-01-31 10:41:00,17686.7,17689.5,17686.1,17688.7,1160,120386
2024-01-31 10:42:00,17688.7,17691.3,17686.4,17688.6,1655,120111
2024-01-31 10:43:00,17688.6,17689.0,17675.0,17676.0,1385,121261
2024-01-31 10:44:00,17676.0,17677.8,17669.4,17669.8,1151,120419
2024-01-31 10:45:00,17669.8,17672.2,17666.7,17671.6,1427,119357
2024-01-31 10:46:00,17671.6,17676.8,17668.6,17672.0,1140,120773
2024-01-31 10:47:00,17672.0,17674.3,17668.3,17668.4,1032,120182
2024-01-31 10:48:00,17668.4,17673.1,17667.6,17672.2,1326,120169
2024-01-31 10:49:00,17672.2,17676.8,17664.9,17667.5,1355,120544
2024-01-31 10:50:00,17667.5,17668.4,17665.8,17666.2,1636,120459
2024-01-31 10:51:00,17666.2,17668.5,17665.3,17667.0,1279,119487
2024-01-31 10:52:00,17667.0,17667.2,17658.3,17660.4,880,120167
2024-01-31 10:53:00,17660.4,17662.3,17656.6,17658.2,1161,119459
2024-01-31 10:54:00,17658.2,17663.8,17657.6,17663.3,823,120679
2024-01-31 10:55:00,17663.3,17665.0,17661.5,17664.5,1038,120042
2024-01-31 10:56:00,17664.5,17665.6,17660.3,17663.4,1085,119569
2024-01-31 10:57:00,17663.4,17665.1,17659.9,17662.6,1930,120220
2024-01-31 10:58:00,17662.6,17667.2,17662.3,17664.8,905,119290
2024-01-31 10:59:00,17664.8,17666.7,17664.4,17666.5,993,120321
2024-01-31 11:00:00,17666.5,17674.3,17661.0,17670.8,1343,119910
2024-01-31 11:01:00,17670.8,17672.5,17661.0,17661.8,876,120187
2024-01-31 11:02:00,17661.8,17666.7,17660.1,17663.9,1673,119737
2024-01-31 11:03:00,17663.9,17666.8,17662.2,17666.5,1197,120826
2024-01-31 11:04:00,17666.5,17673.0,17663.8,17672.2,1069,119757
2024-01-31 11:05:00,17672.2,17673.0,17666.5,17668.8,507,119785
2024-01-31 11:06:00,17668.8,17670.9,17660.0,17662.7,795,120888
2024-01-31 11:07:00,17662.7,17673.3,17659.9,17669.8,1279,119449
2024-01-31 11:08:00,17669.8,17675.4,17669.4,17673.1,1271,120016
2024-01-31 11:09:00,17673.1,17673.1,17669.3,17670.1,1431,120218
2024-01-31 11:10:00,17670.1,17671.8,17664.1,17665.7,1558,119628
2024-01-31 11:11:00,17665.7,17666.6,17654.1,17658.8,1756,120110
2024-01-31 11:12:00,17658.8,17660.7,17655.0,17657.4,1337,119982
2024-01-31 11:13:00,17657.4,17661.2,17657.1,17660.2,1153,120898
2024-01-31 11:14:00,17660.2,17661.5,17660.0,17661.4,1677,119757
2024-01-31 11:15:00,17661.4,17662.7,17661.3,17661.7,792,120199
2024-01-31 11:16:00,17661.7,17663.1,17661.1,17661.9,1321,119908
2024-01-31 11:17:00,17661.9,17664.9,17661.5,17664.8,1309,120428
2024-01-31 11:18:00,17664.8,17666.3,17656.1,17662.2,1124,120516
2024-01-31 11:19:00,17662.2,17662.3,17654.9,17658.6,1083,119243
2024-01-31 11:20:00,17658.6,17659.1,17657.4,17657.8,1094,120895
2024-01-31 11:21:00,17657.8,17660.3,17656.1,17657.1,1259,118837
2024-01-31 11:22:00,17657.1,17657.8,17654.0,17654.7,1150,119601
2024-01-31 11:23:00,17654.7,17656.2,17654.5,17655.2,1479,119870
2024-01-31 11:24:00,17655.2,17659.5,17653.8,17658.3,1268,120014
2024-01-31 11:25:00,17658.3,17667.4,17656.9,17664.7,1354,119793
2024-01-31 11:26:00,17664.7,17666.4,17664.2,17665.2,1391,120069
2024-01-31 11:27:00,17665.2,17665.3,17662.6,17664.1,1313,119603
2024-01-31 11:28:00,17664.1,17665.3,17661.1,17663.9,949,119882
2024-01-31 11:29:00,17663.9,17666.0,17659.0,17664.0,1222,119681
2024-01-31 11:30:00,17664.0,17665.7,17663.3,17665.0,1159,120662
2024-01-31 11:31:00,17665.0,17669.7,17662.2,17669.6,1731,120622
2024-01-31 11:32:00,17669.6,17675.3,17669.3,17673.6,1307,120653
2024-01-31 11:33:00,17673.6,17677.9,17672.5,17677.1,1360,119538
2024-01-31 11:34:00,17677.1,17678.6,17676.3,17678.0,1090,119682
2024-01-31 11:35:00,17678.0,17680.6,17673.8,17675.1,1770,119724
2024-01-31 11:36:00,17675.1,17676.1,17673.4,17673.5,1461,120039
2024-01-31 11:37:00,17673.5,17674.0,17671.0,17671.8,1124,119317
2024-01-31 11:38:00,17671.8,17674.0,17666.6,17667.8,1753,119335
2024-01-31 11:39:00,17667.8,17674.4,17666.9,17670.6,1201,120301
2024-01-31 11:40:00,17670.6,17678.3,17668.4,17671.6,2029,119787
2024-01-31 11:41:00,17671.6,17673.9,17670.1,17672.6,1067,119916
2024-01-31 11:42:00,17672.6,17675.0,17664.8,17667.7,645,120133
2024-01-31 11:43:00,17667.7,17670.7,17665.3,17669.8,832,119483
2024-01-31 11:44:00,17669.8,17670.0,17661.3,17664.4,1145,119294
2024-01-31 11:45:00,17664.4,17665.6,17657.1,17659.3,947,120978
2024-01-31 11:46:00,17659.3,17659.3,17655.2,17658.2,1308,120647
2024-01-31 11:47:00,17658.2,17663.9,17655.9,17661.0,1401,119558
2024-01-31 11:48:00,17661.0,17666.2,17659.4,17662.6,1151,119851
2024-01-31 11:49:00,17662.6,17670.2,17662.4,17667.9,1155,121069
2024-01-31 11:50:00,17667.9,17668.5,17664.9,17665.4,1258,119186
2024-01-31 11:51:00,17665.4,17668.4,17665.3,17668.2,744,119576
2024-01-31 11:52:00,17668.2,17672.2,17667.2,17671.3,1255,119971
2024-01-31 11:53:00,17671.3,17672.5,17664.0,17667.4,897,120013
2024-01-31 11:54:00,17667.4,17672.4,17663.4,17668.8,1051,120482
2024-01-31 11:55:00,17668.8,17670.7,17663.2,17665.0,1340,120081
2024-01-31 11:56:00,17665.0,17665.8,17664.0,17665.4,1536,120171
2024-01-31 11:57:00,17665.4,17666.1,17660.4,17662.4,1567,120293
2024-01-31 11:58:00,17662.4,17665.2,17650.5,17652.7,863,120446
2024-01-31 11:59:00,17652.7,17656.6,17652.2,17656.6,1022,119804
2024-01-31 12:00:00,17656.6,17662.2,17655.8,17660.0,1212,119668
2024-01-31 12:01:00,17660.0,17661.7,17656.8,17660.3,1358,120472
2024-01-31 12:02:00,17660.3,17661.5,17657.5,17658.8,882,119675
2024-01-31 12:03:00,17658.8,17660.4,17655.7,17657.5,585,119763
2024-01-31 12:04:00,17657.5,17661.9,17656.4,17661.1,1222,120469
2024-01-31 12:05:00,17661.1,17661.6,17657.1,17659.4,1629,119653
2024-01-31 12:06:00,17659.4,17661.2,17658.1,17658.9,910,119995
2024-01-31 12:07:00,17658.9,17661.6,17652.9,17655.6,1234,118984
2024-01-31 12:08:00,17655.6,17661.1,17655.3,17658.2,954,120531
2024-01-31 12:09:00,17658.2,17660.6,17651.7,17654.5,1167,120088
2024-01-31 12:10:00,17654.5,17659.2,17653.0,17655.4,1198,120342
2024-01-31 12:11:00,17655.4,17657.7,17654.9,17655.7,1220,119772
2024-01-31 12:12:00,17655.7,17657.2,17651.4,17652.8,1182,120727
2024-01-31 12:13:00,17652.8,17655.4,17652.6,17653.8,1540,119789
2024-01-31 12:14:00,17653.8,17654.4,17651.4,17652.8,1229,120224
2024-01-31 12:15:00,17652.8,17653.9,17652.8,17653.7,1697,120760
2024-01-31 12:16:00,17653.7,17659.8,17652.5,17657.4,1590,119556
2024-01-31 12:17:00,17657.4,17658.4,17651.6,17653.2,1486,118882
2024-01-31 12:18:00,17653.2,17662.3,17648.8,17661.6,1545,119497
2024-01-31 12:19:00,17661.6,17663.7,17660.2,17663.5,1415,120750
2024-01-31 12:20:00,17663.5,17668.0,17660.8,17664.7,419,119218
2024-01-31 12:21:00,17664.7,17667.7,17663.1,17666.2,1699,119843
2024-01-31 12:22:00,17666.2,17669.4,17661.8,17666.8,1663,120056
2024-01-31 12:23:00,17666.8,17668.9,17665.2,17667.2,1304,119812
2024-01-31 12:24:00,17667.2,17671.5,17667.1,17668.9,2313,118760
2024-01-31 12:25:00,17668.9,17672.1,17666.2,17667.7,1974,119794
2024-01-31 12:26:00,17667.7,17671.1,17659.8,17663.7,1569,119759
2024-01-31 12:27:00,17663.7,17665.2,17663.5,17664.0,943,119763
2024-01-31 12:28:00,17664.0,17668.4,17660.4,17667.5,1403,120162
2024-01-31 12:29:00,17667.5,17670.3,17664.8,17667.4,728,120200
2024-01-31 12:30:00,17667.4,17669.3,17665.9,17668.8,1549,120425
2024-01-31 12:31:00,17668.8,17679.8,17667.6,17676.7,1202,119982
2024-01-31 12:32:00,17676.7,17678.9,17675.6,17678.8,884,120682
2024-01-31 12:33:00,17678.8,17680.2,17676.0,17678.7,994,119917
2024-01-31 12:34:00,17678.7,17678.7,17677.6,17678.7,1361,120718
2024-01-31 12:35:00,17678.7,17683.6,17678.1,17679.6,1443,119912
2024-01-31 12:36:00,17679.6,17681.2,17674.3,17674.5,1485,119409
2024-01-31 12:37:00,17674.5,17675.4,17669.8,17671.7,1513,120086
2024-01-31 12:38:00,17671.7,17675.2,17669.1,17674.4,941,119430
2024-01-31 12:39:00,17674.4,17675.4,17670.2,17670.5,960,120677
2024-01-31 12:40:00,17670.5,17672.8,17665.8,17672.6,1360,119831
2024-01-31 12:41:00,17672.6,17672.7,17672.3,17672.4,739,119275
2024-01-31 12:42:00,17672.4,17672.5,17668.7,17671.9,1162,120254
2024-01-31 12:43:00,17671.9,17675.7,17671.5,17673.6,1077,119628
2024-01-31 12:44:00,17673.6,17675.5,17670.7,17671.1,1039,119813
2024-01-31 12:45:00,17671.1,17673.8,17668.0,17668.2,1179,119897
2024-01-31 12:46:00,17668.2,17669.6,17665.7,17666.7,1016,120405
2024-01-31 12:47:00,17666.7,17668.9,17662.6,17664.7,1430,120225
2024-01-31 12:48:00,17664.7,17665.5,17660.8,17661.8,1261,120028
2024-01-31 12:49:00,17661.8,17663.7,17655.0,17659.9,1357,120627
2024-01-31 12:50:00,17659.9,17662.0,17655.2,17660.2,1512,119970
2024-01-31 12:51:00,17660.2,17667.0,17657.7,17663.8,1286,120327
2024-01-31 12:52:00,17663.8,17667.6,17659.0,17661.8,794,120686
2024-01-31 12:53:00,17661.8,17668.4,17660.3,17665.6,1547,119643
2024-01-31 12:54:00,17665.6,17669.7,17663.5,17669.3,1063,120373
2024-01-31 12:55:00,17669.3,17673.0,17666.5,17666.7,1890,119581
2024-01-31 12:56:00,17666.7,17671.6,17664.1,17670.8,1437,120204
2024-01-31 12:57:00,17670.8,17673.7,17668.2,17670.4,903,120277
2024-01-31 12:58:00,17670.4,17673.5,17668.6,17673.3,1477,120057
2024-01-31 12:59:00,17673.3,17682.0,17672.3,17677.9,1370,120553
2024-01-31 13:00:00,17677.9,17680.2,17674.2,17679.7,1020,120634
2024-01-31 13:01:00,17679.7,17685.2,17677.4,17683.4,1132,119961
2024-01-31 13:02:00,17683.4,17694.7,17681.2,17691.2,1272,120536
2024-01-31 13:03:00,17691.2,17692.1,17689.0,17691.5,1047,119736
2024-01-31 13:04:00,17691.5,17696.3,17689.6,17695.3,1398,118722
2024-01-31 13:05:00,17695.3,17698.8,17687.9,17690.4,1361,120123
2024-01-31 13:06:00,17690.4,17697.0,17687.5,17696.4,1188,120279
2024-01-31 13:07:00,17696.4,17701.3,17694.2,17695.7,1324,119753
2024-01-31 13:08:00,17695.7,17698.9,17684.9,17690.9,1244,120214
2024-01-31 13:09:00,17690.9,17696.5,17690.3,17693.1,956,120155
2024-01-31 13:10:00,17693.1,17694.7,17686.5,17687.6,1445,119912
2024-01-31 13:11:00,17687.6,17687.9,17683.5,17685.5,1673,120027
2024-01-31 13:12:00,17685.5,17685.5,17682.3,17685.4,818,120129
2024-01-31 13:13:00,17685.4,17685.8,17682.7,17683.2,1371,119964
2024-01-31 13:14:00,17683.2,17686.4,17680.8,17685.4,563,120222
2024-01-31 13:15:00,17685.4,17686.0,17681.4,17682.2,981,119947
2024-01-31 13:16:00,17682.2,17685.4,17680.1,17684.8,1040,120634
2024-01-31 13:17:00,17684.8,17686.0,17675.9,17679.3,1647,120101
2024-01-31 13:18:00,17679.3,17680.5,17674.6,17680.4,1305,120327
2024-01-31 13:19:00,17680.4,17682.3,17676.3,17682.0,1395,120031
2024-01-31 13:20:00,17682.0,17684.6,17680.8,17681.2,862,121052
2024-01-31 13:21:00,17681.2,17681.6,17678.9,17680.8,892,120280
2024-01-31 13:22:00,17680.8,17683.8,17674.6,17676.4,1540,119842
2024-01-31 13:23:00,17676.4,17679.5,17669.7,17672.8,1666,119507
2024-01-31 13:24:00,17672.8,17678.4,17672.7,17674.8,1070,119583
2024-01-31 13:25:00,17674.8,17680.0,17673.8,17677.8,1206,120602
2024-01-31 13:26:00,17677.8,17677.8,17675.3,17676.5,1612,120519
2024-01-31 13:27:00,17676.5,17676.5,17669.9,17673.2,1019,119640
2024-01-31 13:28:00,17673.2,17675.5,17673.0,17674.3,1690,120257
2024-01-31 13:29:00,17674.3,17675.7,17672.9,17675.3,1688,119306
2024-01-31 13:30:00,17675.3,17675.9,17667.8,17668.7,1224,119898
2024-01-31 13:31:00,17668.7,17672.3,17667.5,17668.4,1489,121284
2024-01-31 13:32:00,17668.4,17668.6,17667.2,17668.1,584,119953
2024-01-31 13:33:00,17668.1,17678.2,17666.0,17674.2,1016,120050
2024-01-31 13:34:00,17674.2,17676.9,17674.0,17675.5,966,119833
2024-01-31 13:35:00,17675.5,17676.1,17670.2,17672.2,1115,119807
2024-01-31 13:36:00,17672.2,17674.1,17670.9,17673.6,848,119500
2024-01-31 13:37:00,17673.6,17680.8,17673.4,17677.3,1137,119525
2024-01-31 13:38:00,17677.3,17684.8,17676.0,17680.5,862,119255
2024-01-31 13:39:00,17680.5,17687.1,17680.3,17685.1,1156,119901
2024-01-31 13:40:00,17685.1,17685.1,17677.8,17679.4,1659,119630
2024-01-31 13:41:00,17679.4,17682.7,17674.7,17677.8,1557,120204
2024-01-31 13:42:00,17677.8,17680.6,17674.3,17676.7,1255,119508
2024-01-31 13:43:00,17676.7,17678.9,17674.4,17674.4,1226,120382
2024-01-31 13:44:00,17674.4,17678.1,17673.4,17676.3,948,119816
2024-01-31 13:45:00,17676.3,17678.4,17671.2,17672.9,788,119802
